{"#comment": "AE-IZM-II: Camel Connection | ELM: Ver-10.2-Pre1 [RFL v1.2]",
"#zombies": "idiot",
"objects": [{
    "objclass": "LevelDefinition",
    "objdata": {
    "StartingSun": 0,
    "Description": "{PLAYER}'s teaching zombie lessons!",
    "FirstRewardParam": "moneybag",
    "LevelPowerupSet": "LevelPowerupsDisabled",
    "SuppressPlantfoodPurchase": true,
    "SuppressSunSpawn": true,
    "NormalPresentTable": "egypt_normal_01",
    "ShinyPresentTable": "egypt_shiny_01",
    "Loot": "RTID(DefaultLoot@LevelModules)",
    "ResourceGroupNames": [
        "DelayLoad_Background_Beach",
        "DelayLoad_Background_Beach_Compressed",
        "Tombstone_Dark_Special",
        "Tombstone_Dark_Effects",
        "GridItemZombiePotion",
        "GridItemZombiePotionAudio",
        "Tombstone_Dark_Plantfood"
    ],
    "Modules": [
        "RTID(OffScreenZombiesCoinOverride@LevelModules)",
        "RTID(StandardIntro@LevelModules)",
        "RTID(IPP@CurrentLevel)",
        "RTID(Rails@CurrentLevel)",
        "RTID(BowlingLine@CurrentLevel)",
        "RTID(Escalation@CurrentLevel)",
        "RTID(NewWaves@CurrentLevel)",
        "RTID(BowlingLine@CurrentLevel)",
        "RTID(IZombieWinCondition@CurrentLevel)",
        "RTID(Brain@CurrentLevel)",
        "RTID(ChallengeModule@CurrentLevel)",
        "RTID(ZombiesDeadWinCon@LevelModules)"
    ],
    "Name": "AE-IZM-II: Camel Federation",
    "StageModule": "RTID(EgyptStage@LevelModules)",
    "MusicType": "MiniGame_C"
}},
{"aliases":["BowlingLine"],
"objclass": "BowlingMinigameProperties",
"objdata": { "BowlingFoulLine": 4 }
},
{"aliases":["BeatTheLevel"],
"objclass": "StarChallengeBeatTheLevelProps",
"objdata": {
    "Description": "Survive without the shovel",
    "DescriptiveName": "Custom Objective"
}},
{"aliases":["GI"],
"objclass":"InitialGridItemProperties",
"objdata":{
    "InitialGridItemPlacements": [
        {"GridX": 6, "GridY": 2, "TypeName":"railcart_cowboy"}
    ]
}},
{"aliases":["IPP"],
"objclass": "InitialPlantProperties",
"objdata": {
    "InitialPlantPlacements": [
        {"GridX": 0, "GridY": 0, "Level": -1, "TypeName":"iceburg"},
        {"GridX": 1, "GridY": 0, "Level": -1, "TypeName":"cabbagepult"},
        {"GridX": 2, "GridY": 0, "Level": -1, "TypeName":"cabbagepult"},
        {"GridX": 3, "GridY": 0, "Level": -1, "TypeName":"potatomine"},
        {"GridX": 0, "GridY": 1, "Level": -1, "TypeName":"sunflower"},
        {"GridX": 1, "GridY": 1, "Level": -1, "TypeName":"peashooter"},
        {"GridX": 2, "GridY": 1, "Level": -1, "TypeName":"iceburg"},
        {"GridX": 3, "GridY": 1, "Level": -1, "TypeName":"bloomerang"},
        {"GridX": 0, "GridY": 2, "Level": -1, "TypeName":"bloomerang"},
        {"GridX": 1, "GridY": 2, "Level": -1, "TypeName":"cabbagepult"},
        {"GridX": 2, "GridY": 2, "Level": -1, "TypeName":"iceburg"},
        {"GridX": 3, "GridY": 2, "Level": -1, "TypeName":"iceburg"},
        {"GridX": 0, "GridY": 4, "Level": -1, "TypeName":"sunflower"},
        {"GridX": 1, "GridY": 4, "Level": -1, "TypeName":"peashooter"},
        {"GridX": 2, "GridY": 4, "Level": -1, "TypeName":"bloomerang"},
        {"GridX": 3, "GridY": 4, "Level": -1, "TypeName":"sunflower"},
        {"GridX": 0, "GridY": 3, "Level": -1, "TypeName":"sunflower"},
        {"GridX": 1, "GridY": 3, "Level": -1, "TypeName":"sunflower"},
        {"GridX": 2, "GridY": 3, "Level": -1, "TypeName":"sunflower"},
        {"GridX": 3, "GridY": 3, "Level": -1, "TypeName":"bloomerang"}
    ]
}},
{"aliases": ["Rails"],
"objclass": "RailcartProperties",
"objdata": {
    "RailcartType": "railcart_egypt",
        "Railcarts": [
            {"Column": 5, "Row": 2}
        ],
        "Rails": [
            {"Column": 5, "RowEnd": 0, "RowStart": 0},
            {"Column": 5, "RowEnd": 1, "RowStart": 1},
            {"Column": 5, "RowEnd": 2, "RowStart": 2},
            {"Column": 5, "RowEnd": 3, "RowStart": 3},
            {"Column": 5, "RowEnd": 4, "RowStart": 4}
        ]
}},
{"aliases": ["Escalation"],
"objclass": "LevelEscalationModuleProperties",
"objdata": {
    "FlagCount": 0,
    "WavesPerFlag": 100,
    "PlantfoodToSpawnCount": 0,
    "StartingPoints": 0,
    "PointIncrementPerWave": 0,
    "WaveManagerProps": "RTID(WaveManager@CurrentLevel)",
    "ZombiePool": [

    ]
}},
{"aliases": ["NewWaves"],
"objclass": "WaveManagerModuleProperties",
"objdata": {}
},
{"aliases": ["WaveManager"],
"objclass": "WaveManagerProperties",
"objdata": {
    "FlagWaveInterval": 100,
    "WaveCount": 50,
    "SuppressFlagZombie": true,
    "MinNextWaveHealthPercentage": 0,
    "MaxNextWaveHealthPercentage": 0,
    "ZombieCountdownHugeWaveDelay": 0,
    "Waves": [
        ["RTID(ShowInStreet@.)", "RTID(A1@.)"],
        ["RTID(A2@.)"],
        ["RTID(A3@.)"],
        ["RTID(A4@.)"],
        ["RTID(Wave5@.)", "RTID(ZZZ@.)"],
        ["RTID(B@.)"],
        ["RTID(B1@.)"],
        ["RTID(B2@.)"],
        ["RTID(B3@.)"],
        ["RTID(Wave10@.)", "RTID(BBB@.)"],
        ["RTID(C@.)"],
        ["RTID(C1@.)"],
        ["RTID(C2@.)"],
        ["RTID(C3@.)"],
        ["RTID(Wave15@.)", "RTID(VVV@.)", "RTID(VVV1@.)"],
        ["RTID(D@.)"],
        ["RTID(D1@.)"],
        ["RTID(D2@.)"],
        ["RTID(D3@.)"],
        ["RTID(Wave20@.)", "RTID(GGJ@.)"],
        ["RTID(E@.)"],
        ["RTID(E1@.)"],
        ["RTID(E2@.)"],
        ["RTID(E3@.)"],
        ["RTID(Wave25@.)", "RTID(ZZZ@.)", "RTID(VVVV@.)"],
        ["RTID(F@.)"],
        ["RTID(F1@.)"],
        ["RTID(F2@.)"],
        ["RTID(F3@.)"],
        ["RTID(Wave30@.)", "RTID(GGJJ@.)", "RTID(VVVC@.)"],
        ["RTID(G@.)"],
        ["RTID(G1@.)"],
        ["RTID(G2@.)"],
        ["RTID(G3@.)"],
        ["RTID(Wave35@.)", "RTID(UUU@.)"],
        ["RTID(H@.)"],
        ["RTID(H1@.)"],
        ["RTID(H2@.)"],
        ["RTID(H3@.)"],
        ["RTID(Wave40@.)", "RTID(OOO@.)", "RTID(OOOO@.)", "RTID(OOOOO@.)", "RTID(OOOOOO@.)"]
    ]
}},
{"aliases":["Wave5"],
"objclass": "SpawnZombiesJitteredWaveActionProps",
"objdata":{
    "AdditionalPlantfood": 0,
    "Zombies": [
        {"Row": "3", "Type": "RTID(idiot@ZombieTypes)"}
    ]
}},

{"aliases":["Wave10"],
"objclass": "SpawnZombiesJitteredWaveActionProps",
"objdata":{
    "AdditionalPlantfood": 0,
    "Zombies": [
        {"Row": "3", "Type": "RTID(idiot@ZombieTypes)"}
    ]
}},

{"aliases":["Wave15"],
"objclass": "SpawnZombiesJitteredWaveActionProps",
"objdata":{
    "AdditionalPlantfood": 0,
    "Zombies": [
        {"Row": "3", "Type": "RTID(idiot@ZombieTypes)"}
    ]
}},

{"aliases":["Wave20"],
"objclass": "SpawnZombiesJitteredWaveActionProps",
"objdata":{
    "AdditionalPlantfood": 0,
    "Zombies": [
        {"Row": "3", "Type": "RTID(idiot@ZombieTypes)"}
    ]
}},

{"aliases":["Wave25"],
"objclass": "SpawnZombiesJitteredWaveActionProps",
"objdata":{
    "AdditionalPlantfood": 0,
    "Zombies": [
        {"Row": "3", "Type": "RTID(idiot@ZombieTypes)"}
    ]
}},

{"aliases":["Wave30"],
"objclass": "SpawnZombiesJitteredWaveActionProps",
"objdata":{
    "AdditionalPlantfood": 0,
    "Zombies": [
        {"Row": "3", "Type": "RTID(idiot@ZombieTypes)"}
    ]
}},

{"aliases":["Wave35"],
"objclass": "SpawnZombiesJitteredWaveActionProps",
"objdata":{
    "AdditionalPlantfood": 0,
    "Zombies": [
        {"Row": "3", "Type": "RTID(idiot@ZombieTypes)"}
    ]
}},

{"aliases":["Wave40"],
"objclass": "SpawnZombiesJitteredWaveActionProps",
"objdata":{
    "AdditionalPlantfood": 0,
    "Zombies": [
        {"Row": "3", "Type": "RTID(idiot@ZombieTypes)"}
    ]
}},

{"aliases":["Wave45"],
"objclass": "SpawnZombiesJitteredWaveActionProps",
"objdata":{
    "AdditionalPlantfood": 0,
    "Zombies": [
        {"Row": "3", "Type": "RTID(idiot@ZombieTypes)"}
    ]
}},

{"aliases":["Wave50"],
"objclass": "SpawnZombiesJitteredWaveActionProps",
"objdata":{
    "AdditionalPlantfood": 0,
    "Zombies": [
        {"Row": "3", "Type": "RTID(idiot@ZombieTypes)"}
    ]
}},
{"aliases":["ShowInStreet"],
"objclass": "SpawnZombiesFromGridItemSpawnerProps",
"objdata": {
    "WaveStartMessage": "",
    "ZombieSpawnWaitTime": 0,
    "SuppressActionIfNoGridItemsFound": false,
    "AdditionalPlantfood": "0",
    "GridTypes": [
        
    ],
    "Zombies": [
        {"Type":"RTID(camel_onehump@ZombieTypes)"}
    ]
}},
{"aliases":["A1"],
"objclass": "ParachuteRainZombieSpawnerProps",
"objdata": {
    "ColumnStart": 5,
    "ColumnEnd": 7,
    "GroupSize": 1,
    "TimeBetweenGroups": "0.2",
    "ZombieFallTime": "1.5",
    "SpiderZombieName": "lostcity_lostpilot",
    "SpiderCount": 0,
    "WaveStartMessage": "Basic"
}},{"aliases":["A2"],
"objclass": "ParachuteRainZombieSpawnerProps",
"objdata": {
    "ColumnStart": 5,
    "ColumnEnd": 7,
    "GroupSize": 1,
    "TimeBetweenGroups": "0.2",
    "ZombieFallTime": "1.5",
    "SpiderZombieName": "lostcity_lostpilot",
    "SpiderCount": 0,
    "WaveStartMessage": "3\nBasic"
}},{"aliases":["A3"],
"objclass": "ParachuteRainZombieSpawnerProps",
"objdata": {
    "ColumnStart": 5,
    "ColumnEnd": 7,
    "GroupSize": 1,
    "TimeBetweenGroups": "0.2",
    "ZombieFallTime": "1.5",
    "SpiderZombieName": "lostcity_lostpilot",
    "SpiderCount": 0,
    "WaveStartMessage": "2\nBasic"
}},{"aliases":["A4"],
"objclass": "ParachuteRainZombieSpawnerProps",
"objdata": {
    "ColumnStart": 5,
    "ColumnEnd": 7,
    "GroupSize": 1,
    "TimeBetweenGroups": "0.2",
    "ZombieFallTime": "1.5",
    "SpiderZombieName": "lostcity_lostpilot",
    "SpiderCount": 0,
    "WaveStartMessage": "1\nBasic"
}},{"aliases":["ZZZ"],
"objclass": "SpawnZombiesFromGridItemSpawnerProps",
"objdata": {
    "WaveStartMessage": "Necromancy!",
    "ZombieSpawnWaitTime": 0,
    "SuppressActionIfNoGridItemsFound": false,
    "AdditionalPlantfood": "0",
    "GridTypes": [
        "RTID(railcart_egypt@GridItemTypes)"
    ],
    "Zombies": [
        {"Type":"RTID(mummy@ZombieTypes)"}
    ]
}},
{"aliases":["B"],
"objclass": "ParachuteRainZombieSpawnerProps",
"objdata": {
    "ColumnStart": 5,
    "ColumnEnd": 7,
    "GroupSize": 1,
    "TimeBetweenGroups": "0.2",
    "ZombieFallTime": "1.5",
    "SpiderZombieName": "lostcity_lostpilot",
    "SpiderCount": 0,
    "WaveStartMessage": "Conehead"
}},{"aliases":["B1"],
"objclass": "ParachuteRainZombieSpawnerProps",
"objdata": {
    "ColumnStart": 5,
    "ColumnEnd": 7,
    "GroupSize": 1,
    "TimeBetweenGroups": "0.2",
    "ZombieFallTime": "1.5",
    "SpiderZombieName": "lostcity_lostpilot",
    "SpiderCount": 0,
    "WaveStartMessage": "3\nConehead"
}},{"aliases":["B2"],
"objclass": "ParachuteRainZombieSpawnerProps",
"objdata": {
    "ColumnStart": 5,
    "ColumnEnd": 7,
    "GroupSize": 1,
    "TimeBetweenGroups": "0.2",
    "ZombieFallTime": "1.5",
    "SpiderZombieName": "lostcity_lostpilot",
    "SpiderCount": 0,
    "WaveStartMessage": "2\nConehead"
}},{"aliases":["B3"],
"objclass": "ParachuteRainZombieSpawnerProps",
"objdata": {
    "ColumnStart": 5,
    "ColumnEnd": 7,
    "GroupSize": 1,
    "TimeBetweenGroups": "0.2",
    "ZombieFallTime": "1.5",
    "SpiderZombieName": "lostcity_lostpilot",
    "SpiderCount": 0,
    "WaveStartMessage": "1\nConehead"
}},{"aliases":["BBB"],
"objclass": "SpawnZombiesFromGridItemSpawnerProps",
"objdata": {
    "WaveStartMessage": "Necromancy!",
    "ZombieSpawnWaitTime": 0,
    "SuppressActionIfNoGridItemsFound": false,
    "AdditionalPlantfood": "0",
    "GridTypes": [
        "RTID(railcart_egypt@GridItemTypes)"
    ],
    "Zombies": [
        {"Type":"RTID(mummy_armor1@ZombieTypes)"}
    ]
}},
{"aliases":["C"],
"objclass": "ParachuteRainZombieSpawnerProps",
"objdata": {
    "ColumnStart": 5,
    "ColumnEnd": 7,
    "GroupSize": 1,
    "TimeBetweenGroups": "0.2",
    "ZombieFallTime": "1.5",
    "SpiderZombieName": "lostcity_lostpilot",
    "SpiderCount": 0,
    "WaveStartMessage": "Conehead, Basic"
}},{"aliases":["C1"],
"objclass": "ParachuteRainZombieSpawnerProps",
"objdata": {
    "ColumnStart": 5,
    "ColumnEnd": 7,
    "GroupSize": 1,
    "TimeBetweenGroups": "0.2",
    "ZombieFallTime": "1.5",
    "SpiderZombieName": "lostcity_lostpilot",
    "SpiderCount": 0,
    "WaveStartMessage": "3\nConehead, Basic"
}},{"aliases":["C2"],
"objclass": "ParachuteRainZombieSpawnerProps",
"objdata": {
    "ColumnStart": 5,
    "ColumnEnd": 7,
    "GroupSize": 1,
    "TimeBetweenGroups": "0.2",
    "ZombieFallTime": "1.5",
    "SpiderZombieName": "lostcity_lostpilot",
    "SpiderCount": 0,
    "WaveStartMessage": "2\nConehead, Basic"
}},{"aliases":["C3"],
"objclass": "ParachuteRainZombieSpawnerProps",
"objdata": {
    "ColumnStart": 5,
    "ColumnEnd": 7,
    "GroupSize": 1,
    "TimeBetweenGroups": "0.2",
    "ZombieFallTime": "1.5",
    "SpiderZombieName": "lostcity_lostpilot",
    "SpiderCount": 0,
    "WaveStartMessage": "1\nConehead, Basic"
}},{"aliases":["VVV"],
"objclass": "SpawnZombiesFromGridItemSpawnerProps",
"objdata": {
    "WaveStartMessage": "Necromancy!",
    "ZombieSpawnWaitTime": 0,
    "SuppressActionIfNoGridItemsFound": false,
    "AdditionalPlantfood": "0",
    "GridTypes": [
        "RTID(railcart_egypt@GridItemTypes)"
    ],
    "Zombies": [
        {"Type":"RTID(mummy_armor1@ZombieTypes)"}
    ]
}},
{"aliases":["VVV1"],
"objclass": "SpawnZombiesFromGridItemSpawnerProps",
"objdata": {
    "WaveStartMessage": "Necromancy!",
    "ZombieSpawnWaitTime": 5,
    "SuppressActionIfNoGridItemsFound": false,
    "AdditionalPlantfood": "0",
    "GridTypes": [
        "RTID(railcart_egypt@GridItemTypes)"
    ],
    "Zombies": [
        {"Type":"RTID(mummy@ZombieTypes)"}
    ]
}},
{"aliases":["D"],
"objclass": "ParachuteRainZombieSpawnerProps",
"objdata": {
    "ColumnStart": 5,
    "ColumnEnd": 7,
    "GroupSize": 1,
    "TimeBetweenGroups": "0.2",
    "ZombieFallTime": "1.5",
    "SpiderZombieName": "lostcity_lostpilot",
    "SpiderCount": 0,
    "WaveStartMessage": "Camel"
}},{"aliases":["D1"],
"objclass": "ParachuteRainZombieSpawnerProps",
"objdata": {
    "ColumnStart": 5,
    "ColumnEnd": 7,
    "GroupSize": 1,
    "TimeBetweenGroups": "0.2",
    "ZombieFallTime": "1.5",
    "SpiderZombieName": "lostcity_lostpilot",
    "SpiderCount": 0,
    "WaveStartMessage": "3\nCamel"
}},{"aliases":["D2"],
"objclass": "ParachuteRainZombieSpawnerProps",
"objdata": {
    "ColumnStart": 5,
    "ColumnEnd": 7,
    "GroupSize": 1,
    "TimeBetweenGroups": "0.2",
    "ZombieFallTime": "1.5",
    "SpiderZombieName": "lostcity_lostpilot",
    "SpiderCount": 0,
    "WaveStartMessage": "2\nCamel"
}},{"aliases":["D3"],
"objclass": "ParachuteRainZombieSpawnerProps",
"objdata": {
    "ColumnStart": 5,
    "ColumnEnd": 7,
    "GroupSize": 1,
    "TimeBetweenGroups": "0.2",
    "ZombieFallTime": "1.5",
    "SpiderZombieName": "lostcity_lostpilot",
    "SpiderCount": 0,
    "WaveStartMessage": "1\nCamel"}},
    {"aliases":["GGJ"],
"objclass": "SpawnZombiesFromGridItemSpawnerProps",
"objdata": {
    "WaveStartMessage": "Necromancy!",
    "ZombieSpawnWaitTime": 0,
    "SuppressActionIfNoGridItemsFound": false,
    "AdditionalPlantfood": "0",
    "GridTypes": [
        "RTID(railcart_egypt@GridItemTypes)"
    ],
    "Zombies": [
        {"Type":"RTID(camel_spawn@.)"}
    ]
}},
{"aliases":["GGJJ"],
"objclass": "SpawnZombiesFromGridItemSpawnerProps",
"objdata": {
    "WaveStartMessage": "Necromancy!",
    "ZombieSpawnWaitTime": 5,
    "SuppressActionIfNoGridItemsFound": false,
    "AdditionalPlantfood": "0",
    "GridTypes": [
        "RTID(railcart_egypt@GridItemTypes)"
    ],
    "Zombies": [
        {"Type":"RTID(camel_spawn@.)"}
    ]
}},
{"aliases":["E"],
"objclass": "ParachuteRainZombieSpawnerProps",
"objdata": {
    "ColumnStart": 5,
    "ColumnEnd": 7,
    "GroupSize": 1,
    "TimeBetweenGroups": "0.2",
    "ZombieFallTime": "1.5",
    "SpiderZombieName": "lostcity_lostpilot",
    "SpiderCount": 0,
    "WaveStartMessage": "Basic, Buckethead"
}},{"aliases":["E1"],
"objclass": "ParachuteRainZombieSpawnerProps",
"objdata": {
    "ColumnStart": 5,
    "ColumnEnd": 7,
    "GroupSize": 1,
    "TimeBetweenGroups": "0.2",
    "ZombieFallTime": "1.5",
    "SpiderZombieName": "lostcity_lostpilot",
    "SpiderCount": 0,
    "WaveStartMessage": "3\nBasic, Buckethead"
}},{"aliases":["E2"],
"objclass": "ParachuteRainZombieSpawnerProps",
"objdata": {
    "ColumnStart": 5,
    "ColumnEnd": 7,
    "GroupSize": 1,
    "TimeBetweenGroups": "0.2",
    "ZombieFallTime": "1.5",
    "SpiderZombieName": "lostcity_lostpilot",
    "SpiderCount": 0,
    "WaveStartMessage": "2\nBasic, Buckethead"
}},{"aliases":["E3"],
"objclass": "ParachuteRainZombieSpawnerProps",
"objdata": {
    "ColumnStart": 5,
    "ColumnEnd": 7,
    "GroupSize": 1,
    "TimeBetweenGroups": "0.2",
    "ZombieFallTime": "1.5",
    "SpiderZombieName": "lostcity_lostpilot",
    "SpiderCount": 0,
    "WaveStartMessage": "1\nBasic, Buckethead"
}},
{"aliases":["VVVV"],
"objclass": "SpawnZombiesFromGridItemSpawnerProps",
"objdata": {
    "WaveStartMessage": "Necromancy!",
    "ZombieSpawnWaitTime": 5,
    "SuppressActionIfNoGridItemsFound": false,
    "AdditionalPlantfood": "0",
    "GridTypes": [
        "RTID(railcart_egypt@GridItemTypes)"
    ],
    "Zombies": [
        {"Type":"RTID(mummy_armor2@ZombieTypes)"}
    ]
}},
{"aliases":["F"],
"objclass": "ParachuteRainZombieSpawnerProps",
"objdata": {
    "ColumnStart": 5,
    "ColumnEnd": 7,
    "GroupSize": 1,
    "TimeBetweenGroups": "0.2",
    "ZombieFallTime": "1.5",
    "SpiderZombieName": "lostcity_lostpilot",
    "SpiderCount": 0,
    "WaveStartMessage": "Conehead, Camel"
}},{"aliases":["F1"],
"objclass": "ParachuteRainZombieSpawnerProps",
"objdata": {
    "ColumnStart": 5,
    "ColumnEnd": 7,
    "GroupSize": 1,
    "TimeBetweenGroups": "0.2",
    "ZombieFallTime": "1.5",
    "SpiderZombieName": "lostcity_lostpilot",
    "SpiderCount": 0,
    "WaveStartMessage": "3\nConehead, Camel"
}},{"aliases":["F2"],
"objclass": "ParachuteRainZombieSpawnerProps",
"objdata": {
    "ColumnStart": 5,
    "ColumnEnd": 7,
    "GroupSize": 1,
    "TimeBetweenGroups": "0.2",
    "ZombieFallTime": "1.5",
    "SpiderZombieName": "lostcity_lostpilot",
    "SpiderCount": 0,
    "WaveStartMessage": "2\nConehead, Camel"
}},{"aliases":["F3"],
"objclass": "ParachuteRainZombieSpawnerProps",
"objdata": {
    "ColumnStart": 5,
    "ColumnEnd": 7,
    "GroupSize": 1,
    "TimeBetweenGroups": "0.2",
    "ZombieFallTime": "1.5",
    "SpiderZombieName": "lostcity_lostpilot",
    "SpiderCount": 0,
    "WaveStartMessage": "1\nConehead, Camel"
}},
{"aliases":["VVVC"],
"objclass": "SpawnZombiesFromGridItemSpawnerProps",
"objdata": {
    "WaveStartMessage": "Necromancy!",
    "ZombieSpawnWaitTime": 0,
    "SuppressActionIfNoGridItemsFound": false,
    "AdditionalPlantfood": "0",
    "GridTypes": [
        "RTID(railcart_egypt@GridItemTypes)"
    ],
    "Zombies": [
        {"Type":"RTID(mummy_armor1@ZombieTypes)"}
    ]
}},
{"aliases":["G"],
"objclass": "ParachuteRainZombieSpawnerProps",
"objdata": {
    "ColumnStart": 5,
    "ColumnEnd": 7,
    "GroupSize": 1,
    "TimeBetweenGroups": "0.2",
    "ZombieFallTime": "1.5",
    "SpiderZombieName": "lostcity_lostpilot",
    "SpiderCount": 0,
    "WaveStartMessage": "Buckethead"
}},{"aliases":["G1"],
"objclass": "ParachuteRainZombieSpawnerProps",
"objdata": {
    "ColumnStart": 5,
    "ColumnEnd": 7,
    "GroupSize": 1,
    "TimeBetweenGroups": "0.2",
    "ZombieFallTime": "1.5",
    "SpiderZombieName": "lostcity_lostpilot",
    "SpiderCount": 0,
    "WaveStartMessage": "3\nBuckethead"
}},{"aliases":["G2"],
"objclass": "ParachuteRainZombieSpawnerProps",
"objdata": {
    "ColumnStart": 5,
    "ColumnEnd": 7,
    "GroupSize": 1,
    "TimeBetweenGroups": "0.2",
    "ZombieFallTime": "1.5",
    "SpiderZombieName": "lostcity_lostpilot",
    "SpiderCount": 0,
    "WaveStartMessage": "2\nBuckethead"
}},{"aliases":["G3"],
"objclass": "ParachuteRainZombieSpawnerProps",
"objdata": {
    "ColumnStart": 5,
    "ColumnEnd": 7,
    "GroupSize": 1,
    "TimeBetweenGroups": "0.2",
    "ZombieFallTime": "1.5",
    "SpiderZombieName": "lostcity_lostpilot",
    "SpiderCount": 0,
    "WaveStartMessage": "1\nBuckethead"   
}},
{"aliases":["UUU"],
"objclass": "SpawnZombiesFromGridItemSpawnerProps",
"objdata": {
    "WaveStartMessage": "Necromancy!",
    "ZombieSpawnWaitTime": 0,
    "SuppressActionIfNoGridItemsFound": false,
    "AdditionalPlantfood": "0",
    "GridTypes": [
        "RTID(railcart_egypt@GridItemTypes)"
    ],
    "Zombies": [
        {"Type":"RTID(mummy_armor2@ZombieTypes)"}
    ]
}},
{"aliases":["H"],
"objclass": "ParachuteRainZombieSpawnerProps",
"objdata": {
    "ColumnStart": 5,
    "ColumnEnd": 7,
    "GroupSize": 1,
    "TimeBetweenGroups": "0.2",
    "ZombieFallTime": "1.5",
    "SpiderZombieName": "lostcity_lostpilot",
    "SpiderCount": 0,
    "WaveStartMessage": "Conehead, Conehead, Buckethead, Buckethead"
}},{"aliases":["H1"],
"objclass": "ParachuteRainZombieSpawnerProps",
"objdata": {
    "ColumnStart": 5,
    "ColumnEnd": 7,
    "GroupSize": 1,
    "TimeBetweenGroups": "0.2",
    "ZombieFallTime": "1.5",
    "SpiderZombieName": "lostcity_lostpilot",
    "SpiderCount": 0,
    "WaveStartMessage": "3\nConehead, Conehead, Buckethead, Buckethead"
}},{"aliases":["H2"],
"objclass": "ParachuteRainZombieSpawnerProps",
"objdata": {
    "ColumnStart": 5,
    "ColumnEnd": 7,
    "GroupSize": 1,
    "TimeBetweenGroups": "0.2",
    "ZombieFallTime": "1.5",
    "SpiderZombieName": "lostcity_lostpilot",
    "SpiderCount": 0,
    "WaveStartMessage": "2\nConehead, Conehead, Buckethead, Buckethead"
}},{"aliases":["H3"],
"objclass": "ParachuteRainZombieSpawnerProps",
"objdata": {
    "ColumnStart": 5,
    "ColumnEnd": 7,
    "GroupSize": 1,
    "TimeBetweenGroups": "0.2",
    "ZombieFallTime": "1.5",
    "SpiderZombieName": "lostcity_lostpilot",
    "SpiderCount": 0,
    "WaveStartMessage": "1\nConehead, Conehead, Buckethead, Buckethead"
}},
{"aliases":["OOO"],
"objclass": "SpawnZombiesFromGridItemSpawnerProps",
"objdata": {
    "WaveStartMessage": "Necromancy!",
    "ZombieSpawnWaitTime": 0,
    "SuppressActionIfNoGridItemsFound": false,
    "AdditionalPlantfood": "0",
    "GridTypes": [
        "RTID(railcart_egypt@GridItemTypes)"
    ],
    "Zombies": [
        {"Type":"RTID(mummy_armor1@ZombieTypes)"}
    ]
}},
{"aliases":["OOOO"],
"objclass": "SpawnZombiesFromGridItemSpawnerProps",
"objdata": {
    "WaveStartMessage": "Necromancy!",
    "ZombieSpawnWaitTime": 5,
    "SuppressActionIfNoGridItemsFound": false,
    "AdditionalPlantfood": "0",
    "GridTypes": [
        "RTID(railcart_egypt@GridItemTypes)"
    ],
    "Zombies": [
        {"Type":"RTID(mummy_armor1@ZombieTypes)"}
    ]
}},
{"aliases":["OOOOO"],
"objclass": "SpawnZombiesFromGridItemSpawnerProps",
"objdata": {
    "WaveStartMessage": "Necromancy!",
    "ZombieSpawnWaitTime": 10,
    "SuppressActionIfNoGridItemsFound": false,
    "AdditionalPlantfood": "0",
    "GridTypes": [
        "RTID(railcart_egypt@GridItemTypes)"
    ],
    "Zombies": [
        {"Type":"RTID(mummy_armor2@ZombieTypes)"}
    ]
}},
{"aliases":["OOOOOO"],
"objclass": "SpawnZombiesFromGridItemSpawnerProps",
"objdata": {
    "WaveStartMessage": "Necromancy!",
    "ZombieSpawnWaitTime": 15,
    "SuppressActionIfNoGridItemsFound": false,
    "AdditionalPlantfood": "0",
    "GridTypes": [
        "RTID(railcart_egypt@GridItemTypes)"
    ],
    "Zombies": [
        {"Type":"RTID(mummy_armor2@ZombieTypes)"}
    ]
}},
{"aliases":["I"],
"objclass": "ParachuteRainZombieSpawnerProps",
"objdata": {
    "ColumnStart": 5,
    "ColumnEnd": 7,
    "GroupSize": 1,
    "TimeBetweenGroups": "0.2",
    "ZombieFallTime": "1.5",
    "SpiderZombieName": "lostcity_lostpilot",
    "SpiderCount": 0,
    "WaveStartMessage": ""
}},{"aliases":["I1"],
"objclass": "ParachuteRainZombieSpawnerProps",
"objdata": {
    "ColumnStart": 5,
    "ColumnEnd": 7,
    "GroupSize": 1,
    "TimeBetweenGroups": "0.2",
    "ZombieFallTime": "1.5",
    "SpiderZombieName": "lostcity_lostpilot",
    "SpiderCount": 0,
    "WaveStartMessage": "3\n"
}},{"aliases":["I2"],
"objclass": "ParachuteRainZombieSpawnerProps",
"objdata": {
    "ColumnStart": 5,
    "ColumnEnd": 7,
    "GroupSize": 1,
    "TimeBetweenGroups": "0.2",
    "ZombieFallTime": "1.5",
    "SpiderZombieName": "lostcity_lostpilot",
    "SpiderCount": 0,
    "WaveStartMessage": "2\n"
}},{"aliases":["I3"],
"objclass": "ParachuteRainZombieSpawnerProps",
"objdata": {
    "ColumnStart": 5,
    "ColumnEnd": 7,
    "GroupSize": 1,
    "TimeBetweenGroups": "0.2",
    "ZombieFallTime": "1.5",
    "SpiderZombieName": "lostcity_lostpilot",
    "SpiderCount": 0,
    "WaveStartMessage": "1\n"
}},{"aliases":["J"],
"objclass": "ParachuteRainZombieSpawnerProps",
"objdata": {
    "ColumnStart": 5,
    "ColumnEnd": 7,
    "GroupSize": 1,
    "TimeBetweenGroups": "0.2",
    "ZombieFallTime": "1.5",
    "SpiderZombieName": "lostcity_lostpilot",
    "SpiderCount": 0,
    "WaveStartMessage": ""
}},{"aliases":["J1"],
"objclass": "ParachuteRainZombieSpawnerProps",
"objdata": {
    "ColumnStart": 5,
    "ColumnEnd": 7,
    "GroupSize": 1,
    "TimeBetweenGroups": "0.2",
    "ZombieFallTime": "1.5",
    "SpiderZombieName": "lostcity_lostpilot",
    "SpiderCount": 0,
    "WaveStartMessage": "3\n"
}},{"aliases":["J2"],
"objclass": "ParachuteRainZombieSpawnerProps",
"objdata": {
    "ColumnStart": 5,
    "ColumnEnd": 7,
    "GroupSize": 1,
    "TimeBetweenGroups": "0.2",
    "ZombieFallTime": "1.5",
    "SpiderZombieName": "lostcity_lostpilot",
    "SpiderCount": 0,
    "WaveStartMessage": "2\n"
}},{"aliases":["J3"],
"objclass": "ParachuteRainZombieSpawnerProps",
"objdata": {
    "ColumnStart": 5,
    "ColumnEnd": 7,
    "GroupSize": 1,
    "TimeBetweenGroups": "0.2",
    "ZombieFallTime": "1.5",
    "SpiderZombieName": "lostcity_lostpilot",
    "SpiderCount": 0,
    "WaveStartMessage": "1\n"
}},{"aliases":["BowlingLine"],
"objclass": "BowlingMinigameProperties",
"objdata": { "BowlingFoulLine": 4 }
},
{
			"objclass": "ZombiesAteYourBrainsProperties",
			"aliases": [
				"IZombieWinCondition"
			],
			"objdata": {
				"ZombieWinPositionX": -80.0,
				"ZombieDiesInsteadOfWinning": true
			}
		},
{"aliases":["ChallengeModule"],
"objclass": "StarChallengeModuleProperties",
"objdata": {
    "Challenges": [[
        "RTID(DestroyGI@CurrentLevel)"
    ]],
    "ChallengesAlwaysAvailable": true
}},
{"aliases":["DestroyGI"],
"objclass": "DestroyGridItemsChallengeProps",
"objdata": {
    "GridItemType": "entity_targeting_template_1",
    "GridItemsToDestroy": 5,
    "ChallengeDescription": "Zombies will spawn from the minecart on the left in a countdown, move the minecart to spawn zombies in certain lanes. If more than one zombie spawns in a single minecart, they will spawn one by one within 5 seconds. Let the zombies eat the brains in every lane!"
}},
{"aliases":["Brain"],
"objclass":"InitialGridItemProperties",
"objdata":{
    "InitialGridItemPlacements": [
        {"GridX": -1, "GridY": 0, "TypeName":"entity_targeting_template_1"},
        {"GridX": -1, "GridY": 1, "TypeName":"entity_targeting_template_1"},
        {"GridX": -1, "GridY": 2, "TypeName":"entity_targeting_template_1"},
        {"GridX": -1, "GridY": 3, "TypeName":"entity_targeting_template_1"},
        {"GridX": -1, "GridY": 4, "TypeName":"entity_targeting_template_1"}
    ]
}},
{
            "aliases": [
                "EntitytargetingTemplate1Props"
            ],
            "objclass": "GridItemEntityTargetingProps",
            "objdata": {
                "ArtCenter": {
                    "x": 98,
                    "y": 120
                },
	"PopAnimRenderScale": {
                    "x": 1.25,
                    "y": 1.25
                },
                "BreakEffect": "POPANIM_EFFECTS_POWER_POTION_DESTROYED_EFFECT",
                "BreakEffectSound": "Play_Plant_EvilShroom_Toughness",
                "DamageStateCount": 5,
                "HitRectOffsetWidth": -30,
                "HitRectOffsetX": 15,
                "Height": "tall",
                "Hitpoints": 300,
	"IsAnimated": false,
                "Actions": [
                    {
                        "Type": "damage",
                        "TargetArea": "rect",
                        "EntitiesToAffect": [],
                        "Damage": 0,
                        "SecondsBetweenEffects": 9999,
                        "RangeInGridSquares": 1.5,
                       "ZConditions": [
                            {
                                "Condition": "unsuspendable",
                                "Duration": {
                                    "Min": 0,
                                    "Max": 0
                                }
                            }
                        ]
                    }
                ],
                "Teams": [
                    "plants"
                ],
               "PopAnim": "POPANIM_GRAVESTONES_DARK_PLANTFOOD",
               "PopAnimIdleAnim": "idle",
	"PopAnimRigClass": "GridItemDestroyableAnimRig",
                "Regenerates": false,
                "ScaledProps": [
                    {
                        "Arg1": 1.3,
                        "Arg2": 0.05,
                        "Formula": "standard",
                        "Key": "Hitpoints"
                    }
                ],
	"PlantingRestrictions": {
                    "BlockedPlantingReason": "PLANTING_NOT_ON_HEALER_STAFF",
                    "List": [],
                    "ListType": "whitelist"
                }
            }
        },
        {
            "objclass": "ZombieType",
            "aliases": [
                "camel_spawn"
            ],
            "objdata": {
                "TypeName": "hamster_ball",
                "ZombieClass": "ZombieHamsterBall",
                "Properties": "RTID(MinerDSpawn@CurrentLevel)",
                "ResourceGroups": [
                    "ZombieHamsterBallGroup",
                    "ZombieWestPianoGroup",
                    "ZombieDummyGroup",
                    "ZombieEgyptCamelGroup",
                    "ZombieEgyptBasicGroup",
                    "ZombieSteamCoalMinerGroup",
                    "ZombiePVZABarrelGroup"
                ],
                "AudioGroups": [
                    "ZombieCowboyPonchoAudio"
                ],
                "AnimRigClass": "ZombieAnimRig_HamsterBall",
                "PopAnim": "POPANIM_ZOMBIE_DUMMY",
                "Placeable": true,
                "HomeWorld": "cowboy"
            }
        },
        {
            "aliases": [
                "MinerDSpawn"
            ],
            "objclass": "ZombieHamsterBallProps",
            "objdata": {
                "Behavior": 0,
                "SpeedBeforeImpact": 0.185,
                "RicochetLaneChangeTime": 99999999,
                "ZombieInsideBallType": "camel_onehump",
                "ArmDropFraction": -1,
                "ArtScale": 1.0,
                "ArtCenter": {
                    "x": 99999,
                    "y": 99999
                },
                "AttackRect": {
                    "mHeight": 0,
                    "mWidth": 0,
                    "mX": 99999,
                    "mY": 99999
                },
                "BurstDelay": 10,
                "TimeToKillInSeconds": 0.001,
                "CanBeFlickedOff": false,
                "CanBePlantTossedStrong": false,
                "CanBePlantTossedWeak": false,
                "CanSpawnPlantFood": false,
                "CanSurrender": true,
                "CanTriggerZombieWin": false,
                "Cost": 150,
                "ConditionImmunities": [
                    {
                        "Condition": "chill"
                    },
                    {
                        "Condition": "freeze"
                    },
                    {
                        "Condition": "stun"
                    },
                    {
                        "Condition": "stalled"
                    },
                    {
                        "Condition": "sapped"
                    },
                    {
                        "Condition": "poisoned"
                    },
                    {
                        "Condition": "decaypoison"
                    },
                    {
                        "Condition": "shrinking"
                    },
                    {
                        "Condition": "shrunken"
                    },
                    {
                        "Condition": "contagiouspoison"
                    },
                    {
                        "Condition": "dazeystunned"
                    },
                    {
                        "Condition": "stackableslow"
                    },
                    {
                        "Condition": "hypnotized"
                    },
                    {
                        "Condition": "butter"
                    },
                    {
                        "Condition": "bloomingheartdebuff"
                    },
                    {
                        "Condition": "solarflared"
                    },
                    {
                        "Condition": "warpingIn"
                    },
                    {
                        "Condition": "warpingOut"
                    },
                    {
                        "Condition": "sunbeaned"
                    },
                    {
                        "Condition": "stackableslow"
                    },
                    {
                        "Condition": "gummed"
                    },
                    {
                        "Condition": "lightning"
                    },
                    {
                        "Condition": "tossed"
                    },
                    {
                        "Condition": "haunted"
                    },
                    {
                        "Condition": "hotdateattraction"
                    },
                    {
                        "Condition": "stickybombed"
                    }
                ],
                "EatDPS": 0,
                "GroundTrackName": "ground_swatch",
                "HitRect": {
                    "mHeight": 62,
                    "mWidth": 38,
                    "mX": -18,
                    "mY": 10
                },
                "Hitpoints": 999999999,
                "MaxTideLoweredPercent": 0.2,
                "IsValidPinchTarget": false,
                "PlantsWhichBreakBarrelOnCollision": {
                    "List": [
                    ],
                    "ListType": "includelist"
                },
                "ScaledProps": [
                    {
                        "Arg1": 1.3,
                        "Arg2": 0.05,
                        "Formula": "standard",
                        "Key": "Hitpoints"
                    },
                    {
                        "Arg1": 1.3,
                        "Arg2": 0.05,
                        "Formula": "standard",
                        "Key": "EatDPS"
                    },
                    {
                        "Formula": "constant",
                        "Key": "Speed"
                    }
                ],
                "ShadowOffset": {
                    "x": 0,
                    "y": 0,
                    "z": 0.0
                },
                "ShadowScaling": {
                    "x": 1.5,
                    "y": 1
                },
                "SkipHeadDropState": true,
                "SoundOnWalk": "",
                "SoundOnDeath": "",
                "Speed": 0.185,
                "TargetByIncludelist": {
                    "List": [
                    ],
                    "ListType": "includelist"
                },
                "WavePointCost": 0,
                "Weight": 0,
                "ZombieStats": [
                    {
                        "Type": "toughness",
                        "Value": "toughness1"
                    },
                    {
                        "Type": "speed",
                        "Value": "speed2"
                    }
                ]
            }
        },
        {}
    ],
    "version": 1
}