{"#comment": "AE-IZM-I: Back to the Basics | ELM: Ver-10.2-Pre1 [RFL v1.2]",
"#zombies": "idiot",
"objects": [{
    "objclass": "LevelDefinition",
    "objdata": {
    "StartingSun": 0,
    "Description": "{PLAYER}'s teaching zombie lessons!",
    "FirstRewardParam": "moneybag",
    "LevelPowerupSet": "LevelPowerupsDisabled",
    "SuppressPlantfoodPurchase": true,
    "SuppressSunSpawn": true,
    "NormalPresentTable": "egypt_normal_01",
    "ShinyPresentTable": "egypt_shiny_01",
    "Loot": "RTID(DefaultLoot@LevelModules)",
    "ResourceGroupNames": [
        "DelayLoad_Background_Beach",
        "DelayLoad_Background_Beach_Compressed",
        "Tombstone_Dark_Special",
        "Tombstone_Dark_Effects",
        "GridItemZombiePotion",
        "GridItemZombiePotionAudio",
        "Tombstone_Dark_Plantfood"
    ],
    "Modules": [
        "RTID(OffScreenZombiesCoinOverride@LevelModules)",
        "RTID(StandardIntro@LevelModules)",
        "RTID(IPP@CurrentLevel)",
        "RTID(Rails@CurrentLevel)",
        "RTID(BowlingLine@CurrentLevel)",
        "RTID(Escalation@CurrentLevel)",
        "RTID(NewWaves@CurrentLevel)",
        "RTID(BowlingLine@CurrentLevel)",
        "RTID(IZombieWinCondition@CurrentLevel)",
        "RTID(Brain@CurrentLevel)",
        "RTID(ChallengeModule@CurrentLevel)",
        "RTID(ZombiesDeadWinCon@LevelModules)"
    ],
    "Name": "AE-IZM-I: Back to the Basics",
    "StageModule": "RTID(EgyptStage@LevelModules)",
    "MusicType": "MiniGame_C"
}},
{"aliases":["BowlingLine"],
"objclass": "BowlingMinigameProperties",
"objdata": { "BowlingFoulLine": 3 }
},
{"aliases":["BeatTheLevel"],
"objclass": "StarChallengeBeatTheLevelProps",
"objdata": {
    "Description": "Survive without the shovel",
    "DescriptiveName": "Custom Objective"
}},
{"aliases":["GI"],
"objclass":"InitialGridItemProperties",
"objdata":{
    "InitialGridItemPlacements": [
        {"GridX": 6, "GridY": 2, "TypeName":"railcart_cowboy"}
    ]
}},
{"aliases":["IPP"],
"objclass": "InitialPlantProperties",
"objdata": {
    "InitialPlantPlacements": [
        {"GridX": 0, "GridY": 0, "Level": -1, "TypeName":"sunflower"},
        {"GridX": 1, "GridY": 0, "Level": -1, "TypeName":"cabbagepult"},
        {"GridX": 2, "GridY": 0, "Level": -1, "TypeName":"sunflower"},
        {"GridX": 0, "GridY": 1, "Level": -1, "TypeName":"cabbagepult"},
        {"GridX": 1, "GridY": 1, "Level": -1, "TypeName":"peashooter"},
        {"GridX": 2, "GridY": 1, "Level": -1, "TypeName":"peashooter"},
        {"GridX": 0, "GridY": 2, "Level": -1, "TypeName":"sunflower"},
        {"GridX": 1, "GridY": 2, "Level": -1, "TypeName":"sunflower"},
        {"GridX": 2, "GridY": 2, "Level": -1, "TypeName":"potatomine"},
        {"GridX": 0, "GridY": 3, "Level": -1, "TypeName":"sunflower"},
        {"GridX": 1, "GridY": 3, "Level": -1, "TypeName":"sunflower"},
        {"GridX": 2, "GridY": 3, "Level": -1, "TypeName":"peashooter"},
        {"GridX": 0, "GridY": 4, "Level": -1, "TypeName":"cabbagepult"},
        {"GridX": 1, "GridY": 4, "Level": -1, "TypeName":"potatomine"},
        {"GridX": 2, "GridY": 4, "Level": -1, "TypeName":"potatomine"}
    ]
}},
{"aliases": ["Rails"],
"objclass": "RailcartProperties",
"objdata": {
    "RailcartType": "railcart_egypt",
        "Railcarts": [
            {"Column": 4, "Row": 2}
        ],
        "Rails": [
            {"Column": 4, "RowEnd": 0, "RowStart": 0},
            {"Column": 4, "RowEnd": 1, "RowStart": 1},
            {"Column": 4, "RowEnd": 2, "RowStart": 2},
            {"Column": 4, "RowEnd": 3, "RowStart": 3},
            {"Column": 4, "RowEnd": 4, "RowStart": 4}
        ]
}},
{"aliases": ["Escalation"],
"objclass": "LevelEscalationModuleProperties",
"objdata": {
    "FlagCount": 0,
    "WavesPerFlag": 100,
    "PlantfoodToSpawnCount": 0,
    "StartingPoints": 0,
    "PointIncrementPerWave": 0,
    "WaveManagerProps": "RTID(WaveManager@CurrentLevel)",
    "ZombiePool": [

    ]
}},
{"aliases": ["NewWaves"],
"objclass": "WaveManagerModuleProperties",
"objdata": {}
},
{"aliases": ["WaveManager"],
"objclass": "WaveManagerProperties",
"objdata": {
    "FlagWaveInterval": 100,
    "WaveCount": 50,
    "SuppressFlagZombie": true,
    "MinNextWaveHealthPercentage": 0,
    "MaxNextWaveHealthPercentage": 0,
    "ZombieCountdownHugeWaveDelay": 0,
    "Waves": [
        ["RTID(ShowInStreet@.)", "RTID(A1@.)"],
        ["RTID(A2@.)"],
        ["RTID(A3@.)"],
        ["RTID(A4@.)"],
        ["RTID(Wave5@.)", "RTID(ZZZ@.)"],
        ["RTID(A1@.)"],
        ["RTID(A2@.)"],
        ["RTID(A3@.)"],
        ["RTID(A4@.)"],
        ["RTID(Wave10@.)", "RTID(ZZZ@.)"],
        ["RTID(B@.)"],
        ["RTID(B1@.)"],
        ["RTID(B2@.)"],
        ["RTID(B3@.)"],
        ["RTID(Wave15@.)", "RTID(GGG@.)"],
        ["RTID(D@.)"],
        ["RTID(D1@.)"],
        ["RTID(D2@.)"],
        ["RTID(D3@.)"],
        ["RTID(Wave20@.)", "RTID(BBB@.)"],
        ["RTID(E@.)"],
        ["RTID(E1@.)"],
        ["RTID(E2@.)"],
        ["RTID(E3@.)"],
        ["RTID(Wave25@.)", "RTID(BBBX@.)", "RTID(BBBXX@.)"],
        ["RTID(F@.)"],
        ["RTID(F1@.)"],
        ["RTID(F2@.)"],
        ["RTID(F3@.)"],
        ["RTID(Wave30@.)", "RTID(GGG@.)", "RTID(BBBXX@.)"],
        ["RTID(G@.)"],
        ["RTID(G1@.)"],
        ["RTID(G2@.)"],
        ["RTID(G3@.)"],
        ["RTID(Wave35@.)", "RTID(BSB@.)"],
        ["RTID(H@.)"],
        ["RTID(H1@.)"],
        ["RTID(H2@.)"],
        ["RTID(H3@.)"],
        ["RTID(Wave40@.)", "RTID(ZZZ@.)", "RTID(BBBXXX@.)", "RTID(BBBXXXX@.)", "RTID(DOG@.)"]
    ]
}},
{"aliases":["Wave5"],
"objclass": "SpawnZombiesJitteredWaveActionProps",
"objdata":{
    "AdditionalPlantfood": 0,
    "Zombies": [
        {"Row": "3", "Type": "RTID(idiot@ZombieTypes)"}
    ]
}},

{"aliases":["Wave10"],
"objclass": "SpawnZombiesJitteredWaveActionProps",
"objdata":{
    "AdditionalPlantfood": 0,
    "Zombies": [
        {"Row": "3", "Type": "RTID(idiot@ZombieTypes)"}
    ]
}},

{"aliases":["Wave15"],
"objclass": "SpawnZombiesJitteredWaveActionProps",
"objdata":{
    "AdditionalPlantfood": 0,
    "Zombies": [
        {"Row": "3", "Type": "RTID(idiot@ZombieTypes)"}
    ]
}},

{"aliases":["Wave20"],
"objclass": "SpawnZombiesJitteredWaveActionProps",
"objdata":{
    "AdditionalPlantfood": 0,
    "Zombies": [
        {"Row": "3", "Type": "RTID(idiot@ZombieTypes)"}
    ]
}},

{"aliases":["Wave25"],
"objclass": "SpawnZombiesJitteredWaveActionProps",
"objdata":{
    "AdditionalPlantfood": 0,
    "Zombies": [
        {"Row": "3", "Type": "RTID(idiot@ZombieTypes)"}
    ]
}},

{"aliases":["Wave30"],
"objclass": "SpawnZombiesJitteredWaveActionProps",
"objdata":{
    "AdditionalPlantfood": 0,
    "Zombies": [
        {"Row": "3", "Type": "RTID(idiot@ZombieTypes)"}
    ]
}},

{"aliases":["Wave35"],
"objclass": "SpawnZombiesJitteredWaveActionProps",
"objdata":{
    "AdditionalPlantfood": 0,
    "Zombies": [
        {"Row": "3", "Type": "RTID(idiot@ZombieTypes)"}
    ]
}},

{"aliases":["Wave40"],
"objclass": "SpawnZombiesJitteredWaveActionProps",
"objdata":{
    "AdditionalPlantfood": 0,
    "Zombies": [
        {"Row": "3", "Type": "RTID(idiot@ZombieTypes)"}
    ]
}},

{"aliases":["Wave45"],
"objclass": "SpawnZombiesJitteredWaveActionProps",
"objdata":{
    "AdditionalPlantfood": 0,
    "Zombies": [
        {"Row": "3", "Type": "RTID(idiot@ZombieTypes)"}
    ]
}},

{"aliases":["Wave50"],
"objclass": "SpawnZombiesJitteredWaveActionProps",
"objdata":{
    "AdditionalPlantfood": 0,
    "Zombies": [
        {"Row": "3", "Type": "RTID(idiot@ZombieTypes)"}
    ]
}},
{"aliases":["ShowInStreet"],
"objclass": "SpawnZombiesFromGridItemSpawnerProps",
"objdata": {
    "WaveStartMessage": "",
    "ZombieSpawnWaitTime": 0,
    "SuppressActionIfNoGridItemsFound": false,
    "AdditionalPlantfood": "0",
    "GridTypes": [
        
    ],
    "Zombies": [
        {"Type":"RTID(idiot@ZombieTypes)"}
    ]
}},
{"aliases":["A1"],
"objclass": "ParachuteRainZombieSpawnerProps",
"objdata": {
    "ColumnStart": 5,
    "ColumnEnd": 7,
    "GroupSize": 1,
    "TimeBetweenGroups": "0.2",
    "ZombieFallTime": "1.5",
    "SpiderZombieName": "lostcity_lostpilot",
    "SpiderCount": 0,
    "WaveStartMessage": "Basic"
}},{"aliases":["A2"],
"objclass": "ParachuteRainZombieSpawnerProps",
"objdata": {
    "ColumnStart": 5,
    "ColumnEnd": 7,
    "GroupSize": 1,
    "TimeBetweenGroups": "0.2",
    "ZombieFallTime": "1.5",
    "SpiderZombieName": "lostcity_lostpilot",
    "SpiderCount": 0,
    "WaveStartMessage": "3\nBasic"
}},{"aliases":["A3"],
"objclass": "ParachuteRainZombieSpawnerProps",
"objdata": {
    "ColumnStart": 5,
    "ColumnEnd": 7,
    "GroupSize": 1,
    "TimeBetweenGroups": "0.2",
    "ZombieFallTime": "1.5",
    "SpiderZombieName": "lostcity_lostpilot",
    "SpiderCount": 0,
    "WaveStartMessage": "2\nBasic"
}},{"aliases":["A4"],
"objclass": "ParachuteRainZombieSpawnerProps",
"objdata": {
    "ColumnStart": 5,
    "ColumnEnd": 7,
    "GroupSize": 1,
    "TimeBetweenGroups": "0.2",
    "ZombieFallTime": "1.5",
    "SpiderZombieName": "lostcity_lostpilot",
    "SpiderCount": 0,
    "WaveStartMessage": "1\nBasic"
}},{"aliases":["ZZZ"],
"objclass": "SpawnZombiesFromGridItemSpawnerProps",
"objdata": {
    "WaveStartMessage": "Necromancy!",
    "ZombieSpawnWaitTime": 0,
    "SuppressActionIfNoGridItemsFound": false,
    "AdditionalPlantfood": "0",
    "GridTypes": [
        "RTID(railcart_egypt@GridItemTypes)"
    ],
    "Zombies": [
        {"Type":"RTID(mummy@ZombieTypes)"}
    ]
}},
{"aliases":["B"],
"objclass": "ParachuteRainZombieSpawnerProps",
"objdata": {
    "ColumnStart": 5,
    "ColumnEnd": 7,
    "GroupSize": 1,
    "TimeBetweenGroups": "0.2",
    "ZombieFallTime": "1.5",
    "SpiderZombieName": "lostcity_lostpilot",
    "SpiderCount": 0,
    "WaveStartMessage": "Conehead"
}},{"aliases":["B1"],
"objclass": "ParachuteRainZombieSpawnerProps",
"objdata": {
    "ColumnStart": 5,
    "ColumnEnd": 7,
    "GroupSize": 1,
    "TimeBetweenGroups": "0.2",
    "ZombieFallTime": "1.5",
    "SpiderZombieName": "lostcity_lostpilot",
    "SpiderCount": 0,
    "WaveStartMessage": "3\nConehead"
}},{"aliases":["B2"],
"objclass": "ParachuteRainZombieSpawnerProps",
"objdata": {
    "ColumnStart": 5,
    "ColumnEnd": 7,
    "GroupSize": 1,
    "TimeBetweenGroups": "0.2",
    "ZombieFallTime": "1.5",
    "SpiderZombieName": "lostcity_lostpilot",
    "SpiderCount": 0,
    "WaveStartMessage": "2\nConehead"
}},{"aliases":["B3"],
"objclass": "ParachuteRainZombieSpawnerProps",
"objdata": {
    "ColumnStart": 5,
    "ColumnEnd": 7,
    "GroupSize": 1,
    "TimeBetweenGroups": "0.2",
    "ZombieFallTime": "1.5",
    "SpiderZombieName": "lostcity_lostpilot",
    "SpiderCount": 0,
    "WaveStartMessage": "1\nConehead"
}},{"aliases":["GGG"],
"objclass": "SpawnZombiesFromGridItemSpawnerProps",
"objdata": {
    "WaveStartMessage": "Necromancy!",
    "ZombieSpawnWaitTime": 0,
    "SuppressActionIfNoGridItemsFound": false,
    "AdditionalPlantfood": "0",
    "GridTypes": [
    "RTID(railcart_egypt@GridItemTypes)"
    ],
    "Zombies": [
        {"Type":"RTID(mummy_armor1@ZombieTypes)"}
    ]
}},
{"aliases":["C"],
"objclass": "ParachuteRainZombieSpawnerProps",
"objdata": {
    "ColumnStart": 5,
    "ColumnEnd": 7,
    "GroupSize": 1,
    "TimeBetweenGroups": "0.2",
    "ZombieFallTime": "1.5",
    "SpiderZombieName": "lostcity_lostpilot",
    "SpiderCount": 0,
    "WaveStartMessage": ""
}},{"aliases":["C1"],
"objclass": "ParachuteRainZombieSpawnerProps",
"objdata": {
    "ColumnStart": 5,
    "ColumnEnd": 7,
    "GroupSize": 1,
    "TimeBetweenGroups": "0.2",
    "ZombieFallTime": "1.5",
    "SpiderZombieName": "lostcity_lostpilot",
    "SpiderCount": 0,
    "WaveStartMessage": "3\n"
}},{"aliases":["C2"],
"objclass": "ParachuteRainZombieSpawnerProps",
"objdata": {
    "ColumnStart": 5,
    "ColumnEnd": 7,
    "GroupSize": 1,
    "TimeBetweenGroups": "0.2",
    "ZombieFallTime": "1.5",
    "SpiderZombieName": "lostcity_lostpilot",
    "SpiderCount": 0,
    "WaveStartMessage": "2\n"
}},{"aliases":["C3"],
"objclass": "ParachuteRainZombieSpawnerProps",
"objdata": {
    "ColumnStart": 5,
    "ColumnEnd": 7,
    "GroupSize": 1,
    "TimeBetweenGroups": "0.2",
    "ZombieFallTime": "1.5",
    "SpiderZombieName": "lostcity_lostpilot",
    "SpiderCount": 0,
    "WaveStartMessage": "1\n"
}},{"aliases":["BBB"],
"objclass": "SpawnZombiesFromGridItemSpawnerProps",
"objdata": {
    "WaveStartMessage": "Necromancy!",
    "ZombieSpawnWaitTime": 0,
    "SuppressActionIfNoGridItemsFound": false,
    "AdditionalPlantfood": "0",
    "GridTypes": [
        "RTID(railcart_egypt@GridItemTypes)"
    ],
    "Zombies": [
        {"Type":"RTID(ra@ZombieTypes)"}
    ]
}},
{"aliases":["D"],
"objclass": "ParachuteRainZombieSpawnerProps",
"objdata": {
    "ColumnStart": 5,
    "ColumnEnd": 7,
    "GroupSize": 1,
    "TimeBetweenGroups": "0.2",
    "ZombieFallTime": "1.5",
    "SpiderZombieName": "lostcity_lostpilot",
    "SpiderCount": 0,
    "WaveStartMessage": "Ra"
}},{"aliases":["D1"],
"objclass": "ParachuteRainZombieSpawnerProps",
"objdata": {
    "ColumnStart": 5,
    "ColumnEnd": 7,
    "GroupSize": 1,
    "TimeBetweenGroups": "0.2",
    "ZombieFallTime": "1.5",
    "SpiderZombieName": "lostcity_lostpilot",
    "SpiderCount": 0,
    "WaveStartMessage": "3\nRa"
}},{"aliases":["D2"],
"objclass": "ParachuteRainZombieSpawnerProps",
"objdata": {
    "ColumnStart": 5,
    "ColumnEnd": 7,
    "GroupSize": 1,
    "TimeBetweenGroups": "0.2",
    "ZombieFallTime": "1.5",
    "SpiderZombieName": "lostcity_lostpilot",
    "SpiderCount": 0,
    "WaveStartMessage": "2\nRa"
}},{"aliases":["D3"],
"objclass": "ParachuteRainZombieSpawnerProps",
"objdata": {
    "ColumnStart": 5,
    "ColumnEnd": 7,
    "GroupSize": 1,
    "TimeBetweenGroups": "0.2",
    "ZombieFallTime": "1.5",
    "SpiderZombieName": "lostcity_lostpilot",
    "SpiderCount": 0,
    "WaveStartMessage": "1\nRa"
}},{"aliases":["E"],
"objclass": "ParachuteRainZombieSpawnerProps",
"objdata": {
    "ColumnStart": 5,
    "ColumnEnd": 7,
    "GroupSize": 1,
    "TimeBetweenGroups": "0.2",
    "ZombieFallTime": "1.5",
    "SpiderZombieName": "lostcity_lostpilot",
    "SpiderCount": 0,
    "WaveStartMessage": "Basic, Basic"
}},{"aliases":["E1"],
"objclass": "ParachuteRainZombieSpawnerProps",
"objdata": {
    "ColumnStart": 5,
    "ColumnEnd": 7,
    "GroupSize": 1,
    "TimeBetweenGroups": "0.2",
    "ZombieFallTime": "1.5",
    "SpiderZombieName": "lostcity_lostpilot",
    "SpiderCount": 0,
    "WaveStartMessage": "3\nBasic, Basic"
}},{"aliases":["E2"],
"objclass": "ParachuteRainZombieSpawnerProps",
"objdata": {
    "ColumnStart": 5,
    "ColumnEnd": 7,
    "GroupSize": 1,
    "TimeBetweenGroups": "0.2",
    "ZombieFallTime": "1.5",
    "SpiderZombieName": "lostcity_lostpilot",
    "SpiderCount": 0,
    "WaveStartMessage": "2\nBasic, Basic"
}},{"aliases":["E3"],
"objclass": "ParachuteRainZombieSpawnerProps",
"objdata": {
    "ColumnStart": 5,
    "ColumnEnd": 7,
    "GroupSize": 1,
    "TimeBetweenGroups": "0.2",
    "ZombieFallTime": "1.5",
    "SpiderZombieName": "lostcity_lostpilot",
    "SpiderCount": 0,
    "WaveStartMessage": "1\nBasic, Basic"
}},
{"aliases":["BBBX"],
"objclass": "SpawnZombiesFromGridItemSpawnerProps",
"objdata": {
    "WaveStartMessage": "Necromancy!",
    "ZombieSpawnWaitTime": 0,
    "SuppressActionIfNoGridItemsFound": false,
    "AdditionalPlantfood": "0",
    "GridTypes": [
        "RTID(railcart_egypt@GridItemTypes)"
    ],
    "Zombies": [
        {"Type":"RTID(mummy@ZombieTypes)"}
    ]
}},
{"aliases":["BBBXX"],
"objclass": "SpawnZombiesFromGridItemSpawnerProps",
"objdata": {
    "WaveStartMessage": "Necromancy!",
    "ZombieSpawnWaitTime": 5,
    "SuppressActionIfNoGridItemsFound": false,
    "AdditionalPlantfood": "0",
    "GridTypes": [
        "RTID(railcart_egypt@GridItemTypes)"
    ],
    "Zombies": [
        {"Type":"RTID(mummy@ZombieTypes)"}
    ]
}},
{"aliases":["BBBXXX"],
"objclass": "SpawnZombiesFromGridItemSpawnerProps",
"objdata": {
    "WaveStartMessage": "Necromancy!",
    "ZombieSpawnWaitTime": 5,
    "SuppressActionIfNoGridItemsFound": false,
    "AdditionalPlantfood": "0",
    "GridTypes": [
        "RTID(railcart_egypt@GridItemTypes)"
    ],
    "Zombies": [
        {"Type":"RTID(ra@ZombieTypes)"}
    ]
}},
{"aliases":["BBBXXXX"],
"objclass": "SpawnZombiesFromGridItemSpawnerProps",
"objdata": {
    "WaveStartMessage": "Necromancy!",
    "ZombieSpawnWaitTime": 10,
    "SuppressActionIfNoGridItemsFound": false,
    "AdditionalPlantfood": "0",
    "GridTypes": [
        "RTID(railcart_egypt@GridItemTypes)"
    ],
    "Zombies": [
        {"Type":"RTID(mummy_armor1@ZombieTypes)"}
    ]
}},
{"aliases":["DOG"],
"objclass": "SpawnZombiesFromGridItemSpawnerProps",
"objdata": {
    "WaveStartMessage": "Necromancy!",
    "ZombieSpawnWaitTime": 15,
    "SuppressActionIfNoGridItemsFound": false,
    "AdditionalPlantfood": "0",
    "GridTypes": [
        "RTID(railcart_egypt@GridItemTypes)"
    ],
    "Zombies": [
        {"Type":"RTID(mummy_armor1@ZombieTypes)"}
    ]
}},
{"aliases":["F"],
"objclass": "ParachuteRainZombieSpawnerProps",
"objdata": {
    "ColumnStart": 5,
    "ColumnEnd": 7,
    "GroupSize": 1,
    "TimeBetweenGroups": "0.2",
    "ZombieFallTime": "1.5",
    "SpiderZombieName": "lostcity_lostpilot",
    "SpiderCount": 0,
    "WaveStartMessage": "Conhead, Basic"
}},{"aliases":["F1"],
"objclass": "ParachuteRainZombieSpawnerProps",
"objdata": {
    "ColumnStart": 5,
    "ColumnEnd": 7,
    "GroupSize": 1,
    "TimeBetweenGroups": "0.2",
    "ZombieFallTime": "1.5",
    "SpiderZombieName": "lostcity_lostpilot",
    "SpiderCount": 0,
    "WaveStartMessage": "3\nConehead, Basic"
}},{"aliases":["F2"],
"objclass": "ParachuteRainZombieSpawnerProps",
"objdata": {
    "ColumnStart": 5,
    "ColumnEnd": 7,
    "GroupSize": 1,
    "TimeBetweenGroups": "0.2",
    "ZombieFallTime": "1.5",
    "SpiderZombieName": "lostcity_lostpilot",
    "SpiderCount": 0,
    "WaveStartMessage": "2\nConehead, Basic"
}},{"aliases":["F3"],
"objclass": "ParachuteRainZombieSpawnerProps",
"objdata": {
    "ColumnStart": 5,
    "ColumnEnd": 7,
    "GroupSize": 1,
    "TimeBetweenGroups": "0.2",
    "ZombieFallTime": "1.5",
    "SpiderZombieName": "lostcity_lostpilot",
    "SpiderCount": 0,
    "WaveStartMessage": "1\nConehead, Basic"
}},
{"aliases":["BSB"],
"objclass": "SpawnZombiesFromGridItemSpawnerProps",
"objdata": {
    "WaveStartMessage": "Necromancy!",
    "ZombieSpawnWaitTime": 0,
    "SuppressActionIfNoGridItemsFound": false,
    "AdditionalPlantfood": "0",
    "GridTypes": [
        "RTID(railcart_egypt@GridItemTypes)"
    ],
    "Zombies": [
        {"Type":"RTID(mummy_armor2@ZombieTypes)"}
    ]
}},
{"aliases":["G"],
"objclass": "ParachuteRainZombieSpawnerProps",
"objdata": {
    "ColumnStart": 5,
    "ColumnEnd": 7,
    "GroupSize": 1,
    "TimeBetweenGroups": "0.2",
    "ZombieFallTime": "1.5",
    "SpiderZombieName": "lostcity_lostpilot",
    "SpiderCount": 0,
    "WaveStartMessage": "Buckethead"
}},{"aliases":["G1"],
"objclass": "ParachuteRainZombieSpawnerProps",
"objdata": {
    "ColumnStart": 5,
    "ColumnEnd": 7,
    "GroupSize": 1,
    "TimeBetweenGroups": "0.2",
    "ZombieFallTime": "1.5",
    "SpiderZombieName": "lostcity_lostpilot",
    "SpiderCount": 0,
    "WaveStartMessage": "3\nBuckethead"
}},{"aliases":["G2"],
"objclass": "ParachuteRainZombieSpawnerProps",
"objdata": {
    "ColumnStart": 5,
    "ColumnEnd": 7,
    "GroupSize": 1,
    "TimeBetweenGroups": "0.2",
    "ZombieFallTime": "1.5",
    "SpiderZombieName": "lostcity_lostpilot",
    "SpiderCount": 0,
    "WaveStartMessage": "2\nBuckethead"
}},{"aliases":["G3"],
"objclass": "ParachuteRainZombieSpawnerProps",
"objdata": {
    "ColumnStart": 5,
    "ColumnEnd": 7,
    "GroupSize": 1,
    "TimeBetweenGroups": "0.2",
    "ZombieFallTime": "1.5",
    "SpiderZombieName": "lostcity_lostpilot",
    "SpiderCount": 0,
    "WaveStartMessage": "1\nBuckethead"
}},{"aliases":["H"],
"objclass": "ParachuteRainZombieSpawnerProps",
"objdata": {
    "ColumnStart": 5,
    "ColumnEnd": 7,
    "GroupSize": 1,
    "TimeBetweenGroups": "0.2",
    "ZombieFallTime": "1.5",
    "SpiderZombieName": "lostcity_lostpilot",
    "SpiderCount": 0,
    "WaveStartMessage": "Basic, Ra, Conehead, Conehead"
}},{"aliases":["H1"],
"objclass": "ParachuteRainZombieSpawnerProps",
"objdata": {
    "ColumnStart": 5,
    "ColumnEnd": 7,
    "GroupSize": 1,
    "TimeBetweenGroups": "0.2",
    "ZombieFallTime": "1.5",
    "SpiderZombieName": "lostcity_lostpilot",
    "SpiderCount": 0,
    "WaveStartMessage": "3\nBasic, Ra, Conehead, Conehead"
}},{"aliases":["H2"],
"objclass": "ParachuteRainZombieSpawnerProps",
"objdata": {
    "ColumnStart": 5,
    "ColumnEnd": 7,
    "GroupSize": 1,
    "TimeBetweenGroups": "0.2",
    "ZombieFallTime": "1.5",
    "SpiderZombieName": "lostcity_lostpilot",
    "SpiderCount": 0,
    "WaveStartMessage": "2\nBasic, Ra, Conehead, Conehead"
}},{"aliases":["H3"],
"objclass": "ParachuteRainZombieSpawnerProps",
"objdata": {
    "ColumnStart": 5,
    "ColumnEnd": 7,
    "GroupSize": 1,
    "TimeBetweenGroups": "0.2",
    "ZombieFallTime": "1.5",
    "SpiderZombieName": "lostcity_lostpilot",
    "SpiderCount": 0,
    "WaveStartMessage": "1\nBasic, Ra, Conehead, Conehead"
}},{"aliases":["I"],
"objclass": "ParachuteRainZombieSpawnerProps",
"objdata": {
    "ColumnStart": 5,
    "ColumnEnd": 7,
    "GroupSize": 1,
    "TimeBetweenGroups": "0.2",
    "ZombieFallTime": "1.5",
    "SpiderZombieName": "lostcity_lostpilot",
    "SpiderCount": 0,
    "WaveStartMessage": ""
}},{"aliases":["I1"],
"objclass": "ParachuteRainZombieSpawnerProps",
"objdata": {
    "ColumnStart": 5,
    "ColumnEnd": 7,
    "GroupSize": 1,
    "TimeBetweenGroups": "0.2",
    "ZombieFallTime": "1.5",
    "SpiderZombieName": "lostcity_lostpilot",
    "SpiderCount": 0,
    "WaveStartMessage": "3\n"
}},{"aliases":["I2"],
"objclass": "ParachuteRainZombieSpawnerProps",
"objdata": {
    "ColumnStart": 5,
    "ColumnEnd": 7,
    "GroupSize": 1,
    "TimeBetweenGroups": "0.2",
    "ZombieFallTime": "1.5",
    "SpiderZombieName": "lostcity_lostpilot",
    "SpiderCount": 0,
    "WaveStartMessage": "2\n"
}},{"aliases":["I3"],
"objclass": "ParachuteRainZombieSpawnerProps",
"objdata": {
    "ColumnStart": 5,
    "ColumnEnd": 7,
    "GroupSize": 1,
    "TimeBetweenGroups": "0.2",
    "ZombieFallTime": "1.5",
    "SpiderZombieName": "lostcity_lostpilot",
    "SpiderCount": 0,
    "WaveStartMessage": "1\n"
}},{"aliases":["J"],
"objclass": "ParachuteRainZombieSpawnerProps",
"objdata": {
    "ColumnStart": 5,
    "ColumnEnd": 7,
    "GroupSize": 1,
    "TimeBetweenGroups": "0.2",
    "ZombieFallTime": "1.5",
    "SpiderZombieName": "lostcity_lostpilot",
    "SpiderCount": 0,
    "WaveStartMessage": ""
}},{"aliases":["J1"],
"objclass": "ParachuteRainZombieSpawnerProps",
"objdata": {
    "ColumnStart": 5,
    "ColumnEnd": 7,
    "GroupSize": 1,
    "TimeBetweenGroups": "0.2",
    "ZombieFallTime": "1.5",
    "SpiderZombieName": "lostcity_lostpilot",
    "SpiderCount": 0,
    "WaveStartMessage": "3\n"
}},{"aliases":["J2"],
"objclass": "ParachuteRainZombieSpawnerProps",
"objdata": {
    "ColumnStart": 5,
    "ColumnEnd": 7,
    "GroupSize": 1,
    "TimeBetweenGroups": "0.2",
    "ZombieFallTime": "1.5",
    "SpiderZombieName": "lostcity_lostpilot",
    "SpiderCount": 0,
    "WaveStartMessage": "2\n"
}},{"aliases":["J3"],
"objclass": "ParachuteRainZombieSpawnerProps",
"objdata": {
    "ColumnStart": 5,
    "ColumnEnd": 7,
    "GroupSize": 1,
    "TimeBetweenGroups": "0.2",
    "ZombieFallTime": "1.5",
    "SpiderZombieName": "lostcity_lostpilot",
    "SpiderCount": 0,
    "WaveStartMessage": "1\n"
}},{"aliases":["BowlingLine"],
"objclass": "BowlingMinigameProperties",
"objdata": { "BowlingFoulLine": 4 }
},
{
			"objclass": "ZombiesAteYourBrainsProperties",
			"aliases": [
				"IZombieWinCondition"
			],
			"objdata": {
				"ZombieWinPositionX": -80.0,
				"ZombieDiesInsteadOfWinning": true
			}
		},
{"aliases":["ChallengeModule"],
"objclass": "StarChallengeModuleProperties",
"objdata": {
    "Challenges": [[
        "RTID(DestroyGI@CurrentLevel)"
    ]],
    "ChallengesAlwaysAvailable": true
}},
{"aliases":["DestroyGI"],
"objclass": "DestroyGridItemsChallengeProps",
"objdata": {
    "GridItemType": "entity_targeting_template_1",
    "GridItemsToDestroy": 5,
    "ChallengeDescription": "Zombies will spawn from the minecart on the left in a countdown, move the minecart to spawn zombies in certain lanes. If more than one zombie spawns in a single minecart, they will spawn one by one within 5 seconds. Let the zombies eat the brains in every lane!"
}},
{"aliases":["Brain"],
"objclass":"InitialGridItemProperties",
"objdata":{
    "InitialGridItemPlacements": [
        {"GridX": -1, "GridY": 0, "TypeName":"entity_targeting_template_1"},
        {"GridX": -1, "GridY": 1, "TypeName":"entity_targeting_template_1"},
        {"GridX": -1, "GridY": 2, "TypeName":"entity_targeting_template_1"},
        {"GridX": -1, "GridY": 3, "TypeName":"entity_targeting_template_1"},
        {"GridX": -1, "GridY": 4, "TypeName":"entity_targeting_template_1"}
    ]
}},
{
            "aliases": [
                "EntitytargetingTemplate1Props"
            ],
            "objclass": "GridItemEntityTargetingProps",
            "objdata": {
                "ArtCenter": {
                    "x": 98,
                    "y": 120
                },
	"PopAnimRenderScale": {
                    "x": 1.25,
                    "y": 1.25
                },
                "BreakEffect": "POPANIM_EFFECTS_POWER_POTION_DESTROYED_EFFECT",
                "BreakEffectSound": "Play_Plant_EvilShroom_Toughness",
                "DamageStateCount": 5,
                "HitRectOffsetWidth": -30,
                "HitRectOffsetX": 15,
                "Height": "tall",
                "Hitpoints": 300,
	"IsAnimated": false,
                "Actions": [
                    {
                        "Type": "damage",
                        "TargetArea": "rect",
                        "EntitiesToAffect": [],
                        "Damage": 0,
                        "SecondsBetweenEffects": 9999,
                        "RangeInGridSquares": 1.5,
                       "ZConditions": [
                            {
                                "Condition": "unsuspendable",
                                "Duration": {
                                    "Min": 0,
                                    "Max": 0
                                }
                            }
                        ]
                    }
                ],
                "Teams": [
                    "plants"
                ],
               "PopAnim": "POPANIM_GRAVESTONES_DARK_PLANTFOOD",
               "PopAnimIdleAnim": "idle",
	"PopAnimRigClass": "GridItemDestroyableAnimRig",
                "Regenerates": false,
                "ScaledProps": [
                    {
                        "Arg1": 1.3,
                        "Arg2": 0.05,
                        "Formula": "standard",
                        "Key": "Hitpoints"
                    }
                ],
	"PlantingRestrictions": {
                    "BlockedPlantingReason": "PLANTING_NOT_ON_HEALER_STAFF",
                    "List": [],
                    "ListType": "whitelist"
                }
            }
        },
        {}
    ],
    "version": 1
}