{"#comment": "VB (1-4) | ELM: Ver-10.1 [RFL v1.1.2]",
"#zombies": "",
"objects": [{
    "objclass": "LevelDefinition",
    "objdata": {
    "StartingSun": 0,
    "Description": "",
    "FirstRewardParam": "moneybag",
    "IsVasebreaker": true,
    "AddBonusStartingSun": false,
    "NormalPresentTable": "egypt_normal_01",
    "ShinyPresentTable": "egypt_shiny_01",
    "Loot": "RTID(DefaultLoot@LevelModules)",
    "ResourceGroupNames": [
        "DelayLoad_Background_Beach",
        "DelayLoad_Background_Beach_Compressed",
        "Tombstone_Dark_Special",
        "Tombstone_Dark_Effects"
    ],
    "Modules": [
        "RTID(OffScreenZombiesCoinOverride@LevelModules)",
        "RTID(IPP_Protect@CurrentLevel)",
        "RTID(SeedBank@CurrentLevel)",
        "RTID(VaseBreakerArcade@LevelModules)",
        "RTID(VaseBreakerProps@CurrentLevel)",
        "RTID(ZombiesDeadWinCon@LevelModules)",
        "RTID(DefaultZombieWinCondition@LevelModules)"
    ],
    "Name": "VB (1-4)",
    "StageModule": "RTID(FrontLawnStage@LevelModules)",
    "MusicType": "MiniGame_C"
}},
{"aliases": ["SeedBank"],
"objclass": "SeedBankProperties",
"objdata": {
    "PresetPlantList": [
        {"PlantType": "bonkchoy", "Level":-1}
    ],
    "SelectionMethod": "preset"
}},
{"aliases": ["VaseBreakerProps"],
"objclass": "VaseBreakerPresetProperties",
"objdata": {
    "VaseGridItemType": "vase",
    "MinColumnIndex": 0,
    "MaxColumnIndex": 8,
    "GridSquareExcludelist": [
        {"mX": 0, "mY": 0},
        {"mX": 1, "mY": 0},
        {"mX": 2, "mY": 0},
        {"mX": 3, "mY": 0},
        {"mX": 8, "mY": 0},
        {"mX": 0, "mY": 1},
        {"mX": 1, "mY": 1},
        {"mX": 2, "mY": 1},
        {"mX": 3, "mY": 1},
        {"mX": 0, "mY": 2},
        {"mX": 1, "mY": 2},
        {"mX": 2, "mY": 2},
        {"mX": 3, "mY": 2},
        {"mX": 4, "mY": 2},
        {"mX": 8, "mY": 2},
        {"mX": 0, "mY": 3},
        {"mX": 1, "mY": 3},
        {"mX": 2, "mY": 3},
        {"mX": 3, "mY": 3},
        {"mX": 0, "mY": 4},
        {"mX": 1, "mY": 4},
        {"mX": 2, "mY": 4},
        {"mX": 3, "mY": 4},
        {"mX": 8, "mY": 4}
    ],
    "Vases": [
        {"ZombieTypeName": "tutorial", "Count": 1},
        {"ZombieTypeName": "tutorial_armor1", "Count": 2},
        {"ZombieTypeName": "tutorial_armor2", "Count": 1},
        {"ZombieTypeName": "tutorial_balloon", "Count": 2},
        {"ZombieTypeName": "tutorial_imp", "Count": 2},
        {"PlantTypeName": "peashooter", "Count": 4},
        {"PlantTypeName": "wallnut", "Count": 1},
        {"PlantTypeName": "squash", "Count": 1},
        {"PlantTypeName": "snowpea", "Count": 2},
        {"PlantTypeName": "cabbagepult", "Count": 4},
        {"CollectableTypeName": "plantfood", "Count": 1}
    ],
    "NumColoredPlantVases": 3,
    "NumColoredZombieVases": 0
}},
{"aliases":["BeatTheLevel"],
"objclass": "StarChallengeBeatTheLevelProps",
"objdata": {
    "Description": "Survive and protect the endangered plants\nSurvive the zombie attack with the given plant",
    "DescriptiveName": "Custom Objective"
}},
{"aliases":["IPP_Protect"],
"objclass": "ProtectThePlantChallengeProperties",
"objdata": {
    "Plants": [
        {"GridX": 2, "GridY": 1, "Level": 0, "PlantType":"sunflower"},
        {"GridX": 2, "GridY": 3, "Level": 0, "PlantType":"sunflower"}
    ], 
    "MustProtectCount": 2
}},
{"aliases": ["Escalation"],
"objclass": "LevelEscalationModuleProperties",
"objdata": {
    "FlagCount": 0,
    "WavesPerFlag": 8,
    "PlantfoodToSpawnCount": 0,
    "StartingPoints": 0,
    "PointIncrementPerWave": 0,
    "WaveManagerProps": "RTID(WaveManager@CurrentLevel)",
    "ZombiePool": [
        "RTID(tutorial@ZombieTypes)"
    ]
}},
{"aliases": ["NewWaves"],
"objclass": "WaveManagerModuleProperties",
"objdata": {}
},
{"aliases": ["WaveManager"],
"objclass": "WaveManagerProperties",
"objdata": {
    "FlagWaveInterval": 8,
    "WaveCount": 0,
    "SuppressFlagZombie": false,
    "Waves": [

    ]
}},
        {}
    ],
    "version": 1
}