{"#comment": "VB (1-3) | ELM: Ver-10.1 [RFL v1.1.2]",
"#zombies": "",
"objects": [{
    "objclass": "LevelDefinition",
    "objdata": {
    "StartingSun": 50,
    "Description": "",
    "FirstRewardParam": "moneybag",
    "IsVasebreaker": true,
    "NormalPresentTable": "egypt_normal_01",
    "ShinyPresentTable": "egypt_shiny_01",
    "Loot": "RTID(DefaultLoot@LevelModules)",
    "ResourceGroupNames": [
        "DelayLoad_Background_Beach",
        "DelayLoad_Background_Beach_Compressed",
        "Tombstone_Dark_Special",
        "Tombstone_Dark_Effects"
    ],
    "Modules": [
        "RTID(OffScreenZombiesCoinOverride@LevelModules)",
        "RTID(VaseBreakerArcade@LevelModules)",
        "RTID(VaseBreakerProps@CurrentLevel)",
        "RTID(ZombiesDeadWinCon@LevelModules)",
        "RTID(DefaultZombieWinCondition@LevelModules)"
    ],
    "Name": "VB (1-3)",
    "StageModule": "RTID(FrontLawnStage@LevelModules)",
    "MusicType": "MiniGame_C"
}},
{"aliases": ["VaseBreakerProps"],
"objclass": "VaseBreakerPresetProperties",
"objdata": {
    "VaseGridItemType": "vase",
    "MinColumnIndex": 0,
    "MaxColumnIndex": 8,
    "GridSquareExcludelist": [
        {"mX": 0, "mY": 0},
        {"mX": 1, "mY": 0},
        {"mX": 2, "mY": 0},
        {"mX": 8, "mY": 0},
        {"mX": 0, "mY": 1},
        {"mX": 1, "mY": 1},
        {"mX": 2, "mY": 1},
        {"mX": 8, "mY": 1},
        {"mX": 0, "mY": 2},
        {"mX": 1, "mY": 2},
        {"mX": 2, "mY": 2},
        {"mX": 8, "mY": 2},
        {"mX": 0, "mY": 3},
        {"mX": 1, "mY": 3},
        {"mX": 2, "mY": 3},
        {"mX": 8, "mY": 3},
        {"mX": 0, "mY": 4},
        {"mX": 1, "mY": 4},
        {"mX": 2, "mY": 4},
        {"mX": 8, "mY": 4}
    ],
    "Vases": [
        {"ZombieTypeName": "tutorial", "Count": 3},
        {"ZombieTypeName": "tutorial_armor1", "Count": 3},
        {"ZombieTypeName": "tutorial_armor2", "Count": 1},
        {"ZombieTypeName": "tutorial_balloon", "Count": 1},
        {"ZombieTypeName": "tutorial_imp", "Count": 3},
        {"PlantTypeName": "peashooter", "Count": 3},
        {"PlantTypeName": "wallnut", "Count": 1},
        {"PlantTypeName": "splitpea", "Count": 4},
        {"PlantTypeName": "cabbagepult", "Count": 3},
        {"PlantTypeName": "squash", "Count": 2},
        {"CollectableTypeName": "plantfood", "Count": 1}
    ],
    "NumColoredPlantVases": 3,
    "NumColoredZombieVases": 0
}},
{"aliases": ["Escalation"],
"objclass": "LevelEscalationModuleProperties",
"objdata": {
    "FlagCount": 0,
    "WavesPerFlag": 8,
    "PlantfoodToSpawnCount": 0,
    "StartingPoints": 0,
    "PointIncrementPerWave": 0,
    "WaveManagerProps": "RTID(WaveManager@CurrentLevel)",
    "ZombiePool": [
        "RTID(tutorial@ZombieTypes)"
    ]
}},
{"aliases": ["NewWaves"],
"objclass": "WaveManagerModuleProperties",
"objdata": {}
},
{"aliases": ["WaveManager"],
"objclass": "WaveManagerProperties",
"objdata": {
    "FlagWaveInterval": 8,
    "WaveCount": 0,
    "SuppressFlagZombie": false,
    "Waves": [

    ]
}},
        {}
    ],
    "version": 1
}