{
            "objclass": "ZombieType",
            "aliases": [
                "ztech_teleporter"
            ],
            "objdata": {
                "TypeName": "carnie_magician",
                "ZombieClass": "ZombieCarnieMagician",
                "Properties": "RTID(ZombieCarnieMagician@.)",
                "ResourceGroups": [
                    "ZombieCarnieDoveGroup",
                    "ZombieWestChickenGroup",
                    "ZombieCarnieMagicianGroup",
                    "ZombieZmechTeleportGroup",
"ZombieFutureBasicGroup"
                ],
                "Comment": " Need to be updated after art integration",
                "AudioGroups": [
                    "ZombieCarnieMagicianAudio"
                ],
                "AnimRigClass": "ZombieAnimRig_FutureBasic",
                "PopAnim": "POPANIM_ZOMBIE_ZOMBIE_FUTURE_BASIC_BRICK",
                "HomeWorld": "rift2",
                "AlmanacBackdropName": "warp",
                "Placeable": true
            }
        },
{
            "aliases": [
                "ZombieCarnieMagician"
            ],
            "objclass": "ZombieCarnieMagicianProps",
            "objdata": {
                "Actions": [
                    "RTID(ZombieCarnieMagicianTeleportActionOther@CurrentLevel)",
                    "RTID(ZombieCarnieMagicianTeleportActionSelf@CurrentLevel)",
                    "RTID(ZombieCarnieMagicianSpawnDove@ZombieActions)"
                ],
                "TeleportOtherStartTime": 999999999999999,
                "TeleportSelfStartTime": 15,
                "DoveSpawnStartTime": 99999999999999999999,
                "TimeBetweenTeleportOther": 9999999999999999,
                "TimeBetweenTeleportSelf": 99999999999999999,
                "TimeBetweenDoveSpawn": 99999999999,
                
                "ImmuneToPlantRestrictionSet": {
                    "List": [
                        "thymewarp",
                        "caulipower",
                        "imppear",
                        "hocus",
                        "witchhazel",
                        "hypnoshroom",
                        "shrinkingviolet",
                        "solarsage",
                        "sporeshroom"
                    ],
                    "ListType": "excludelist"
                },
                "StreetSize": {
                    "x": 3,
                    "y": 2
                },
                "ArtCenter": {
                    "x": 90,
                    "y": 125
                },
                "ShadowOffset": {
                    "x": 10,
                    "y": 0,
                    "z": 1.2
                },
                "AttackRect": {
                    "mHeight": 95,
                    "mWidth": 62,
                    "mX": 10,
                    "mY": 0
                },
                "HitRect": {
                    "mHeight": 95,
                    "mWidth": 62,
                    "mX": 10,
                    "mY": 10
                },
                "CanSpawnPlantFood": true,
                "Cost": 150,
                "EatDPS": 100,
                "GroundTrackName": "ground_swatch",
                "Hitpoints": 400,
                "ScaledProps": [
                    {
                        "Arg1": 1.3,
                        "Arg2": 0.05,
                        "Formula": "standard",
                        "Key": "Hitpoints"
                    },
                    {
                        "Formula": "constant",
                        "Key": "Speed"
                    }
                ],
                "Speed": 0.5,
                "WavePointCost": 900,
                "Weight": 3500,
"ZombieArmorProps": [
                      "RTID(RedYoshiArmor@CurrentLevel)"    
                ],

                "ZombieStats": [
                    {
                        "Type": "toughness",
                        "Value": "toughness5"
                    },
                    {
                        "Type": "speed",
                        "Value": "speed0"
                    }
                ]
            }
        },
{
            "objclass": "ZombieTeleportActionDefinition",
            "aliases": [
                "ZombieCarnieMagicianTeleportActionOther"
            ],
            "objdata": {
                "NumZombies": 1,
                "TilesToAdvance": 2.0,
                "WeightLeftmost": 20,
                "WeightRightmost": 35,
                "WeightRandom": 10,
                "TimeBeforeWarpStart": 0.0,
                "TimeOfWarpOut": 0,
                "TimeZombieIsGone": 0.5,
                "TimeOfWarpIn": 1,
                "Phase": "Attacking",
                "ColumnMin": 4,
                "DelayWarpIn": true,
                "RampUpAnimation": "walk",
                "LoopingAnimation": "",
                "RampDownAnimation": "idle",
                "AnimationSoundFX": "Play_Zomb_Carnival_Magician_Teleport",
                "NoRepeatTargets": true,
                "DoOnlySelfTeleport": false,
                "IgnoreSelfWhileTeleportingOther": true,
                "CanShiftLane": true,
                
                "comment": "Random number between 0 and 'MaxRowShift' is choosen to shift zombies to other lanes",
                "MaxRowShift": 3,
                "ShouldAshOnTeleportError": true,
                "ConditionsRemovedByWarping": [
                    "gummed"
                ],
                "ZombieTargetExcludeList": {
                    "ListType": "excludelist",
                    "List": [
                        "ZombieRomanShield",
                        "ZombieRomanTopShield",
                        "ZombieCamel",
                        "ZombieGargantuar",
                        "ZombieGeneralBase",
                        "ZombieZombossMech",
                        "ZombieCarnieCannon",
                        "ZombiePirateCannon",
                        "ZombieRomanBallista",
                        "ZombieBullVeteran",
                        "ZombieBull",
                        "ZombieTreasureYeti",
                        "ZombieCarnieDove",
                        "ZombiePirateParrot",
                        "ZombieBeachFisherman",
                        "ZombieZcorpRacerProps",
                        "ZombieZCorpConsultant",
                        "ZombieDarkKing"
                    ]
                }
            }
        },
        {
            "objclass": "ZombieTeleportActionDefinition",
            "aliases": [
                "ZombieCarnieMagicianTeleportActionSelf"
            ],
            "objdata": {
                "NumZombies": 1,
                "TilesToAdvance": 2.0,
                "WeightLeftmost": 50,
                "WeightRightmost": 50,
                "WeightRandom": 50,
                "TimeBeforeWarpStart": 0.0,
                "TimeOfWarpOut": 0,
                "TimeZombieIsGone": 0.5,
                "TimeOfWarpIn": 1,
                "Phase": "Attacking",
                "ColumnMin": 4,
                "DelayWarpIn": false,
                "RampUpAnimation": "idle",
                "LoopingAnimation": "",
                "RampDownAnimation": "idle",
                "AnimationSoundFX": "Play_Zomb_Carnival_Magician_Teleport",
                "NoRepeatTargets": true,
                "DoOnlySelfTeleport": true,
                "IgnoreSelfWhileTeleportingOther": false,
                "CanShiftLane": true,
                "comment": "Random number between 0 and 'MaxRowShift' is chosen to shift zombies to other lanes",
                "MaxRowShift": 3,
                "ShouldAshOnTeleportError": true,
                "ConditionsRemovedByWarping": [
                    "gummed"
                ]
            }
        },
{
            "objclass": "ArmorPropertySheet",
            "aliases": [
                "RedYoshiArmor"
            ],
            "objdata": {
                "ArmorType": "Bucket",
                "BaseHealth": 800.0,
                "ArmorFlags": [
                    "damageable",
                    "droppable",
                    "helm",
"metallic"
                ],
                "ArmorLayers": [
                    "zombie_armor_bucket_norm",
                    "zombie_armor_bucket_damage_01",
                    "zombie_armor_bucket_damage_02"
                ],
                "ArmorLayerHealth": [
                    0.666,
                    0.333
                ],
                "ImpactSoundEvent": "Play_impact_shieldhit"
            }
        },