{"#comment": "Dave's Challenge: Cosmic Country Gardenclub | ELM: Ver-10.2-Pre1 [RFL v1.2]",
"#zombies": "idiot",
"objects": [{
    "objclass": "LevelDefinition",
    "objdata": {
    "StartingSun": 0,
    "Description": "{PLAYER}'s teaching zombie lessons!",
    "FirstRewardParam": "moneybag",
    "LevelPowerupSet": "LevelPowerupsDisabled",
    "SuppressPlantfoodPurchase": true,
    "SuppressSunSpawn": true,
    "NormalPresentTable": "egypt_normal_01",
    "ShinyPresentTable": "egypt_shiny_01",
    "Loot": "RTID(DefaultLoot@LevelModules)",
    "ResourceGroupNames": [
        "DelayLoad_Background_Beach",
        "DelayLoad_Background_Beach_Compressed",
        "Tombstone_Dark_Special",
        "Tombstone_Dark_Effects",
        "GridItemZombiePotion",
        "GridItemZombiePotionAudio",
        "Tombstone_Dark_Plantfood",
        "Eighties_Background_Effects"
    ],
    "Modules": [
        "RTID(OffScreenZombiesCoinOverride@LevelModules)",
        "RTID(StandardIntro@LevelModules)",
        "RTID(GI@CurrentLevel)",
        "RTID(IPP@CurrentLevel)",
        "RTID(Rails@CurrentLevel)",
        "RTID(BowlingLine@CurrentLevel)",
        "RTID(Escalation@CurrentLevel)",
        "RTID(NewWaves@CurrentLevel)",
        "RTID(BowlingLine@CurrentLevel)",
        "RTID(IZombieWinCondition@CurrentLevel)",
        "RTID(Brain@CurrentLevel)",
        "RTID(ChallengeModule@CurrentLevel)",
        "RTID(JamActivatorWest@LevelModules)",
        "RTID(ZombiesDeadWinCon@LevelModules)"
    ],
    "Name": "Dave's Extra Challenge: Cosmic Country Gardenclub",
    "StageModule": "RTID(WestStage@LevelModules)",
    "MusicType": "MiniGame_A"
}},
{
			"objclass": "ZombieType",
			"aliases": [
				"west_bul"
			],
			"objdata": {
				"TypeName": "carnie_magician",
				"ZombieClass": "ZombieCarnieMagician",
				"Properties": "RTID(FuckYouBull@.)",
				"ResourceGroups": [
					"ZombieCarnieDoveGroup",
					"ZombieWestChickenGroup",
					"ZombieHamsterBallGroup",
                    "ZombieWestBullRiderGroup",
                    "ZombiePirateBarrelPusherGroup",
                    "ZombiePirateImpGroup",
                    "ZombieWestPianoGroup",
                    "ZombiePirateCannonGroup",
                    "ZombiePirateImpGroup",
                    "ZombieDummyGroup",
                    "ZombieEgyptCamelGroup",
                    "ZombieEgyptBasicGroup",
                    "ZombieSteamCoalMinerGroup",
                    "ZombiePVZABarrelGroup",
					"ZombieCarnieMagicianGroup",
					"ZombieZmechTeleportGroup"
				],
				"Comment": " Need to be updated after art integration",
				"AudioGroups": [
					"ZombieCarnieMagicianAudio"
				],
				"AnimRigClass": "ZombieAnimRig_Tutorial",
				"PopAnim": "POPANIM_ZOMBIE_DUMMY",
				"HomeWorld": "rift2",
				"AlmanacBackdropName": "warp",
				"Placeable": true
			}
		},
		{
 			"aliases": [
 				"FuckYouBull"
 			],
 			"objclass": "ZombieCarnieMagicianProps",
 			"objdata": {
 				"Actions": [
 					"RTID(IHateBullSpawner_credits_to_nutshade_btw@.)"
 				],
 				"TeleportOtherStartTime": 0.05,
 				"TeleportSelfStartTime": 9999,
 				"DoveSpawnStartTime": 9999,
 				"TimeBetweenTeleportOther": 9999,
 				"TimeBetweenTeleportSelf": 9999,
 				"TimeBetweenDoveSpawn": 9999,
 				"TeleportationFailPercentage": 0,
 				"ImmuneToPlantRestrictionSet": {
 					"List": [],
 					"ListType": "excludelist"
 				},
 				"StreetSize": {
 					"x": 3,
 					"y": 2
 				},
 				"ArtCenter": {
 					"x": -99999,
 					"y": -99999
 				},
 				"ShadowOffset": {
 					"x": 0,
 					"y": 0,
 					"z": 0
 				},
 				"AttackRect": {
 					"mHeight": 90,
 					"mWidth": 20,
 					"mX": -9999,
 					"mY": -9999
 				},
 				"HitRect": {
 					"mHeight": 95,
 					"mWidth": 42,
 					"mX": -9999,
 					"mY": -9999
 				},
 				"CanSpawnPlantFood": true,
                 "CanSurrender": true,
                 "TimeToKillInSeconds": 3,
 				"Cost": 150,
 				"EatDPS": 100,
 				"GroundTrackName": "ground_swatch",
 				"Hitpoints": 620,
 				"ScaledProps": [{
 						"Arg1": 1.3,
 						"Arg2": 0.05,
 						"Formula": "standard",
 						"Key": "Hitpoints"
 					},
 					{
 						"Formula": "constant",
 						"Key": "Speed"
 					}
 				],
 				"Speed": 0.26,
 				"WavePointCost": 650,
 				"Weight": 3500,
 				"ZombieStats": [{
 						"Type": "toughness",
 						"Value": "toughness3"
 					},
 					{
 						"Type": "speed",
 						"Value": "speed2"
 					},
 					{
 						"Type": "variable",
 						"Value": "damage2"
 					}
 				]
 			}
 		},{
            "objclass": "ZombieDropZombiesOnBoardActionDefinition",
            "aliases": [
                "IHateBullSpawner_credits_to_nutshade_btw"
            ],
            "objdata": {
                "Weight": 1,
                "RepeatMin": 0,
                "RepeatMax": 0,
                "ColumnEnd": "0",
                "ColumnStart": "0",
                "MinSpawn": "1",
                "MaxSpawn": "1",
                "ZombieNames": [ "zmech_template_1" ],
                "ZombieWeights": [ 100 ],
                "TimeBeforeSpawn": 0.05,
                "ZombieFallTime": 0,
                "Phase": "Attacking",
                "CenterOnInstigator": true,
                "RampUpAnimation": "",
                "LoopingAnimation": "eat",
                "RampDownAnimation": "",
                "EffectTypeToShow": "",
                "DropAudioEvent": "Play_SeaSpill_SpawnToxin"
            }
        },
        {
			"aliases": [
				"ZmechTemplate1Props"
			],
			"objclass": "ZombieGeneralZmechProps",
			"objdata": {
				"Actions": [
					"RTID(ILoveBull_changed_my_mind@.)"
				],
				"LifetimeSeconds": 999999,
				"GeneralPhase": 0,
				"ScoreOverride": 75000,
				"StreetSize": {
					"x": 3,
					"y": 2
				},
				"ArtCenter": {
					"x": -9999,
					"y": -9999
				},
				"ShadowOffset": {
					"x": 0,
					"y": 0,
					"z": 0
				},
				"AttackRect": {
					"mHeight": 95,
					"mWidth": 82,
					"mX": -9999,
					"mY": -9999
				},
				"HitRect": {
					"mHeight": 95,
					"mWidth": 62,
					"mX": -9999,
					"mY": -9999
				},
				"CrosshairAnimation": "missile_lock_reticle",
				"CrosshairPopAnim": "POPANIM_EFFECTS_ZOMBOSS_MISSILE_EXPLOSION_FUTURE",
				"FoeEatDamageReflectPct": 0.5,
				"RocketAnimation": "missile",
				"RocketExplosionAnimation": "missile_explosion",
				"CraterLifetime": 5,
				"StunTime": 2,
				"CollideHypnotizedZombies": "ignore",
				"CanSpawnPlantFood": false,
 				"CanBePlantTossedStrong": false,
 				"CanBePlantTossedWeak": false,
 				"CanSurrender": true,
 				"CanTriggerZombieWin": false,
				"Cost": 150,
				"EatDPS": 100,
				"GroundTrackName": "ground_swatch",
				"Hitpoints": 2,
				"ScaledProps": [
					{
						"Arg1": 1.3,
						"Arg2": 0.05,
						"Formula": "standard",
						"Key": "Hitpoints"
					},
					{
						"Formula": "constant",
						"Key": "Speed"
					}
				],
				"Speed": 0.5,
				"WavePointCost": 100,
				"Weight": 3500,
				"ZombieStats": [
					{
						"Type": "toughness",
						"Value": "toughness5"
					},
					{
						"Type": "speed",
						"Value": "speed0"
					}
				]
			}
		},
		{
            "objclass": "ZombieDropActionDefinition",
            "aliases": [
                "ILoveBull_changed_my_mind"
            ],
            "objdata": {
                "Weight": 1,
                "RepeatMin": 0,
                "RepeatMax": 0,
                "Phase": "Entering",
                "PhaseAfter": "Destroy",
                "Invulnerable": "true",
                "Animation": "",
				"SoundOnStart": "Play_Plant_DaisyChain_Transition_01",
                "AwardDrop": "RTID(wedroppingthebullWOOHOOO@.)"
            }
        },{
            "objclass": "ZombieDropProps",
            "aliases": [
                "wedroppingthebullWOOHOOO"
            ],
            "objdata": {
                "Zombies": [
                    {
                        "Type": "west_bull",
						"Hypnotized": false,
						"TossGridXDelta": 0,
						"TossGridYDelta": 0,
						"SpawnGridXDelta": -1,
						"SpawnGridYDelta": 0,
						"SpawnGridZDelta": 0,
						"TossDuration": 0,
						"TossApexHeight": 0
                    }
                ]
            }
        },
{"aliases":["BowlingLine"],
"objclass": "BowlingMinigameProperties",
"objdata": { "BowlingFoulLine": 4 }
},
{"aliases":["BeatTheLevel"],
"objclass": "StarChallengeBeatTheLevelProps",
"objdata": {
    "Description": "Survive without the shovel",
    "DescriptiveName": "Custom Objective"
}},
{"aliases":["GI"],
"objclass":"InitialGridItemProperties",
"objdata":{
    "InitialGridItemPlacements": [
        {"GridX": 6, "GridY": 2, "TypeName":"railcart_egypt"},
        {"GridX": 7, "GridY": 2, "TypeName":"railcart_tutorial"},
        {"GridX": 1, "GridY": 15, "TypeName":"inviscrater"}
    ]
}},
{"aliases":["IPP"],
"objclass": "InitialPlantProperties",
"objdata": {
    "InitialPlantPlacements": [
        {"GridX": 0, "GridY": 0, "Level": -1, "TypeName":"sunflower"},
        {"GridX": 1, "GridY": 0, "Level": -1, "TypeName":"wintermelon"},
        {"GridX": 2, "GridY": 0, "Level": -1, "TypeName":"cactus"},
        {"GridX": 3, "GridY": 0, "Level": -1, "TypeName":"potatomine"},
        {"GridX": 4, "GridY": 0, "Level": -1, "TypeName":"tallnut"},
        {"GridX": 0, "GridY": 1, "Level": -1, "TypeName":"peashooter"},
        {"GridX": 1, "GridY": 1, "Level": -1, "TypeName":"peashooter"},
        {"GridX": 2, "GridY": 1, "Level": -1, "TypeName":"cactus"},
        {"GridX": 3, "GridY": 1, "Level": -1, "TypeName":"sunflower"},
        {"GridX": 4, "GridY": 1, "Level": -1, "TypeName":"phatbeet"},
        {"GridX": 0, "GridY": 2, "Level": -1, "TypeName":"wintermelon"},
        {"GridX": 1, "GridY": 2, "Level": -1, "TypeName":"lightningreed"},
        {"GridX": 2, "GridY": 2, "Level": -1, "TypeName":"repeater"},
        {"GridX": 3, "GridY": 2, "Level": -1, "TypeName":"phatbeet"},
        {"GridX": 4, "GridY": 2, "Level": -1, "TypeName":"tallnut"},
        {"GridX": 0, "GridY": 3, "Level": -1, "TypeName":"peashooter"},
        {"GridX": 1, "GridY": 3, "Level": -1, "TypeName":"repeater"},
        {"GridX": 2, "GridY": 3, "Level": -1, "TypeName":"wintermelon"},
        {"GridX": 3, "GridY": 3, "Level": -1, "TypeName":"cactus"},
        {"GridX": 4, "GridY": 3, "Level": -1, "TypeName":"potatomine"},
        {"GridX": 0, "GridY": 4, "Level": -1, "TypeName":"sunflower"},
        {"GridX": 1, "GridY": 4, "Level": -1, "TypeName":"cactus"},
        {"GridX": 2, "GridY": 4, "Level": -1, "TypeName":"sunflower"},
        {"GridX": 3, "GridY": 4, "Level": -1, "TypeName":"sunflower"},
        {"GridX": 4, "GridY": 4, "Level": -1, "TypeName":"phatbeet"}
    ]
}},
{"aliases": ["Rails"],
"objclass": "RailcartProperties",
"objdata": {
    "RailcartType": "railcart_cowboy",
        "Railcarts": [
            {"Column": 5, "Row": 2}
        ],
        "Rails": [
            {"Column": 5, "RowEnd": 0, "RowStart": 0},
            {"Column": 6, "RowEnd": 0, "RowStart": 0},
            {"Column": 7, "RowEnd": 0, "RowStart": 0},
            {"Column": 5, "RowEnd": 1, "RowStart": 1},
            {"Column": 6, "RowEnd": 1, "RowStart": 1},
            {"Column": 7, "RowEnd": 1, "RowStart": 1},
            {"Column": 5, "RowEnd": 2, "RowStart": 2},
            {"Column": 6, "RowEnd": 2, "RowStart": 2},
            {"Column": 7, "RowEnd": 2, "RowStart": 2},
            {"Column": 5, "RowEnd": 3, "RowStart": 3},
            {"Column": 6, "RowEnd": 3, "RowStart": 3},
            {"Column": 7, "RowEnd": 3, "RowStart": 3},
            {"Column": 5, "RowEnd": 4, "RowStart": 4},
            {"Column": 6, "RowEnd": 4, "RowStart": 4},
            {"Column": 7, "RowEnd": 4, "RowStart": 4}
        ]
}},
{"aliases": ["Escalation"],
"objclass": "LevelEscalationModuleProperties",
"objdata": {
    "FlagCount": 0,
    "WavesPerFlag": 100,
    "PlantfoodToSpawnCount": 0,
    "StartingPoints": 0,
    "PointIncrementPerWave": 0,
    "WaveManagerProps": "RTID(WaveManager@CurrentLevel)",
    "ZombiePool": [

    ]
}},
{"aliases": ["NewWaves"],
"objclass": "WaveManagerModuleProperties",
"objdata": {}
},
{"aliases": ["WaveManager"],
"objclass": "WaveManagerProperties",
"objdata": {
    "FlagWaveInterval": 100,
    "WaveCount": 50,
    "SuppressFlagZombie": true,
    "MinNextWaveHealthPercentage": 0,
    "MaxNextWaveHealthPercentage": 0,
    "ZombieCountdownHugeWaveDelay": 0,
    "Waves": [
        ["RTID(ShowInStreet@.)", "RTID(A1@.)"],
        ["RTID(A2@.)"],
        ["RTID(A3@.)"],
        ["RTID(A4@.)"],
        ["RTID(Wave5@.)", "RTID(pianop@.)", "RTID(ZZZ@.)", "RTID(ZZZ1@.)", "RTID(ZZZ2@.)"],
        ["RTID(B@.)"],
        ["RTID(B1@.)"],
        ["RTID(B2@.)"],
        ["RTID(B3@.)"],
        ["RTID(Wave10@.)", "RTID(jam_punk@.)", "RTID(BBB@.)", "RTID(BBB1@.)"],
        ["RTID(C@.)"],
        ["RTID(C1@.)"],
        ["RTID(C2@.)"],
        ["RTID(C3@.)"],
        ["RTID(Wave15@.)", "RTID(VVV@.)", "RTID(VVV1@.)", "RTID(ZZZ2@.)"],
        ["RTID(D@.)"],
        ["RTID(D1@.)"],
        ["RTID(D2@.)"],
        ["RTID(D3@.)"],
        ["RTID(Wave20@.)", "RTID(lasingero@.)", "RTID(ZZZ1@.)", "RTID(HH@.)"],
        ["RTID(E@.)"],
        ["RTID(E1@.)"],
        ["RTID(E2@.)"],
        ["RTID(E3@.)"],
        ["RTID(Wave25@.)", "RTID(MMM@.)", "RTID(MMM1@.)", "RTID(MMM2@.)"],
        ["RTID(F@.)"],
        ["RTID(F1@.)"],
        ["RTID(F2@.)"],
        ["RTID(F3@.)"],
        ["RTID(Wave30@.)", "RTID(JJJ@.)", "RTID(JJJ1@.)", "RTID(ZZZ2@.)", "RTID(JJJ2@.)"],
        ["RTID(G@.)"],
        ["RTID(G1@.)"],
        ["RTID(G2@.)"],
        ["RTID(G3@.)"],
        ["RTID(Wave35@.)", "RTID(ZAZA@.)", "RTID(ZAZA1@.)", "RTID(ZAZA2@.)"],
        ["RTID(H@.)"],
        ["RTID(H1@.)"],
        ["RTID(H2@.)"],
        ["RTID(H3@.)"],
        ["RTID(Wave40@.)", "RTID(ORB@.)", "RTID(ORA@.)", "RTID(MMM1@.)", "RTID(MMM2@.)", "RTID(ORB1@.)", "RTID(ORB2@.)"]
    ]
}},
{"aliases":["Wave5"],
"objclass": "SpawnZombiesJitteredWaveActionProps",
"objdata":{
    "AdditionalPlantfood": 0,
    "Zombies": [
        {"Row": "3", "Type": "RTID(idiot@ZombieTypes)"}
    ]
}},

{"aliases":["Wave10"],
"objclass": "SpawnZombiesJitteredWaveActionProps",
"objdata":{
    "AdditionalPlantfood": 0,
    "Zombies": [
        {"Row": "3", "Type": "RTID(idiot@ZombieTypes)"}
    ]
}},

{"aliases":["Wave15"],
"objclass": "SpawnZombiesJitteredWaveActionProps",
"objdata":{
    "AdditionalPlantfood": 0,
    "Zombies": [
        {"Row": "3", "Type": "RTID(idiot@ZombieTypes)"}
    ]
}},

{"aliases":["Wave20"],
"objclass": "SpawnZombiesJitteredWaveActionProps",
"objdata":{
    "AdditionalPlantfood": 0,
    "Zombies": [
        {"Row": "3", "Type": "RTID(idiot@ZombieTypes)"}
    ]
}},

{"aliases":["Wave25"],
"objclass": "SpawnZombiesJitteredWaveActionProps",
"objdata":{
    "AdditionalPlantfood": 0,
    "Zombies": [
        {"Row": "3", "Type": "RTID(idiot@ZombieTypes)"}
    ]
}},

{"aliases":["Wave30"],
"objclass": "SpawnZombiesJitteredWaveActionProps",
"objdata":{
    "AdditionalPlantfood": 0,
    "Zombies": [
        {"Row": "3", "Type": "RTID(idiot@ZombieTypes)"}
    ]
}},

{"aliases":["Wave35"],
"objclass": "SpawnZombiesJitteredWaveActionProps",
"objdata":{
    "AdditionalPlantfood": 0,
    "Zombies": [
        {"Row": "3", "Type": "RTID(idiot@ZombieTypes)"}
    ]
}},

{"aliases":["Wave40"],
"objclass": "SpawnZombiesJitteredWaveActionProps",
"objdata":{
    "AdditionalPlantfood": 0,
    "Zombies": [
        {"Row": "3", "Type": "RTID(idiot@ZombieTypes)"}
    ]
}},

{"aliases":["Wave45"],
"objclass": "SpawnZombiesJitteredWaveActionProps",
"objdata":{
    "AdditionalPlantfood": 0,
    "Zombies": [
        {"Row": "3", "Type": "RTID(idiot@ZombieTypes)"}
    ]
}},

{"aliases":["Wave50"],
"objclass": "SpawnZombiesJitteredWaveActionProps",
"objdata":{
    "AdditionalPlantfood": 0,
    "Zombies": [
        {"Row": "3", "Type": "RTID(idiot@ZombieTypes)"}
    ]
}},
{"aliases":["ShowInStreet"],
"objclass": "SpawnZombiesFromGridItemSpawnerProps",
"objdata": {
    "WaveStartMessage": "",
    "ZombieSpawnWaitTime": 0,
    "SuppressActionIfNoGridItemsFound": false,
    "AdditionalPlantfood": "0",
    "GridTypes": [
        
    ],
    "Zombies": [
        {"Type":"RTID(west_bull@ZombieTypes)"}
    ]
}},
{"aliases":["A1"],
"objclass": "ParachuteRainZombieSpawnerProps",
"objdata": {
    "ColumnStart": 5,
    "ColumnEnd": 7,
    "GroupSize": 1,
    "TimeBetweenGroups": "0.2",
    "ZombieFallTime": "1.5",
    "SpiderZombieName": "lostcity_lostpilot",
    "SpiderCount": 0,
    "WaveStartMessage": "Buckethead - Conehead - Conehead"
}},{"aliases":["pianop"],
"objclass": "SpawnZombiesFromGridItemSpawnerProps",
"objdata": {
    "WaveStartMessage": "Necromancy!",
    "ZombieSpawnWaitTime": 0,
    "SuppressActionIfNoGridItemsFound": true,
    "AdditionalPlantfood": "0",
    "GridTypes": [
        "RTID(inviscrater@GridItemTypes)"
    ],
    "Zombies": [
        {"Type":"RTID(piani@CurrentLevel)"}
    ]
}},{"aliases":["A2"],
"objclass": "ParachuteRainZombieSpawnerProps",
"objdata": {
    "ColumnStart": 5,
    "ColumnEnd": 7,
    "GroupSize": 1,
    "TimeBetweenGroups": "0.2",
    "ZombieFallTime": "1.5",
    "SpiderZombieName": "lostcity_lostpilot",
    "SpiderCount": 0,
    "WaveStartMessage": "3\nBuckethead - Conehead - Conehead"
}},{"aliases":["A3"],
"objclass": "ParachuteRainZombieSpawnerProps",
"objdata": {
    "ColumnStart": 5,
    "ColumnEnd": 7,
    "GroupSize": 1,
    "TimeBetweenGroups": "0.2",
    "ZombieFallTime": "1.5",
    "SpiderZombieName": "lostcity_lostpilot",
    "SpiderCount": 0,
    "WaveStartMessage": "2\nBuckethead - Conehead - Conehead"
}},{"aliases":["A4"],
"objclass": "ParachuteRainZombieSpawnerProps",
"objdata": {
    "ColumnStart": 5,
    "ColumnEnd": 7,
    "GroupSize": 1,
    "TimeBetweenGroups": "0.2",
    "ZombieFallTime": "1.5",
    "SpiderZombieName": "lostcity_lostpilot",
    "SpiderCount": 0,
    "WaveStartMessage": "1\nBuckethead - Conehead - Conehead"
}},{"aliases":["ZZZ"],
"objclass": "SpawnZombiesFromGridItemSpawnerProps",
"objdata": {
    "WaveStartMessage": "Necromancy!",
    "ZombieSpawnWaitTime": 0,
    "SuppressActionIfNoGridItemsFound": false,
    "AdditionalPlantfood": "0",
    "GridTypes": [
        "RTID(railcart_cowboy@GridItemTypes)"
    ],
    "Zombies": [
        {"Type":"RTID(cowboy_armor2@ZombieTypes)"}
    ]
}},
{"aliases":["ZZZ1"],
"objclass": "SpawnZombiesFromGridItemSpawnerProps",
"objdata": {
    "WaveStartMessage": "Necromancy!",
    "ZombieSpawnWaitTime": 0,
    "SuppressActionIfNoGridItemsFound": false,
    "AdditionalPlantfood": "0",
    "GridTypes": [
        "RTID(railcart_egypt@GridItemTypes)"
    ],
    "Zombies": [
        {"Type":"RTID(cowboy_armor1@ZombieTypes)"}
    ]
}},
{"aliases":["ZZZ2"],
"objclass": "SpawnZombiesFromGridItemSpawnerProps",
"objdata": {
    "WaveStartMessage": "Necromancy!",
    "ZombieSpawnWaitTime": 0,
    "SuppressActionIfNoGridItemsFound": false,
    "AdditionalPlantfood": "0",
    "GridTypes": [
        "RTID(railcart_tutorial@GridItemTypes)"
    ],
    "Zombies": [
        {"Type":"RTID(cowboy_armor1@ZombieTypes)"}
    ]
}},
{"aliases":["B"],
"objclass": "ParachuteRainZombieSpawnerProps",
"objdata": {
    "ColumnStart": 5,
    "ColumnEnd": 7,
    "GroupSize": 1,
    "TimeBetweenGroups": "0.2",
    "ZombieFallTime": "1.5",
    "SpiderZombieName": "lostcity_lostpilot",
    "SpiderCount": 0,
    "WaveStartMessage": "Punk - Bull - X"
}},{"aliases":["B1"],
"objclass": "ParachuteRainZombieSpawnerProps",
"objdata": {
    "ColumnStart": 5,
    "ColumnEnd": 7,
    "GroupSize": 1,
    "TimeBetweenGroups": "0.2",
    "ZombieFallTime": "1.5",
    "SpiderZombieName": "lostcity_lostpilot",
    "SpiderCount": 0,
    "WaveStartMessage": "3\nPunk - Bull - X"
}},{"aliases":["B2"],
"objclass": "ParachuteRainZombieSpawnerProps",
"objdata": {
    "ColumnStart": 5,
    "ColumnEnd": 7,
    "GroupSize": 1,
    "TimeBetweenGroups": "0.2",
    "ZombieFallTime": "1.5",
    "SpiderZombieName": "lostcity_lostpilot",
    "SpiderCount": 0,
    "WaveStartMessage": "2\nPunk - Bull - X"
}},{"aliases":["B3"],
"objclass": "ParachuteRainZombieSpawnerProps",
"objdata": {
    "ColumnStart": 5,
    "ColumnEnd": 7,
    "GroupSize": 1,
    "TimeBetweenGroups": "0.2",
    "ZombieFallTime": "1.5",
    "SpiderZombieName": "lostcity_lostpilot",
    "SpiderCount": 0,
    "WaveStartMessage": "1\nPunk - Bull - X"
}},{"aliases":["BBB"],
"objclass": "SpawnZombiesFromGridItemSpawnerProps",
"objdata": {
    "WaveStartMessage": "Necromancy!",
    "ZombieSpawnWaitTime": 0,
    "SuppressActionIfNoGridItemsFound": false,
    "AdditionalPlantfood": "0",
    "GridTypes": [
        "RTID(railcart_cowboy@GridItemTypes)"
    ],
    "Zombies": [
        {"Type":"RTID(eighties_punk@ZombieTypes)"}
    ]
}},
{"aliases":["jam_punk"],"objclass": "SpawnZombiesJitteredWaveActionProps","objdata": {"NotificationEvents": ["jam_punk"]}},
{"aliases":["BBB1"],
"objclass": "SpawnZombiesFromGridItemSpawnerProps",
"objdata": {
    "WaveStartMessage": "Necromancy!",
    "ZombieSpawnWaitTime": 0,
    "SuppressActionIfNoGridItemsFound": false,
    "AdditionalPlantfood": "0",
    "GridTypes": [
        "RTID(railcart_egypt@GridItemTypes)"
    ],
    "Zombies": [
        {"Type":"RTID(west_bul@.)"}
    ]
}},
{"aliases":["C"],
"objclass": "ParachuteRainZombieSpawnerProps",
"objdata": {
    "ColumnStart": 5,
    "ColumnEnd": 7,
    "GroupSize": 1,
    "TimeBetweenGroups": "0.2",
    "ZombieFallTime": "1.5",
    "SpiderZombieName": "lostcity_lostpilot",
    "SpiderCount": 0,
    "WaveStartMessage": "Conehead - Poncho - Conehead"
}},{"aliases":["C1"],
"objclass": "ParachuteRainZombieSpawnerProps",
"objdata": {
    "ColumnStart": 5,
    "ColumnEnd": 7,
    "GroupSize": 1,
    "TimeBetweenGroups": "0.2",
    "ZombieFallTime": "1.5",
    "SpiderZombieName": "lostcity_lostpilot",
    "SpiderCount": 0,
    "WaveStartMessage": "3\nConehead - Poncho - Conehead"
}},{"aliases":["C2"],
"objclass": "ParachuteRainZombieSpawnerProps",
"objdata": {
    "ColumnStart": 5,
    "ColumnEnd": 7,
    "GroupSize": 1,
    "TimeBetweenGroups": "0.2",
    "ZombieFallTime": "1.5",
    "SpiderZombieName": "lostcity_lostpilot",
    "SpiderCount": 0,
    "WaveStartMessage": "2\nConehead - Poncho - Conehead"
}},{"aliases":["C3"],
"objclass": "ParachuteRainZombieSpawnerProps",
"objdata": {
    "ColumnStart": 5,
    "ColumnEnd": 7,
    "GroupSize": 1,
    "TimeBetweenGroups": "0.2",
    "ZombieFallTime": "1.5",
    "SpiderZombieName": "lostcity_lostpilot",
    "SpiderCount": 0,
    "WaveStartMessage": "1\nConehead - Poncho - Conehead"
}},{"aliases":["VVV"],
"objclass": "SpawnZombiesFromGridItemSpawnerProps",
"objdata": {
    "WaveStartMessage": "Necromancy!",
    "ZombieSpawnWaitTime": 0,
    "SuppressActionIfNoGridItemsFound": false,
    "AdditionalPlantfood": "0",
    "GridTypes": [
        "RTID(railcart_cowboy@GridItemTypes)"
    ],
    "Zombies": [
        {"Type":"RTID(cowboy_armor1@ZombieTypes)"}
    ]
}},
{"aliases":["VVV1"],
"objclass": "SpawnZombiesFromGridItemSpawnerProps",
"objdata": {
    "WaveStartMessage": "Necromancy!",
    "ZombieSpawnWaitTime": 0,
    "SuppressActionIfNoGridItemsFound": false,
    "AdditionalPlantfood": "0",
    "GridTypes": [
        "RTID(railcart_egypt@GridItemTypes)"
    ],
    "Zombies": [
        {"Type":"RTID(poncho_plate@ZombieTypes)"}
    ]
}},
{"aliases":["D"],
"objclass": "ParachuteRainZombieSpawnerProps",
"objdata": {
    "ColumnStart": 5,
    "ColumnEnd": 7,
    "GroupSize": 1,
    "TimeBetweenGroups": "0.2",
    "ZombieFallTime": "1.5",
    "SpiderZombieName": "lostcity_lostpilot",
    "SpiderCount": 0,
    "WaveStartMessage": "Boombox - Conehead - Bull"
}},{"aliases":["D1"],
"objclass": "ParachuteRainZombieSpawnerProps",
"objdata": {
    "ColumnStart": 5,
    "ColumnEnd": 7,
    "GroupSize": 1,
    "TimeBetweenGroups": "0.2",
    "ZombieFallTime": "1.5",
    "SpiderZombieName": "lostcity_lostpilot",
    "SpiderCount": 0,
    "WaveStartMessage": "3\nBoombox - Conehead - Bull"
}},{"aliases":["D2"],
"objclass": "ParachuteRainZombieSpawnerProps",
"objdata": {
    "ColumnStart": 5,
    "ColumnEnd": 7,
    "GroupSize": 1,
    "TimeBetweenGroups": "0.2",
    "ZombieFallTime": "1.5",
    "SpiderZombieName": "lostcity_lostpilot",
    "SpiderCount": 0,
    "WaveStartMessage": "2\nBoombox - Conehead - Bull"
}},{"aliases":["D3"],
"objclass": "ParachuteRainZombieSpawnerProps",
"objdata": {
    "ColumnStart": 5,
    "ColumnEnd": 7,
    "GroupSize": 1,
    "TimeBetweenGroups": "0.2",
    "ZombieFallTime": "1.5",
    "SpiderZombieName": "lostcity_lostpilot",
    "SpiderCount": 0,
    "WaveStartMessage": "1\nBoombox - Conehead - Bull"
}},{"aliases":["lasingero"],
"objclass": "SpawnZombiesFromGridItemSpawnerProps",
"objdata": {
    "WaveStartMessage": "Necromancy!",
    "ZombieSpawnWaitTime": 0,
    "SuppressActionIfNoGridItemsFound": false,
    "AdditionalPlantfood": "0",
    "GridTypes": [
        "RTID(railcart_cowboy@GridItemTypes)"
    ],
    "Zombies": [
        {"Type":"RTID(eighties_boombox@ZombieTypes)"}
    ]
}},
{"aliases":["HH"],
"objclass": "SpawnZombiesFromGridItemSpawnerProps",
"objdata": {
    "WaveStartMessage": "Necromancy!",
    "ZombieSpawnWaitTime": 0,
    "SuppressActionIfNoGridItemsFound": false,
    "AdditionalPlantfood": "0",
    "GridTypes": [
        "RTID(railcart_tutorial@GridItemTypes)"
    ],
    "Zombies": [
        {"Type":"RTID(west_bul@.)"}
    ]
}},
{"aliases":["E"],
"objclass": "ParachuteRainZombieSpawnerProps",
"objdata": {
    "ColumnStart": 5,
    "ColumnEnd": 7,
    "GroupSize": 1,
    "TimeBetweenGroups": "0.2",
    "ZombieFallTime": "1.5",
    "SpiderZombieName": "lostcity_lostpilot",
    "SpiderCount": 0,
    "WaveStartMessage": "Chicken Wrangler - Punk - Punk"
}},{"aliases":["E1"],
"objclass": "ParachuteRainZombieSpawnerProps",
"objdata": {
    "ColumnStart": 5,
    "ColumnEnd": 7,
    "GroupSize": 1,
    "TimeBetweenGroups": "0.2",
    "ZombieFallTime": "1.5",
    "SpiderZombieName": "lostcity_lostpilot",
    "SpiderCount": 0,
    "WaveStartMessage": "3\nChicken Wrangler - Punk - Punk"
}},{"aliases":["E2"],
"objclass": "ParachuteRainZombieSpawnerProps",
"objdata": {
    "ColumnStart": 5,
    "ColumnEnd": 7,
    "GroupSize": 1,
    "TimeBetweenGroups": "0.2",
    "ZombieFallTime": "1.5",
    "SpiderZombieName": "lostcity_lostpilot",
    "SpiderCount": 0,
    "WaveStartMessage": "2\nChicken Wrangler - Punk - Punk"
}},{"aliases":["E3"],
"objclass": "ParachuteRainZombieSpawnerProps",
"objdata": {
    "ColumnStart": 5,
    "ColumnEnd": 7,
    "GroupSize": 1,
    "TimeBetweenGroups": "0.2",
    "ZombieFallTime": "1.5",
    "SpiderZombieName": "lostcity_lostpilot",
    "SpiderCount": 0,
    "WaveStartMessage": "1\nChicken Wrangler - Punk - Punk"
}},{"aliases":["MMM"],
"objclass": "SpawnZombiesFromGridItemSpawnerProps",
"objdata": {
    "WaveStartMessage": "Necromancy!",
    "ZombieSpawnWaitTime": 0,
    "SuppressActionIfNoGridItemsFound": false,
    "AdditionalPlantfood": "0",
    "GridTypes": [
        "RTID(railcart_cowboy@GridItemTypes)"
    ],
    "Zombies": [
        {"Type":"RTID(chicken_farmer@ZombieTypes)"}
    ]
}},
{"aliases":["MMM1"],
"objclass": "SpawnZombiesFromGridItemSpawnerProps",
"objdata": {
    "WaveStartMessage": "Necromancy!",
    "ZombieSpawnWaitTime": 0,
    "SuppressActionIfNoGridItemsFound": false,
    "AdditionalPlantfood": "0",
    "GridTypes": [
        "RTID(railcart_egypt@GridItemTypes)"
    ],
    "Zombies": [
        {"Type":"RTID(eighties_punk@ZombieTypes)"}
    ]
}},
{"aliases":["MMM2"],
"objclass": "SpawnZombiesFromGridItemSpawnerProps",
"objdata": {
    "WaveStartMessage": "Necromancy!",
    "ZombieSpawnWaitTime": 0,
    "SuppressActionIfNoGridItemsFound": false,
    "AdditionalPlantfood": "0",
    "GridTypes": [
        "RTID(railcart_tutorial@GridItemTypes)"
    ],
    "Zombies": [
        {"Type":"RTID(eighties_punk@ZombieTypes)"}
    ]
}},
{"aliases":["F"],
"objclass": "ParachuteRainZombieSpawnerProps",
"objdata": {
    "ColumnStart": 5,
    "ColumnEnd": 7,
    "GroupSize": 1,
    "TimeBetweenGroups": "0.2",
    "ZombieFallTime": "1.5",
    "SpiderZombieName": "lostcity_lostpilot",
    "SpiderCount": 0,
    "WaveStartMessage": "Poncho - Buckethead - Conehead, Punk"
}},{"aliases":["F1"],
"objclass": "ParachuteRainZombieSpawnerProps",
"objdata": {
    "ColumnStart": 5,
    "ColumnEnd": 7,
    "GroupSize": 1,
    "TimeBetweenGroups": "0.2",
    "ZombieFallTime": "1.5",
    "SpiderZombieName": "lostcity_lostpilot",
    "SpiderCount": 0,
    "WaveStartMessage": "3\nPoncho - Buckethead - Conehead, Punk"
}},{"aliases":["F2"],
"objclass": "ParachuteRainZombieSpawnerProps",
"objdata": {
    "ColumnStart": 5,
    "ColumnEnd": 7,
    "GroupSize": 1,
    "TimeBetweenGroups": "0.2",
    "ZombieFallTime": "1.5",
    "SpiderZombieName": "lostcity_lostpilot",
    "SpiderCount": 0,
    "WaveStartMessage": "2\nPoncho - Buckethead - Conehead, Punk"
}},{"aliases":["F3"],
"objclass": "ParachuteRainZombieSpawnerProps",
"objdata": {
    "ColumnStart": 5,
    "ColumnEnd": 7,
    "GroupSize": 1,
    "TimeBetweenGroups": "0.2",
    "ZombieFallTime": "1.5",
    "SpiderZombieName": "lostcity_lostpilot",
    "SpiderCount": 0,
    "WaveStartMessage": "1\nPoncho - Buckethead - Conehead, Punk"
}},{"aliases":["JJJ"],
"objclass": "SpawnZombiesFromGridItemSpawnerProps",
"objdata": {
    "WaveStartMessage": "Necromancy!",
    "ZombieSpawnWaitTime": 0,
    "SuppressActionIfNoGridItemsFound": false,
    "AdditionalPlantfood": "0",
    "GridTypes": [
        "RTID(railcart_cowboy@GridItemTypes)"
    ],
    "Zombies": [
        {"Type":"RTID(poncho_plate@ZombieTypes)"}
    ]
}},
{"aliases":["JJJ1"],
"objclass": "SpawnZombiesFromGridItemSpawnerProps",
"objdata": {
    "WaveStartMessage": "Necromancy!",
    "ZombieSpawnWaitTime": 0,
    "SuppressActionIfNoGridItemsFound": false,
    "AdditionalPlantfood": "0",
    "GridTypes": [
        "RTID(railcart_egypt@GridItemTypes)"
    ],
    "Zombies": [
        {"Type":"RTID(cowboy_armor2@ZombieTypes)"}
    ]
}},
{"aliases":["JJJ2"],
"objclass": "SpawnZombiesFromGridItemSpawnerProps",
"objdata": {
    "WaveStartMessage": "Necromancy!",
    "ZombieSpawnWaitTime": 5,
    "SuppressActionIfNoGridItemsFound": false,
    "AdditionalPlantfood": "0",
    "GridTypes": [
        "RTID(railcart_tutorial@GridItemTypes)"
    ],
    "Zombies": [
        {"Type":"RTID(eighties_punk@ZombieTypes)"}
    ]
}},
{"aliases":["G"],
"objclass": "ParachuteRainZombieSpawnerProps",
"objdata": {
    "ColumnStart": 5,
    "ColumnEnd": 7,
    "GroupSize": 1,
    "TimeBetweenGroups": "0.2",
    "ZombieFallTime": "1.5",
    "SpiderZombieName": "lostcity_lostpilot",
    "SpiderCount": 0,
    "WaveStartMessage": "Bull - Bull - Boombox"
}},{"aliases":["G1"],
"objclass": "ParachuteRainZombieSpawnerProps",
"objdata": {
    "ColumnStart": 5,
    "ColumnEnd": 7,
    "GroupSize": 1,
    "TimeBetweenGroups": "0.2",
    "ZombieFallTime": "1.5",
    "SpiderZombieName": "lostcity_lostpilot",
    "SpiderCount": 0,
    "WaveStartMessage": "3\nBull - Bull - Boombox"
}},{"aliases":["G2"],
"objclass": "ParachuteRainZombieSpawnerProps",
"objdata": {
    "ColumnStart": 5,
    "ColumnEnd": 7,
    "GroupSize": 1,
    "TimeBetweenGroups": "0.2",
    "ZombieFallTime": "1.5",
    "SpiderZombieName": "lostcity_lostpilot",
    "SpiderCount": 0,
    "WaveStartMessage": "2\nBull - Bull - Boombox"
}},{"aliases":["G3"],
"objclass": "ParachuteRainZombieSpawnerProps",
"objdata": {
    "ColumnStart": 5,
    "ColumnEnd": 7,
    "GroupSize": 1,
    "TimeBetweenGroups": "0.2",
    "ZombieFallTime": "1.5",
    "SpiderZombieName": "lostcity_lostpilot",
    "SpiderCount": 0,
    "WaveStartMessage": "1\nBull - Bull - Boombox"
}},{"aliases":["ZAZA"],
"objclass": "SpawnZombiesFromGridItemSpawnerProps",
"objdata": {
    "WaveStartMessage": "Necromancy!",
    "ZombieSpawnWaitTime": 0,
    "SuppressActionIfNoGridItemsFound": false,
    "AdditionalPlantfood": "0",
    "GridTypes": [
        "RTID(railcart_cowboy@GridItemTypes)"
    ],
    "Zombies": [
        {"Type":"RTID(west_bul@.)"}
    ]
}},
{"aliases":["ZAZA1"],
"objclass": "SpawnZombiesFromGridItemSpawnerProps",
"objdata": {
    "WaveStartMessage": "Necromancy!",
    "ZombieSpawnWaitTime": 0,
    "SuppressActionIfNoGridItemsFound": false,
    "AdditionalPlantfood": "0",
    "GridTypes": [
        "RTID(railcart_egypt@GridItemTypes)"
    ],
    "Zombies": [
        {"Type":"RTID(west_bul@.)"}
    ]
}},
{"aliases":["ZAZA2"],
"objclass": "SpawnZombiesFromGridItemSpawnerProps",
"objdata": {
    "WaveStartMessage": "Necromancy!",
    "ZombieSpawnWaitTime": 0,
    "SuppressActionIfNoGridItemsFound": false,
    "AdditionalPlantfood": "0",
    "GridTypes": [
        "RTID(railcart_tutorial@GridItemTypes)"
    ],
    "Zombies": [
        {"Type":"RTID(eighties_boombox@ZombieTypes)"}
    ]
}},
{"aliases":["H"],
"objclass": "ParachuteRainZombieSpawnerProps",
"objdata": {
    "ColumnStart": 5,
    "ColumnEnd": 7,
    "GroupSize": 1,
    "TimeBetweenGroups": "0.2",
    "ZombieFallTime": "1.5",
    "SpiderZombieName": "lostcity_lostpilot",
    "SpiderCount": 0,
    "WaveStartMessage": "Gargantuar, Chicken Wrangler - Punk, Conehead - Punk, Conehead"
}},{"aliases":["H1"],
"objclass": "ParachuteRainZombieSpawnerProps",
"objdata": {
    "ColumnStart": 5,
    "ColumnEnd": 7,
    "GroupSize": 1,
    "TimeBetweenGroups": "0.2",
    "ZombieFallTime": "1.5",
    "SpiderZombieName": "lostcity_lostpilot",
    "SpiderCount": 0,
    "WaveStartMessage": "3\nGargantuar, Chicken Wrangler - Punk, Conehead - Punk, Conehead"
}},{"aliases":["H2"],
"objclass": "ParachuteRainZombieSpawnerProps",
"objdata": {
    "ColumnStart": 5,
    "ColumnEnd": 7,
    "GroupSize": 1,
    "TimeBetweenGroups": "0.2",
    "ZombieFallTime": "1.5",
    "SpiderZombieName": "lostcity_lostpilot",
    "SpiderCount": 0,
    "WaveStartMessage": "2\nGargantuar, Chicken Wrangler - Punk, Conehead - Punk, Conehead"
}},{"aliases":["H3"],
"objclass": "ParachuteRainZombieSpawnerProps",
"objdata": {
    "ColumnStart": 5,
    "ColumnEnd": 7,
    "GroupSize": 1,
    "TimeBetweenGroups": "0.2",
    "ZombieFallTime": "1.5",
    "SpiderZombieName": "lostcity_lostpilot",
    "SpiderCount": 0,
    "WaveStartMessage": "1\nGargantuar, Chicken Wrangler - Punk, Conehead - Punk, Conehead"
}},{"aliases":["ORB"],
"objclass": "SpawnZombiesFromGridItemSpawnerProps",
"objdata": {
    "WaveStartMessage": "Necromancy!",
    "ZombieSpawnWaitTime": 0,
    "SuppressActionIfNoGridItemsFound": false,
    "AdditionalPlantfood": "0",
    "GridTypes": [
        "RTID(railcart_cowboy@GridItemTypes)"
    ],
    "Zombies": [
        {"Type":"RTID(cowboy_gargantuar@ZombieTypes)"}
    ]
}},
{"aliases":["ORA"],
"objclass": "SpawnZombiesFromGridItemSpawnerProps",
"objdata": {
    "WaveStartMessage": "Necromancy!",
    "ZombieSpawnWaitTime": 5,
    "SuppressActionIfNoGridItemsFound": false,
    "AdditionalPlantfood": "0",
    "GridTypes": [
        "RTID(railcart_cowboy@GridItemTypes)"
    ],
    "Zombies": [
        {"Type":"RTID(chicken_farmer@ZombieTypes)"}
    ]
}},
{"aliases":["ORB1"],
"objclass": "SpawnZombiesFromGridItemSpawnerProps",
"objdata": {
    "WaveStartMessage": "Necromancy!",
    "ZombieSpawnWaitTime": 5,
    "SuppressActionIfNoGridItemsFound": false,
    "AdditionalPlantfood": "0",
    "GridTypes": [
        "RTID(railcart_egypt@GridItemTypes)"
    ],
    "Zombies": [
        {"Type":"RTID(cowboy_armor1@ZombieTypes)"}
    ]
}},
{"aliases":["ORB2"],
"objclass": "SpawnZombiesFromGridItemSpawnerProps",
"objdata": {
    "WaveStartMessage": "Necromancy!",
    "ZombieSpawnWaitTime": 5,
    "SuppressActionIfNoGridItemsFound": false,
    "AdditionalPlantfood": "0",
    "GridTypes": [
        "RTID(railcart_tutorial@GridItemTypes)"
    ],
    "Zombies": [
        {"Type":"RTID(cowboy_armor1@ZombieTypes)"}
    ]
}},
{"aliases":["I"],
"objclass": "ParachuteRainZombieSpawnerProps",
"objdata": {
    "ColumnStart": 5,
    "ColumnEnd": 7,
    "GroupSize": 1,
    "TimeBetweenGroups": "0.2",
    "ZombieFallTime": "1.5",
    "SpiderZombieName": "lostcity_lostpilot",
    "SpiderCount": 0,
    "WaveStartMessage": ""
}},{"aliases":["I1"],
"objclass": "ParachuteRainZombieSpawnerProps",
"objdata": {
    "ColumnStart": 5,
    "ColumnEnd": 7,
    "GroupSize": 1,
    "TimeBetweenGroups": "0.2",
    "ZombieFallTime": "1.5",
    "SpiderZombieName": "lostcity_lostpilot",
    "SpiderCount": 0,
    "WaveStartMessage": "3\n"
}},{"aliases":["I2"],
"objclass": "ParachuteRainZombieSpawnerProps",
"objdata": {
    "ColumnStart": 5,
    "ColumnEnd": 7,
    "GroupSize": 1,
    "TimeBetweenGroups": "0.2",
    "ZombieFallTime": "1.5",
    "SpiderZombieName": "lostcity_lostpilot",
    "SpiderCount": 0,
    "WaveStartMessage": "2\n"
}},{"aliases":["I3"],
"objclass": "ParachuteRainZombieSpawnerProps",
"objdata": {
    "ColumnStart": 5,
    "ColumnEnd": 7,
    "GroupSize": 1,
    "TimeBetweenGroups": "0.2",
    "ZombieFallTime": "1.5",
    "SpiderZombieName": "lostcity_lostpilot",
    "SpiderCount": 0,
    "WaveStartMessage": "1\n"
}},{"aliases":["BRO"],
"objclass": "SpawnZombiesFromGridItemSpawnerProps",
"objdata": {
    "WaveStartMessage": "Necromancy!",
    "ZombieSpawnWaitTime": 0,
    "SuppressActionIfNoGridItemsFound": false,
    "AdditionalPlantfood": "0",
    "GridTypes": [
        "RTID(railcart_cowboy@GridItemTypes)"
    ],
    "Zombies": [
        {"Type":"RTID(idiot@ZombieTypes)"}
    ]
}},
{"aliases":["J"],
"objclass": "ParachuteRainZombieSpawnerProps",
"objdata": {
    "ColumnStart": 5,
    "ColumnEnd": 7,
    "GroupSize": 1,
    "TimeBetweenGroups": "0.2",
    "ZombieFallTime": "1.5",
    "SpiderZombieName": "lostcity_lostpilot",
    "SpiderCount": 0,
    "WaveStartMessage": ""
}},{"aliases":["J1"],
"objclass": "ParachuteRainZombieSpawnerProps",
"objdata": {
    "ColumnStart": 5,
    "ColumnEnd": 7,
    "GroupSize": 1,
    "TimeBetweenGroups": "0.2",
    "ZombieFallTime": "1.5",
    "SpiderZombieName": "lostcity_lostpilot",
    "SpiderCount": 0,
    "WaveStartMessage": "3\n"
}},{"aliases":["J2"],
"objclass": "ParachuteRainZombieSpawnerProps",
"objdata": {
    "ColumnStart": 5,
    "ColumnEnd": 7,
    "GroupSize": 1,
    "TimeBetweenGroups": "0.2",
    "ZombieFallTime": "1.5",
    "SpiderZombieName": "lostcity_lostpilot",
    "SpiderCount": 0,
    "WaveStartMessage": "2\n"
}},{"aliases":["J3"],
"objclass": "ParachuteRainZombieSpawnerProps",
"objdata": {
    "ColumnStart": 5,
    "ColumnEnd": 7,
    "GroupSize": 1,
    "TimeBetweenGroups": "0.2",
    "ZombieFallTime": "1.5",
    "SpiderZombieName": "lostcity_lostpilot",
    "SpiderCount": 0,
    "WaveStartMessage": "1\n"
}},{"aliases":["XCV"],
"objclass": "SpawnZombiesFromGridItemSpawnerProps",
"objdata": {
    "WaveStartMessage": "Necromancy!",
    "ZombieSpawnWaitTime": 0,
    "SuppressActionIfNoGridItemsFound": false,
    "AdditionalPlantfood": "0",
    "GridTypes": [
        "RTID(railcart_cowboy@GridItemTypes)"
    ],
    "Zombies": [
        {"Type":"RTID(idiot@ZombieTypes)"}
    ]
}},
{"aliases":["BowlingLine"],
"objclass": "BowlingMinigameProperties",
"objdata": { "BowlingFoulLine": 4 }
},
{
			"objclass": "ZombieType",
			"aliases": [ "piani" ],
			"objdata": {
				"TypeName": "pirate",
				"ZombieClass": "ZombiePiano",
				"Properties": "RTID(ZombiePianoDefault@CurrentLevel)",
				"ResourceGroups": [ "ZombieWestPianoHolidayGroup" ],
				"AnimRigClass": "ZombieAnimRig_Piano",
				"PopAnim": "POPANIM_ZOMBIE_ZOMBIE_PIANO_HOLIDAY",
				"HomeWorld": "cowboy"
			}
		}, {
			"aliases": [ "ZombiePianoDefault" ],
			"objclass": "ZombiePianoProps",
			"objdata": {
				"ArtCenter": {
					"x": 10000,
					"y": 10000
				},
				"AttackRect": {
					"mHeight": 0,
					"mWidth": 0,
					"mX": 10000,
					"mY": 10000
				},
				"CanSpawnPlantFood": true,
				"CanTriggerZombieWin": false,
				"CanSurrender": true,
				"Cost": 150,
				"EatDPS": 4000,
				"FastMoveSpeed": 0.75,
				"HitRect": {
					"mHeight": 0,
					"mWidth": 0,
					"mX": 10000,
					"mY": 10000
				},
				"Hitpoints": 99999999999,
				"NormalDeathWhenMowed": true,
				"PlantsWhichBreakPianoOnCollision": {
					"List": [ "spikeweed", "spikerock", "cactus" ],
					"ListType": "includelist"
				},
				"ShadowOffset": {
					"x": 0,
					"y": 0,
					"z": 1.2
				},
				"SoundOnWalk": "",
				"SoundOnIdle": "",
				"SoundOnEat": "",
				"SoundOnDeath": "",
				"Speed": 0.0,
				"WavePointCost": 400
			}
		},
{
			"objclass": "ZombiesAteYourBrainsProperties",
			"aliases": [
				"IZombieWinCondition"
			],
			"objdata": {
				"ZombieWinPositionX": -80.0,
				"ZombieDiesInsteadOfWinning": true
			}
		},
{"aliases":["ChallengeModule"],
"objclass": "StarChallengeModuleProperties",
"objdata": {
    "Challenges": [[
        "RTID(DestroyGI@CurrentLevel)"
    ]],
    "ChallengesAlwaysAvailable": true
}},
{"aliases":["DestroyGI"],
"objclass": "DestroyGridItemsChallengeProps",
"objdata": {
    "GridItemType": "entity_targeting_template_1",
    "GridItemsToDestroy": 5,
    "ChallengeDescription": "Zombies will spawn from the minecart on the left in a countdown, move the minecart to spawn zombies in certain lanes. If more than one zombie spawns in a single minecart, they will spawn one by one within 5 seconds. Let the zombies eat the brains in every lane while cowboy basics are permanently dancing and switch lanes!"
}},
{"aliases":["Brain"],
"objclass":"InitialGridItemProperties",
"objdata":{
    "InitialGridItemPlacements": [
        {"GridX": -1, "GridY": 0, "TypeName":"entity_targeting_template_1"},
        {"GridX": -1, "GridY": 1, "TypeName":"entity_targeting_template_1"},
        {"GridX": -1, "GridY": 2, "TypeName":"entity_targeting_template_1"},
        {"GridX": -1, "GridY": 3, "TypeName":"entity_targeting_template_1"},
        {"GridX": -1, "GridY": 4, "TypeName":"entity_targeting_template_1"}
    ]
}},
{
            "aliases": [
                "EntitytargetingTemplate1Props"
            ],
            "objclass": "GridItemEntityTargetingProps",
            "objdata": {
                "ArtCenter": {
                    "x": 98,
                    "y": 120
                },
	"PopAnimRenderScale": {
                    "x": 1.25,
                    "y": 1.25
                },
                "BreakEffect": "POPANIM_EFFECTS_POWER_POTION_DESTROYED_EFFECT",
                "BreakEffectSound": "Play_Plant_EvilShroom_Toughness",
                "DamageStateCount": 5,
                "HitRectOffsetWidth": -30,
                "HitRectOffsetX": 15,
                "Height": "tall",
                "Hitpoints": 300,
	"IsAnimated": false,
                "Actions": [
                    {
                        "Type": "damage",
                        "TargetArea": "rect",
                        "EntitiesToAffect": [],
                        "Damage": 0,
                        "SecondsBetweenEffects": 9999,
                        "RangeInGridSquares": 1.5,
                       "ZConditions": [
                            {
                                "Condition": "unsuspendable",
                                "Duration": {
                                    "Min": 0,
                                    "Max": 0
                                }
                            }
                        ]
                    }
                ],
                "Teams": [
                    "plants"
                ],
               "PopAnim": "POPANIM_GRAVESTONES_DARK_PLANTFOOD",
               "PopAnimIdleAnim": "idle",
	"PopAnimRigClass": "GridItemDestroyableAnimRig",
                "Regenerates": false,
                "ScaledProps": [
                    {
                        "Arg1": 1.3,
                        "Arg2": 0.05,
                        "Formula": "standard",
                        "Key": "Hitpoints"
                    }
                ],
	"PlantingRestrictions": {
                    "BlockedPlantingReason": "PLANTING_NOT_ON_HEALER_STAFF",
                    "List": [],
                    "ListType": "whitelist"
                }
            }
        },
        {}
    ],
    "version": 1
}