{"#comment": "PS-IZM-II: Crusher Allies | ELM: Ver-10.2-Pre1 [RFL v1.2]",
"#zombies": "idiot",
"objects": [{
    "objclass": "LevelDefinition",
    "objdata": {
    "StartingSun": 0,
    "Description": "{PLAYER}'s teaching zombie lessons!",
    "FirstRewardParam": "moneybag",
    "LevelPowerupSet": "LevelPowerupsDisabled",
    "SuppressPlantfoodPurchase": true,
    "SuppressSunSpawn": true,
    "NormalPresentTable": "egypt_normal_01",
    "ShinyPresentTable": "egypt_shiny_01",
    "Loot": "RTID(DefaultLoot@LevelModules)",
    "ResourceGroupNames": [
        "DelayLoad_Background_Beach",
        "DelayLoad_Background_Beach_Compressed",
        "Tombstone_Dark_Special",
        "Tombstone_Dark_Effects",
        "GridItemZombiePotion",
        "GridItemZombiePotionAudio",
        "Tombstone_Dark_Plantfood"
    ],
    "Modules": [
        "RTID(OffScreenZombiesCoinOverride@LevelModules)",
        "RTID(StandardIntro@LevelModules)",
        "RTID(GI@CurrentLevel)",
        "RTID(IPP@CurrentLevel)",
        "RTID(Rails@CurrentLevel)",
        "RTID(BowlingLine@CurrentLevel)",
        "RTID(Escalation@CurrentLevel)",
        "RTID(NewWaves@CurrentLevel)",
        "RTID(Planks@.)",
        "RTID(BowlingLine@CurrentLevel)",
        "RTID(IZombieWinCondition@CurrentLevel)",
        "RTID(Brain@CurrentLevel)",
        "RTID(ChallengeModule@CurrentLevel)",
        "RTID(ZombiesDeadWinCon@LevelModules)"
    ],
    "Name": "PS-IZM-II: Crusher Allies",
    "StageModule": "RTID(PirateStage@LevelModules)",
    "MusicType": "MiniGame_C"
}},
{"aliases":["BowlingLine"],
"objclass": "BowlingMinigameProperties",
"objdata": { "BowlingFoulLine": 3 }
},
{"aliases": ["Planks"],
"objclass": "PiratePlankProperties",
"objdata": {
    "PlankRows": [ 0, 1, 2, 3, 4 ]
}},
{"aliases":["BeatTheLevel"],
"objclass": "StarChallengeBeatTheLevelProps",
"objdata": {
    "Description": "Survive without the shovel",
    "DescriptiveName": "Custom Objective"
}},
{"aliases":["GI"],
"objclass":"InitialGridItemProperties",
"objdata":{
    "InitialGridItemPlacements": [
        {"GridX": 5, "GridY": 2, "TypeName":"railcart_egypt"}
    ]
}},
{"aliases":["IPP"],
"objclass": "InitialPlantProperties",
"objdata": {
    "InitialPlantPlacements": [
        {"GridX": 0, "GridY": 0, "Level": -1, "TypeName":"threepeater"},
        {"GridX": 1, "GridY": 0, "Level": -1, "TypeName":"bonkchoy"},
        {"GridX": 2, "GridY": 0, "Level": -1, "TypeName":"spikeweed"},
        {"GridX": 3, "GridY": 0, "Level": -1, "TypeName":"wallnut"},
        {"GridX": 0, "GridY": 1, "Level": -1, "TypeName":"snowpea"},
        {"GridX": 1, "GridY": 1, "Level": -1, "TypeName":"potatomine"},
        {"GridX": 2, "GridY": 1, "Level": -1, "TypeName":"sunflower"},
        {"GridX": 3, "GridY": 1, "Level": -1, "TypeName":"kernelpult"},
        {"GridX": 0, "GridY": 2, "Level": -1, "TypeName":"potatomine"},
        {"GridX": 1, "GridY": 2, "Level": -1, "TypeName":"threepeater"},
        {"GridX": 2, "GridY": 2, "Level": -1, "TypeName":"sunflower"},
        {"GridX": 3, "GridY": 2, "Level": -1, "TypeName":"sunflower"},
        {"GridX": 0, "GridY": 3, "Level": -1, "TypeName":"repeater"},
        {"GridX": 1, "GridY": 3, "Level": -1, "TypeName":"spikeweed"},
        {"GridX": 2, "GridY": 3, "Level": -1, "TypeName":"sunflower"},
        {"GridX": 3, "GridY": 3, "Level": -1, "TypeName":"wallnut"},
        {"GridX": 0, "GridY": 4, "Level": -1, "TypeName":"potatomine"},
        {"GridX": 1, "GridY": 4, "Level": -1, "TypeName":"snowpea"},
        {"GridX": 2, "GridY": 4, "Level": -1, "TypeName":"kernelpult"},
        {"GridX": 3, "GridY": 4, "Level": -1, "TypeName":"sunflower"}
    ]
}},
{"aliases": ["Rails"],
"objclass": "RailcartProperties",
"objdata": {
    "RailcartType": "railcart_pirate",
        "Railcarts": [
            {"Column": 4, "Row": 2}
        ],
        "Rails": [
            {"Column": 4, "RowEnd": 0, "RowStart": 0},
            {"Column": 5, "RowEnd": 0, "RowStart": 0},
            {"Column": 4, "RowEnd": 1, "RowStart": 1},
            {"Column": 5, "RowEnd": 1, "RowStart": 1},
            {"Column": 4, "RowEnd": 2, "RowStart": 2},
            {"Column": 5, "RowEnd": 2, "RowStart": 2},
            {"Column": 4, "RowEnd": 3, "RowStart": 3},
            {"Column": 5, "RowEnd": 3, "RowStart": 3},
            {"Column": 4, "RowEnd": 4, "RowStart": 4},
            {"Column": 5, "RowEnd": 4, "RowStart": 4}
        ]
}},
{"aliases": ["Escalation"],
"objclass": "LevelEscalationModuleProperties",
"objdata": {
    "FlagCount": 0,
    "WavesPerFlag": 100,
    "PlantfoodToSpawnCount": 0,
    "StartingPoints": 0,
    "PointIncrementPerWave": 0,
    "WaveManagerProps": "RTID(WaveManager@CurrentLevel)",
    "ZombiePool": [

    ]
}},
{"aliases": ["NewWaves"],
"objclass": "WaveManagerModuleProperties",
"objdata": {}
},
{"aliases": ["WaveManager"],
"objclass": "WaveManagerProperties",
"objdata": {
    "FlagWaveInterval": 100,
    "WaveCount": 50,
    "SuppressFlagZombie": true,
    "MinNextWaveHealthPercentage": 0,
    "MaxNextWaveHealthPercentage": 0,
    "ZombieCountdownHugeWaveDelay": 0,
    "Waves": [
        ["RTID(ShowInStreet@.)", "RTID(A1@.)"],
        ["RTID(A2@.)"],
        ["RTID(A3@.)"],
        ["RTID(A4@.)"],
        ["RTID(Wave5@.)", "RTID(ZZZ@.)", "RTID(ZZZY@.)"],
        ["RTID(B@.)"],
        ["RTID(B1@.)"],
        ["RTID(B2@.)"],
        ["RTID(B3@.)"],
        ["RTID(Wave10@.)", "RTID(BBB@.)"],
        ["RTID(C@.)"],
        ["RTID(C1@.)"],
        ["RTID(C2@.)"],
        ["RTID(C3@.)"],
        ["RTID(Wave15@.)", "RTID(BBB@.)", "RTID(VVV@.)"],
        ["RTID(D@.)"],
        ["RTID(D1@.)"],
        ["RTID(D2@.)"],
        ["RTID(D3@.)"],
        ["RTID(Wave20@.)", "RTID(la@.)", "RTID(lasingero@.)"],
        ["RTID(E@.)"],
        ["RTID(E1@.)"],
        ["RTID(E2@.)"],
        ["RTID(E3@.)"],
        ["RTID(Wave25@.)", "RTID(MMF@.)", "RTID(MMM@.)"],
        ["RTID(F@.)"],
        ["RTID(F1@.)"],
        ["RTID(F2@.)"],
        ["RTID(F3@.)"],
        ["RTID(Wave30@.)", "RTID(JJJJ@.)", "RTID(JJJ@.)"],
        ["RTID(G@.)"],
        ["RTID(G1@.)"],
        ["RTID(G2@.)"],
        ["RTID(G3@.)"],
        ["RTID(Wave35@.)", "RTID(VVV@.)", "RTID(MMM@.)"],
        ["RTID(H@.)"],
        ["RTID(H1@.)"],
        ["RTID(H2@.)"],
        ["RTID(H3@.)"],
        ["RTID(Wave40@.)", "RTID(la@.)", "RTID(lasingero@.)", "RTID(ORB@.)", "RTID(ORBC@.)"]
    ]
}},
{"aliases":["Wave5"],
"objclass": "SpawnZombiesJitteredWaveActionProps",
"objdata":{
    "AdditionalPlantfood": 0,
    "Zombies": [
        {"Row": "3", "Type": "RTID(idiot@ZombieTypes)"}
    ]
}},

{"aliases":["Wave10"],
"objclass": "SpawnZombiesJitteredWaveActionProps",
"objdata":{
    "AdditionalPlantfood": 0,
    "Zombies": [
        {"Row": "3", "Type": "RTID(idiot@ZombieTypes)"}
    ]
}},

{"aliases":["Wave15"],
"objclass": "SpawnZombiesJitteredWaveActionProps",
"objdata":{
    "AdditionalPlantfood": 0,
    "Zombies": [
        {"Row": "3", "Type": "RTID(idiot@ZombieTypes)"}
    ]
}},

{"aliases":["Wave20"],
"objclass": "SpawnZombiesJitteredWaveActionProps",
"objdata":{
    "AdditionalPlantfood": 0,
    "Zombies": [
        {"Row": "3", "Type": "RTID(idiot@ZombieTypes)"}
    ]
}},

{"aliases":["Wave25"],
"objclass": "SpawnZombiesJitteredWaveActionProps",
"objdata":{
    "AdditionalPlantfood": 0,
    "Zombies": [
        {"Row": "3", "Type": "RTID(idiot@ZombieTypes)"}
    ]
}},

{"aliases":["Wave30"],
"objclass": "SpawnZombiesJitteredWaveActionProps",
"objdata":{
    "AdditionalPlantfood": 0,
    "Zombies": [
        {"Row": "3", "Type": "RTID(idiot@ZombieTypes)"}
    ]
}},

{"aliases":["Wave35"],
"objclass": "SpawnZombiesJitteredWaveActionProps",
"objdata":{
    "AdditionalPlantfood": 0,
    "Zombies": [
        {"Row": "3", "Type": "RTID(idiot@ZombieTypes)"}
    ]
}},

{"aliases":["Wave40"],
"objclass": "SpawnZombiesJitteredWaveActionProps",
"objdata":{
    "AdditionalPlantfood": 0,
    "Zombies": [
        {"Row": "3", "Type": "RTID(idiot@ZombieTypes)"}
    ]
}},

{"aliases":["Wave45"],
"objclass": "SpawnZombiesJitteredWaveActionProps",
"objdata":{
    "AdditionalPlantfood": 0,
    "Zombies": [
        {"Row": "3", "Type": "RTID(idiot@ZombieTypes)"}
    ]
}},

{"aliases":["Wave50"],
"objclass": "SpawnZombiesJitteredWaveActionProps",
"objdata":{
    "AdditionalPlantfood": 0,
    "Zombies": [
        {"Row": "3", "Type": "RTID(idiot@ZombieTypes)"}
    ]
}},
{"aliases":["ShowInStreet"],
"objclass": "SpawnZombiesFromGridItemSpawnerProps",
"objdata": {
    "WaveStartMessage": "",
    "ZombieSpawnWaitTime": 0,
    "SuppressActionIfNoGridItemsFound": false,
    "AdditionalPlantfood": "0",
    "GridTypes": [
        
    ],
    "Zombies": [
        {"Type":"RTID(barrelroller@ZombieTypes)"}
    ]
}},
{
            "objclass": "ZombieType",
            "aliases": [
                "barrelrollerr"
            ],
            "objdata": {
                "TypeName": "hamster_ball",
                "ZombieClass": "ZombieHamsterBall",
                "Properties": "RTID(MinerDSpawn@CurrentLevel)",
                "ResourceGroups": [
                    "ZombieHamsterBallGroup",
                    "ZombiePirateBarrelPusherGroup",
                    "ZombiePirateImpGroup",
                    "ZombieWestPianoGroup",
                    "ZombieDummyGroup",
                    "ZombieEgyptCamelGroup",
                    "ZombieEgyptBasicGroup",
                    "ZombieSteamCoalMinerGroup",
                    "ZombiePVZABarrelGroup"
                ],
                "AudioGroups": [
                    "ZombieCowboyPonchoAudio"
                ],
                "AnimRigClass": "ZombieAnimRig_HamsterBall",
                "PopAnim": "POPANIM_ZOMBIE_DUMMY",
                "Placeable": true,
                "HomeWorld": "cowboy"
            }
        },
        {
            "aliases": [
                "MinerDSpawn"
            ],
            "objclass": "ZombieHamsterBallProps",
            "objdata": {
                "Behavior": 0,
                "SpeedBeforeImpact": 0.185,
                "RicochetLaneChangeTime": 99999999,
                "ZombieInsideBallType": "barrelroller",
                "ArmDropFraction": -1,
                "ArtScale": 1.0,
                "ArtCenter": {
                    "x": 99999,
                    "y": 99999
                },
                "AttackRect": {
                    "mHeight": 0,
                    "mWidth": 0,
                    "mX": 99999,
                    "mY": 99999
                },
                "BurstDelay": 10,
                "TimeToKillInSeconds": 0.001,
                "CanBeFlickedOff": false,
                "CanBePlantTossedStrong": false,
                "CanBePlantTossedWeak": false,
                "CanSpawnPlantFood": false,
                "CanSurrender": true,
                "CanTriggerZombieWin": false,
                "Cost": 150,
                "ConditionImmunities": [
                    {
                        "Condition": "chill"
                    },
                    {
                        "Condition": "freeze"
                    },
                    {
                        "Condition": "stun"
                    },
                    {
                        "Condition": "stalled"
                    },
                    {
                        "Condition": "sapped"
                    },
                    {
                        "Condition": "poisoned"
                    },
                    {
                        "Condition": "decaypoison"
                    },
                    {
                        "Condition": "shrinking"
                    },
                    {
                        "Condition": "shrunken"
                    },
                    {
                        "Condition": "contagiouspoison"
                    },
                    {
                        "Condition": "dazeystunned"
                    },
                    {
                        "Condition": "stackableslow"
                    },
                    {
                        "Condition": "hypnotized"
                    },
                    {
                        "Condition": "butter"
                    },
                    {
                        "Condition": "bloomingheartdebuff"
                    },
                    {
                        "Condition": "solarflared"
                    },
                    {
                        "Condition": "warpingIn"
                    },
                    {
                        "Condition": "warpingOut"
                    },
                    {
                        "Condition": "sunbeaned"
                    },
                    {
                        "Condition": "stackableslow"
                    },
                    {
                        "Condition": "gummed"
                    },
                    {
                        "Condition": "lightning"
                    },
                    {
                        "Condition": "tossed"
                    },
                    {
                        "Condition": "haunted"
                    },
                    {
                        "Condition": "hotdateattraction"
                    },
                    {
                        "Condition": "stickybombed"
                    }
                ],
                "EatDPS": 0,
                "GroundTrackName": "ground_swatch",
                "HitRect": {
                    "mHeight": 62,
                    "mWidth": 38,
                    "mX": -18,
                    "mY": 10
                },
                "Hitpoints": 999999999,
                "MaxTideLoweredPercent": 0.2,
                "IsValidPinchTarget": false,
                "PlantsWhichBreakBarrelOnCollision": {
                    "List": [
                    ],
                    "ListType": "includelist"
                },
                "ScaledProps": [
                    {
                        "Arg1": 1.3,
                        "Arg2": 0.05,
                        "Formula": "standard",
                        "Key": "Hitpoints"
                    },
                    {
                        "Arg1": 1.3,
                        "Arg2": 0.05,
                        "Formula": "standard",
                        "Key": "EatDPS"
                    },
                    {
                        "Formula": "constant",
                        "Key": "Speed"
                    }
                ],
                "ShadowOffset": {
                    "x": 0,
                    "y": 0,
                    "z": 0.0
                },
                "ShadowScaling": {
                    "x": 1.5,
                    "y": 1
                },
                "SkipHeadDropState": true,
                "SoundOnWalk": "",
                "SoundOnDeath": "",
                "Speed": 0.185,
                "TargetByIncludelist": {
                    "List": [
                    ],
                    "ListType": "includelist"
                },
                "WavePointCost": 0,
                "Weight": 0,
                "ZombieStats": [
                    {
                        "Type": "toughness",
                        "Value": "toughness1"
                    },
                    {
                        "Type": "speed",
                        "Value": "speed2"
                    }
                ]
            }
        },
{"aliases":["A1"],
"objclass": "ParachuteRainZombieSpawnerProps",
"objdata": {
    "ColumnStart": 5,
    "ColumnEnd": 7,
    "GroupSize": 1,
    "TimeBetweenGroups": "0.2",
    "ZombieFallTime": "1.5",
    "SpiderZombieName": "lostcity_lostpilot",
    "SpiderCount": 0,
    "WaveStartMessage": "Basic, Basic - X"
}},{"aliases":["A2"],
"objclass": "ParachuteRainZombieSpawnerProps",
"objdata": {
    "ColumnStart": 5,
    "ColumnEnd": 7,
    "GroupSize": 1,
    "TimeBetweenGroups": "0.2",
    "ZombieFallTime": "1.5",
    "SpiderZombieName": "lostcity_lostpilot",
    "SpiderCount": 0,
    "WaveStartMessage": "3\nBasic, Basic - X"
}},{"aliases":["A3"],
"objclass": "ParachuteRainZombieSpawnerProps",
"objdata": {
    "ColumnStart": 5,
    "ColumnEnd": 7,
    "GroupSize": 1,
    "TimeBetweenGroups": "0.2",
    "ZombieFallTime": "1.5",
    "SpiderZombieName": "lostcity_lostpilot",
    "SpiderCount": 0,
    "WaveStartMessage": "2\nBasic, Basic - X"
}},{"aliases":["A4"],
"objclass": "ParachuteRainZombieSpawnerProps",
"objdata": {
    "ColumnStart": 5,
    "ColumnEnd": 7,
    "GroupSize": 1,
    "TimeBetweenGroups": "0.2",
    "ZombieFallTime": "1.5",
    "SpiderZombieName": "lostcity_lostpilot",
    "SpiderCount": 0,
    "WaveStartMessage": "1\nBasic, Basic -X"
}},{"aliases":["ZZZ"],
"objclass": "SpawnZombiesFromGridItemSpawnerProps",
"objdata": {
    "WaveStartMessage": "Necromancy!",
    "ZombieSpawnWaitTime": 0,
    "SuppressActionIfNoGridItemsFound": false,
    "AdditionalPlantfood": "0",
    "GridTypes": [
        "RTID(railcart_pirate@GridItemTypes)"
    ],
    "Zombies": [
        {"Type":"RTID(pirate@ZombieTypes)"}
    ]
}},
{"aliases":["ZZZY"],
"objclass": "SpawnZombiesFromGridItemSpawnerProps",
"objdata": {
    "WaveStartMessage": "Necromancy!",
    "ZombieSpawnWaitTime": 5,
    "SuppressActionIfNoGridItemsFound": false,
    "AdditionalPlantfood": "0",
    "GridTypes": [
        "RTID(railcart_pirate@GridItemTypes)"
    ],
    "Zombies": [
        {"Type":"RTID(pirate@ZombieTypes)"}
    ]
}},
{"aliases":["B"],
"objclass": "ParachuteRainZombieSpawnerProps",
"objdata": {
    "ColumnStart": 5,
    "ColumnEnd": 7,
    "GroupSize": 1,
    "TimeBetweenGroups": "0.2",
    "ZombieFallTime": "1.5",
    "SpiderZombieName": "lostcity_lostpilot",
    "SpiderCount": 0,
    "WaveStartMessage": "Conehead - X"
}},{"aliases":["B1"],
"objclass": "ParachuteRainZombieSpawnerProps",
"objdata": {
    "ColumnStart": 5,
    "ColumnEnd": 7,
    "GroupSize": 1,
    "TimeBetweenGroups": "0.2",
    "ZombieFallTime": "1.5",
    "SpiderZombieName": "lostcity_lostpilot",
    "SpiderCount": 0,
    "WaveStartMessage": "3\nConehead - X"
}},{"aliases":["B2"],
"objclass": "ParachuteRainZombieSpawnerProps",
"objdata": {
    "ColumnStart": 5,
    "ColumnEnd": 7,
    "GroupSize": 1,
    "TimeBetweenGroups": "0.2",
    "ZombieFallTime": "1.5",
    "SpiderZombieName": "lostcity_lostpilot",
    "SpiderCount": 0,
    "WaveStartMessage": "2\nConehead - X"
}},{"aliases":["B3"],
"objclass": "ParachuteRainZombieSpawnerProps",
"objdata": {
    "ColumnStart": 5,
    "ColumnEnd": 7,
    "GroupSize": 1,
    "TimeBetweenGroups": "0.2",
    "ZombieFallTime": "1.5",
    "SpiderZombieName": "lostcity_lostpilot",
    "SpiderCount": 0,
    "WaveStartMessage": "1\nConehead - X"
}},{"aliases":["BBB"],
"objclass": "SpawnZombiesFromGridItemSpawnerProps",
"objdata": {
    "WaveStartMessage": "Necromancy!",
    "ZombieSpawnWaitTime": 0,
    "SuppressActionIfNoGridItemsFound": false,
    "AdditionalPlantfood": "0",
    "GridTypes": [
        "RTID(railcart_pirate@GridItemTypes)"
    ],
    "Zombies": [
        {"Type":"RTID(pirate_armor1@ZombieTypes)"}
    ]
}},
{"aliases":["C"],
"objclass": "ParachuteRainZombieSpawnerProps",
"objdata": {
    "ColumnStart": 5,
    "ColumnEnd": 7,
    "GroupSize": 1,
    "TimeBetweenGroups": "0.2",
    "ZombieFallTime": "1.5",
    "SpiderZombieName": "lostcity_lostpilot",
    "SpiderCount": 0,
    "WaveStartMessage": "Conehead - Seagull"
}},{"aliases":["C1"],
"objclass": "ParachuteRainZombieSpawnerProps",
"objdata": {
    "ColumnStart": 5,
    "ColumnEnd": 7,
    "GroupSize": 1,
    "TimeBetweenGroups": "0.2",
    "ZombieFallTime": "1.5",
    "SpiderZombieName": "lostcity_lostpilot",
    "SpiderCount": 0,
    "WaveStartMessage": "3\nConehead - Seagull"
}},{"aliases":["C2"],
"objclass": "ParachuteRainZombieSpawnerProps",
"objdata": {
    "ColumnStart": 5,
    "ColumnEnd": 7,
    "GroupSize": 1,
    "TimeBetweenGroups": "0.2",
    "ZombieFallTime": "1.5",
    "SpiderZombieName": "lostcity_lostpilot",
    "SpiderCount": 0,
    "WaveStartMessage": "2\nConehead - Seagull"
}},{"aliases":["C3"],
"objclass": "ParachuteRainZombieSpawnerProps",
"objdata": {
    "ColumnStart": 5,
    "ColumnEnd": 7,
    "GroupSize": 1,
    "TimeBetweenGroups": "0.2",
    "ZombieFallTime": "1.5",
    "SpiderZombieName": "lostcity_lostpilot",
    "SpiderCount": 0,
    "WaveStartMessage": "1\nConehead - Seagull"
}},{"aliases":["VVV"],
"objclass": "SpawnZombiesFromGridItemSpawnerProps",
"objdata": {
    "WaveStartMessage": "Necromancy!",
    "ZombieSpawnWaitTime": 0,
    "SuppressActionIfNoGridItemsFound": false,
    "AdditionalPlantfood": "0",
    "GridTypes": [
        "RTID(railcart_egypt@GridItemTypes)"
    ],
    "Zombies": [
        {"Type":"RTID(seagull@ZombieTypes)"}
    ]
}},
{"aliases":["D"],
"objclass": "ParachuteRainZombieSpawnerProps",
"objdata": {
    "ColumnStart": 5,
    "ColumnEnd": 7,
    "GroupSize": 1,
    "TimeBetweenGroups": "0.2",
    "ZombieFallTime": "1.5",
    "SpiderZombieName": "lostcity_lostpilot",
    "SpiderCount": 0,
    "WaveStartMessage": "Barrel Roller - Basic"
}},{"aliases":["D1"],
"objclass": "ParachuteRainZombieSpawnerProps",
"objdata": {
    "ColumnStart": 5,
    "ColumnEnd": 7,
    "GroupSize": 1,
    "TimeBetweenGroups": "0.2",
    "ZombieFallTime": "1.5",
    "SpiderZombieName": "lostcity_lostpilot",
    "SpiderCount": 0,
    "WaveStartMessage": "3\nBarrel Roller - Basic"
}},{"aliases":["D2"],
"objclass": "ParachuteRainZombieSpawnerProps",
"objdata": {
    "ColumnStart": 5,
    "ColumnEnd": 7,
    "GroupSize": 1,
    "TimeBetweenGroups": "0.2",
    "ZombieFallTime": "1.5",
    "SpiderZombieName": "lostcity_lostpilot",
    "SpiderCount": 0,
    "WaveStartMessage": "2\nBarrel Roller - Basic"
}},{"aliases":["D3"],
"objclass": "ParachuteRainZombieSpawnerProps",
"objdata": {
    "ColumnStart": 5,
    "ColumnEnd": 7,
    "GroupSize": 1,
    "TimeBetweenGroups": "0.2",
    "ZombieFallTime": "1.5",
    "SpiderZombieName": "lostcity_lostpilot",
    "SpiderCount": 0,
    "WaveStartMessage": "1\nBarrel Roller - Basic"
}},{"aliases":["lasingero"],
"objclass": "SpawnZombiesFromGridItemSpawnerProps",
"objdata": {
    "WaveStartMessage": "Necromancy!",
    "ZombieSpawnWaitTime": 0,
    "SuppressActionIfNoGridItemsFound": false,
    "AdditionalPlantfood": "0",
    "GridTypes": [
        "RTID(railcart_pirate@GridItemTypes)"
    ],
    "Zombies": [
        {"Type":"RTID(barrelrollerr@.)"}
    ]
}},
{"aliases":["la"],
"objclass": "SpawnZombiesFromGridItemSpawnerProps",
"objdata": {
    "WaveStartMessage": "Necromancy!",
    "ZombieSpawnWaitTime": 0,
    "SuppressActionIfNoGridItemsFound": false,
    "AdditionalPlantfood": "0",
    "GridTypes": [
        "RTID(railcart_egypt@GridItemTypes)"
    ],
    "Zombies": [
        {"Type":"RTID(pirate@ZombieTypes)"}
    ]
}},
{"aliases":["E"],
"objclass": "ParachuteRainZombieSpawnerProps",
"objdata": {
    "ColumnStart": 5,
    "ColumnEnd": 7,
    "GroupSize": 1,
    "TimeBetweenGroups": "0.2",
    "ZombieFallTime": "1.5",
    "SpiderZombieName": "lostcity_lostpilot",
    "SpiderCount": 0,
    "WaveStartMessage": "Buckethead - Conehead"
}},{"aliases":["E1"],
"objclass": "ParachuteRainZombieSpawnerProps",
"objdata": {
    "ColumnStart": 5,
    "ColumnEnd": 7,
    "GroupSize": 1,
    "TimeBetweenGroups": "0.2",
    "ZombieFallTime": "1.5",
    "SpiderZombieName": "lostcity_lostpilot",
    "SpiderCount": 0,
    "WaveStartMessage": "3\nBuckethead - Conehead"
}},{"aliases":["E2"],
"objclass": "ParachuteRainZombieSpawnerProps",
"objdata": {
    "ColumnStart": 5,
    "ColumnEnd": 7,
    "GroupSize": 1,
    "TimeBetweenGroups": "0.2",
    "ZombieFallTime": "1.5",
    "SpiderZombieName": "lostcity_lostpilot",
    "SpiderCount": 0,
    "WaveStartMessage": "2\nBuckethead - Conehead"
}},{"aliases":["E3"],
"objclass": "ParachuteRainZombieSpawnerProps",
"objdata": {
    "ColumnStart": 5,
    "ColumnEnd": 7,
    "GroupSize": 1,
    "TimeBetweenGroups": "0.2",
    "ZombieFallTime": "1.5",
    "SpiderZombieName": "lostcity_lostpilot",
    "SpiderCount": 0,
    "WaveStartMessage": "1\nBuckethead - Conehead"
}},{"aliases":["MMM"],
"objclass": "SpawnZombiesFromGridItemSpawnerProps",
"objdata": {
    "WaveStartMessage": "Necromancy!",
    "ZombieSpawnWaitTime": 0,
    "SuppressActionIfNoGridItemsFound": false,
    "AdditionalPlantfood": "0",
    "GridTypes": [
        "RTID(railcart_pirate@GridItemTypes)"
    ],
    "Zombies": [
        {"Type":"RTID(pirate_armor2@ZombieTypes)"}
    ]
}},
{"aliases":["MMF"],
"objclass": "SpawnZombiesFromGridItemSpawnerProps",
"objdata": {
    "WaveStartMessage": "Necromancy!",
    "ZombieSpawnWaitTime": 0,
    "SuppressActionIfNoGridItemsFound": false,
    "AdditionalPlantfood": "0",
    "GridTypes": [
        "RTID(railcart_egypt@GridItemTypes)"
    ],
    "Zombies": [
        {"Type":"RTID(pirate_armor1@ZombieTypes)"}
    ]
}},
{"aliases":["F"],
"objclass": "ParachuteRainZombieSpawnerProps",
"objdata": {
    "ColumnStart": 5,
    "ColumnEnd": 7,
    "GroupSize": 1,
    "TimeBetweenGroups": "0.2",
    "ZombieFallTime": "1.5",
    "SpiderZombieName": "lostcity_lostpilot",
    "SpiderCount": 0,
    "WaveStartMessage": "Seagull - Barrel Roller"
}},{"aliases":["F1"],
"objclass": "ParachuteRainZombieSpawnerProps",
"objdata": {
    "ColumnStart": 5,
    "ColumnEnd": 7,
    "GroupSize": 1,
    "TimeBetweenGroups": "0.2",
    "ZombieFallTime": "1.5",
    "SpiderZombieName": "lostcity_lostpilot",
    "SpiderCount": 0,
    "WaveStartMessage": "3\nSeagull - Barrel Roller"
}},{"aliases":["F2"],
"objclass": "ParachuteRainZombieSpawnerProps",
"objdata": {
    "ColumnStart": 5,
    "ColumnEnd": 7,
    "GroupSize": 1,
    "TimeBetweenGroups": "0.2",
    "ZombieFallTime": "1.5",
    "SpiderZombieName": "lostcity_lostpilot",
    "SpiderCount": 0,
    "WaveStartMessage": "2\nSeagull - Barrel Roller"
}},{"aliases":["F3"],
"objclass": "ParachuteRainZombieSpawnerProps",
"objdata": {
    "ColumnStart": 5,
    "ColumnEnd": 7,
    "GroupSize": 1,
    "TimeBetweenGroups": "0.2",
    "ZombieFallTime": "1.5",
    "SpiderZombieName": "lostcity_lostpilot",
    "SpiderCount": 0,
    "WaveStartMessage": "1\nSeagull - Barrel Roller"
}},{"aliases":["JJJ"],
"objclass": "SpawnZombiesFromGridItemSpawnerProps",
"objdata": {
    "WaveStartMessage": "Necromancy!",
    "ZombieSpawnWaitTime": 0,
    "SuppressActionIfNoGridItemsFound": false,
    "AdditionalPlantfood": "0",
    "GridTypes": [
        "RTID(railcart_pirate@GridItemTypes)"
    ],
    "Zombies": [
        {"Type":"RTID(seagull@ZombieTypes)"}
    ]
}},
{"aliases":["JJJJ"],
"objclass": "SpawnZombiesFromGridItemSpawnerProps",
"objdata": {
    "WaveStartMessage": "Necromancy!",
    "ZombieSpawnWaitTime": 0,
    "SuppressActionIfNoGridItemsFound": false,
    "AdditionalPlantfood": "0",
    "GridTypes": [
        "RTID(railcart_egypt@GridItemTypes)"
    ],
    "Zombies": [
        {"Type":"RTID(barrelrollerr@.)"}
    ]
}},
{"aliases":["G"],
"objclass": "ParachuteRainZombieSpawnerProps",
"objdata": {
    "ColumnStart": 5,
    "ColumnEnd": 7,
    "GroupSize": 1,
    "TimeBetweenGroups": "0.2",
    "ZombieFallTime": "1.5",
    "SpiderZombieName": "lostcity_lostpilot",
    "SpiderCount": 0,
    "WaveStartMessage": "Buckethead - Seagull"
}},{"aliases":["G1"],
"objclass": "ParachuteRainZombieSpawnerProps",
"objdata": {
    "ColumnStart": 5,
    "ColumnEnd": 7,
    "GroupSize": 1,
    "TimeBetweenGroups": "0.2",
    "ZombieFallTime": "1.5",
    "SpiderZombieName": "lostcity_lostpilot",
    "SpiderCount": 0,
    "WaveStartMessage": "3\nBuckethead - Seagull"
}},{"aliases":["G2"],
"objclass": "ParachuteRainZombieSpawnerProps",
"objdata": {
    "ColumnStart": 5,
    "ColumnEnd": 7,
    "GroupSize": 1,
    "TimeBetweenGroups": "0.2",
    "ZombieFallTime": "1.5",
    "SpiderZombieName": "lostcity_lostpilot",
    "SpiderCount": 0,
    "WaveStartMessage": "2\nBuckethead - Seagull"
}},{"aliases":["G3"],
"objclass": "ParachuteRainZombieSpawnerProps",
"objdata": {
    "ColumnStart": 5,
    "ColumnEnd": 7,
    "GroupSize": 1,
    "TimeBetweenGroups": "0.2",
    "ZombieFallTime": "1.5",
    "SpiderZombieName": "lostcity_lostpilot",
    "SpiderCount": 0,
    "WaveStartMessage": "1\nBuckethead - Seagull"
}},{"aliases":["ZAZA"],
"objclass": "SpawnZombiesFromGridItemSpawnerProps",
"objdata": {
    "WaveStartMessage": "Necromancy!",
    "ZombieSpawnWaitTime": 0,
    "SuppressActionIfNoGridItemsFound": false,
    "AdditionalPlantfood": "0",
    "GridTypes": [
        "RTID(railcart_pirate@GridItemTypes)"
    ],
    "Zombies": [
        {"Type":"RTID(idiot@ZombieTypes)"}
    ]
}},
{"aliases":["H"],
"objclass": "ParachuteRainZombieSpawnerProps",
"objdata": {
    "ColumnStart": 5,
    "ColumnEnd": 7,
    "GroupSize": 1,
    "TimeBetweenGroups": "0.2",
    "ZombieFallTime": "1.5",
    "SpiderZombieName": "lostcity_lostpilot",
    "SpiderCount": 0,
    "WaveStartMessage": "Barrel Roller, Buckethead - Basic, Barrel Roller"
}},{"aliases":["H1"],
"objclass": "ParachuteRainZombieSpawnerProps",
"objdata": {
    "ColumnStart": 5,
    "ColumnEnd": 7,
    "GroupSize": 1,
    "TimeBetweenGroups": "0.2",
    "ZombieFallTime": "1.5",
    "SpiderZombieName": "lostcity_lostpilot",
    "SpiderCount": 0,
    "WaveStartMessage": "3\nBarrel Roller, Buckethead - Basic, Barrel Roller"
}},{"aliases":["H2"],
"objclass": "ParachuteRainZombieSpawnerProps",
"objdata": {
    "ColumnStart": 5,
    "ColumnEnd": 7,
    "GroupSize": 1,
    "TimeBetweenGroups": "0.2",
    "ZombieFallTime": "1.5",
    "SpiderZombieName": "lostcity_lostpilot",
    "SpiderCount": 0,
    "WaveStartMessage": "2\nBarrel Roller, Buckethead - Basic,  Barrel Roller"
}},{"aliases":["H3"],
"objclass": "ParachuteRainZombieSpawnerProps",
"objdata": {
    "ColumnStart": 5,
    "ColumnEnd": 7,
    "GroupSize": 1,
    "TimeBetweenGroups": "0.2",
    "ZombieFallTime": "1.5",
    "SpiderZombieName": "lostcity_lostpilot",
    "SpiderCount": 0,
    "WaveStartMessage": "1\nBarrel Roller, Buckethead - Basic, Barrel Roller"
}},{"aliases":["ORB"],
"objclass": "SpawnZombiesFromGridItemSpawnerProps",
"objdata": {
    "WaveStartMessage": "Necromancy!",
    "ZombieSpawnWaitTime": 5,
    "SuppressActionIfNoGridItemsFound": false,
    "AdditionalPlantfood": "0",
    "GridTypes": [
        "RTID(railcart_pirate@GridItemTypes)"
    ],
    "Zombies": [
        {"Type":"RTID(pirate_armor2@ZombieTypes)"}
    ]
}},
{"aliases":["ORBC"],
"objclass": "SpawnZombiesFromGridItemSpawnerProps",
"objdata": {
    "WaveStartMessage": "Necromancy!",
    "ZombieSpawnWaitTime": 5,
    "SuppressActionIfNoGridItemsFound": false,
    "AdditionalPlantfood": "0",
    "GridTypes": [
        "RTID(railcart_egypt@GridItemTypes)"
    ],
    "Zombies": [
        {"Type":"RTID(barrelrollerr@.)"}
    ]
}},
{"aliases":["I"],
"objclass": "ParachuteRainZombieSpawnerProps",
"objdata": {
    "ColumnStart": 5,
    "ColumnEnd": 7,
    "GroupSize": 1,
    "TimeBetweenGroups": "0.2",
    "ZombieFallTime": "1.5",
    "SpiderZombieName": "lostcity_lostpilot",
    "SpiderCount": 0,
    "WaveStartMessage": ""
}},{"aliases":["I1"],
"objclass": "ParachuteRainZombieSpawnerProps",
"objdata": {
    "ColumnStart": 5,
    "ColumnEnd": 7,
    "GroupSize": 1,
    "TimeBetweenGroups": "0.2",
    "ZombieFallTime": "1.5",
    "SpiderZombieName": "lostcity_lostpilot",
    "SpiderCount": 0,
    "WaveStartMessage": "3\n"
}},{"aliases":["I2"],
"objclass": "ParachuteRainZombieSpawnerProps",
"objdata": {
    "ColumnStart": 5,
    "ColumnEnd": 7,
    "GroupSize": 1,
    "TimeBetweenGroups": "0.2",
    "ZombieFallTime": "1.5",
    "SpiderZombieName": "lostcity_lostpilot",
    "SpiderCount": 0,
    "WaveStartMessage": "2\n"
}},{"aliases":["I3"],
"objclass": "ParachuteRainZombieSpawnerProps",
"objdata": {
    "ColumnStart": 5,
    "ColumnEnd": 7,
    "GroupSize": 1,
    "TimeBetweenGroups": "0.2",
    "ZombieFallTime": "1.5",
    "SpiderZombieName": "lostcity_lostpilot",
    "SpiderCount": 0,
    "WaveStartMessage": "1\n"
}},{"aliases":["BRO"],
"objclass": "SpawnZombiesFromGridItemSpawnerProps",
"objdata": {
    "WaveStartMessage": "Necromancy!",
    "ZombieSpawnWaitTime": 0,
    "SuppressActionIfNoGridItemsFound": false,
    "AdditionalPlantfood": "0",
    "GridTypes": [
        "RTID(railcart_pirate@GridItemTypes)"
    ],
    "Zombies": [
        {"Type":"RTID(idiot@ZombieTypes)"}
    ]
}},
{"aliases":["J"],
"objclass": "ParachuteRainZombieSpawnerProps",
"objdata": {
    "ColumnStart": 5,
    "ColumnEnd": 7,
    "GroupSize": 1,
    "TimeBetweenGroups": "0.2",
    "ZombieFallTime": "1.5",
    "SpiderZombieName": "lostcity_lostpilot",
    "SpiderCount": 0,
    "WaveStartMessage": ""
}},{"aliases":["J1"],
"objclass": "ParachuteRainZombieSpawnerProps",
"objdata": {
    "ColumnStart": 5,
    "ColumnEnd": 7,
    "GroupSize": 1,
    "TimeBetweenGroups": "0.2",
    "ZombieFallTime": "1.5",
    "SpiderZombieName": "lostcity_lostpilot",
    "SpiderCount": 0,
    "WaveStartMessage": "3\n"
}},{"aliases":["J2"],
"objclass": "ParachuteRainZombieSpawnerProps",
"objdata": {
    "ColumnStart": 5,
    "ColumnEnd": 7,
    "GroupSize": 1,
    "TimeBetweenGroups": "0.2",
    "ZombieFallTime": "1.5",
    "SpiderZombieName": "lostcity_lostpilot",
    "SpiderCount": 0,
    "WaveStartMessage": "2\n"
}},{"aliases":["J3"],
"objclass": "ParachuteRainZombieSpawnerProps",
"objdata": {
    "ColumnStart": 5,
    "ColumnEnd": 7,
    "GroupSize": 1,
    "TimeBetweenGroups": "0.2",
    "ZombieFallTime": "1.5",
    "SpiderZombieName": "lostcity_lostpilot",
    "SpiderCount": 0,
    "WaveStartMessage": "1\n"
}},{"aliases":["XCV"],
"objclass": "SpawnZombiesFromGridItemSpawnerProps",
"objdata": {
    "WaveStartMessage": "Necromancy!",
    "ZombieSpawnWaitTime": 0,
    "SuppressActionIfNoGridItemsFound": false,
    "AdditionalPlantfood": "0",
    "GridTypes": [
        "RTID(railcart_pirate@GridItemTypes)"
    ],
    "Zombies": [
        {"Type":"RTID(idiot@ZombieTypes)"}
    ]
}},
{"aliases":["BowlingLine"],
"objclass": "BowlingMinigameProperties",
"objdata": { "BowlingFoulLine": 3 }
},
{
			"objclass": "ZombiesAteYourBrainsProperties",
			"aliases": [
				"IZombieWinCondition"
			],
			"objdata": {
				"ZombieWinPositionX": -80.0,
				"ZombieDiesInsteadOfWinning": true
			}
		},
{"aliases":["ChallengeModule"],
"objclass": "StarChallengeModuleProperties",
"objdata": {
    "Challenges": [[
        "RTID(DestroyGI@CurrentLevel)"
    ]],
    "ChallengesAlwaysAvailable": true
}},
{"aliases":["DestroyGI"],
"objclass": "DestroyGridItemsChallengeProps",
"objdata": {
    "GridItemType": "entity_targeting_template_1",
    "GridItemsToDestroy": 5,
    "ChallengeDescription": "Zombies will spawn from the minecart on the left in a countdown, move the minecart to spawn zombies in certain lanes. If more than one zombie spawns in a single minecart, they will spawn one by one within 5 seconds. Let the zombies eat the brains in every lane!"
}},
{"aliases":["Brain"],
"objclass":"InitialGridItemProperties",
"objdata":{
    "InitialGridItemPlacements": [
        {"GridX": -1, "GridY": 0, "TypeName":"entity_targeting_template_1"},
        {"GridX": -1, "GridY": 1, "TypeName":"entity_targeting_template_1"},
        {"GridX": -1, "GridY": 2, "TypeName":"entity_targeting_template_1"},
        {"GridX": -1, "GridY": 3, "TypeName":"entity_targeting_template_1"},
        {"GridX": -1, "GridY": 4, "TypeName":"entity_targeting_template_1"}
    ]
}},
{
            "aliases": [
                "EntitytargetingTemplate1Props"
            ],
            "objclass": "GridItemEntityTargetingProps",
            "objdata": {
                "ArtCenter": {
                    "x": 98,
                    "y": 120
                },
	"PopAnimRenderScale": {
                    "x": 1.25,
                    "y": 1.25
                },
                "BreakEffect": "POPANIM_EFFECTS_POWER_POTION_DESTROYED_EFFECT",
                "BreakEffectSound": "Play_Plant_EvilShroom_Toughness",
                "DamageStateCount": 5,
                "HitRectOffsetWidth": -30,
                "HitRectOffsetX": 15,
                "Height": "tall",
                "Hitpoints": 300,
	"IsAnimated": false,
                "Actions": [
                    {
                        "Type": "damage",
                        "TargetArea": "rect",
                        "EntitiesToAffect": [],
                        "Damage": 0,
                        "SecondsBetweenEffects": 9999,
                        "RangeInGridSquares": 1.5,
                       "ZConditions": [
                            {
                                "Condition": "unsuspendable",
                                "Duration": {
                                    "Min": 0,
                                    "Max": 0
                                }
                            }
                        ]
                    }
                ],
                "Teams": [
                    "plants"
                ],
               "PopAnim": "POPANIM_GRAVESTONES_DARK_PLANTFOOD",
               "PopAnimIdleAnim": "idle",
	"PopAnimRigClass": "GridItemDestroyableAnimRig",
                "Regenerates": false,
                "ScaledProps": [
                    {
                        "Arg1": 1.3,
                        "Arg2": 0.05,
                        "Formula": "standard",
                        "Key": "Hitpoints"
                    }
                ],
	"PlantingRestrictions": {
                    "BlockedPlantingReason": "PLANTING_NOT_ON_HEALER_STAFF",
                    "List": [],
                    "ListType": "whitelist"
                }
            }
        },
        {}
    ],
    "version": 1
}