{"#comment": "AE-IZM-IV: Tombstone Stockpile | ELM: Ver-10.2-Pre1 [RFL v1.2]",
"#zombies": "idiot",
"objects": [{
    "objclass": "LevelDefinition",
    "objdata": {
    "StartingSun": 0,
    "Description": "{PLAYER}'s teaching zombie lessons!",
    "FirstRewardParam": "moneybag",
    "LevelPowerupSet": "LevelPowerupsDisabled",
    "SuppressPlantfoodPurchase": true,
    "SuppressSunSpawn": true,
    "NormalPresentTable": "egypt_normal_01",
    "ShinyPresentTable": "egypt_shiny_01",
    "Loot": "RTID(DefaultLoot@LevelModules)",
    "ResourceGroupNames": [
        "DelayLoad_Background_Beach",
        "DelayLoad_Background_Beach_Compressed",
        "Tombstone_Dark_Special",
        "Tombstone_Dark_Effects",
        "GridItemZombiePotion",
        "GridItemZombiePotionAudio",
        "Tombstone_Dark_Plantfood"
    ],
    "Modules": [
        "RTID(OffScreenZombiesCoinOverride@LevelModules)",
        "RTID(StandardIntro@LevelModules)",
        "RTID(GI@CurrentLevel)",
        "RTID(IPP@CurrentLevel)",
        "RTID(Rails@CurrentLevel)",
        "RTID(BowlingLine@CurrentLevel)",
        "RTID(Escalation@CurrentLevel)",
        "RTID(NewWaves@CurrentLevel)",
        "RTID(BowlingLine@CurrentLevel)",
        "RTID(IZombieWinCondition@CurrentLevel)",
        "RTID(Brain@CurrentLevel)",
        "RTID(ChallengeModule@CurrentLevel)",
        "RTID(ZombiesDeadWinCon@LevelModules)"
    ],
    "Name": "Invaded AE-IZM-IV: Tombstone Stockpile",
    "StageModule": "RTID(EgyptStage@LevelModules)",
    "MusicType": "MiniGame_B"
}},
{
			"objclass": "ZombieType",
			"aliases": [
				"west_bul"
			],
			"objdata": {
				"TypeName": "carnie_magician",
				"ZombieClass": "ZombieCarnieMagician",
				"Properties": "RTID(FuckYouBull@.)",
				"ResourceGroups": [
					"ZombieCarnieDoveGroup",
					"ZombieWestChickenGroup",
					"ZombieHamsterBallGroup",
                    "ZombieWestBullRiderGroup",
                    "ZombiePirateBarrelPusherGroup",
                    "ZombiePirateImpGroup",
                    "ZombieWestPianoGroup",
                    "ZombiePirateCannonGroup",
                    "ZombiePirateImpGroup",
                    "ZombieDummyGroup",
                    "ZombieEgyptCamelGroup",
                    "ZombieEgyptBasicGroup",
                    "ZombieSteamCoalMinerGroup",
                    "ZombiePVZABarrelGroup",
					"ZombieCarnieMagicianGroup",
					"ZombieZmechTeleportGroup"
				],
				"Comment": " Need to be updated after art integration",
				"AudioGroups": [
					"ZombieCarnieMagicianAudio"
				],
				"AnimRigClass": "ZombieAnimRig_Tutorial",
				"PopAnim": "POPANIM_ZOMBIE_DUMMY",
				"HomeWorld": "rift2",
				"AlmanacBackdropName": "warp",
				"Placeable": true
			}
		},
		{
 			"aliases": [
 				"FuckYouBull"
 			],
 			"objclass": "ZombieCarnieMagicianProps",
 			"objdata": {
 				"Actions": [
 					"RTID(IHateBullSpawner_credits_to_nutshade_btw@.)"
 				],
 				"TeleportOtherStartTime": 0.05,
 				"TeleportSelfStartTime": 9999,
 				"DoveSpawnStartTime": 9999,
 				"TimeBetweenTeleportOther": 9999,
 				"TimeBetweenTeleportSelf": 9999,
 				"TimeBetweenDoveSpawn": 9999,
 				"TeleportationFailPercentage": 0,
 				"ImmuneToPlantRestrictionSet": {
 					"List": [],
 					"ListType": "excludelist"
 				},
 				"StreetSize": {
 					"x": 3,
 					"y": 2
 				},
 				"ArtCenter": {
 					"x": -99999,
 					"y": -99999
 				},
 				"ShadowOffset": {
 					"x": 0,
 					"y": 0,
 					"z": 0
 				},
 				"AttackRect": {
 					"mHeight": 90,
 					"mWidth": 20,
 					"mX": -9999,
 					"mY": -9999
 				},
 				"HitRect": {
 					"mHeight": 95,
 					"mWidth": 42,
 					"mX": -9999,
 					"mY": -9999
 				},
 				"CanSpawnPlantFood": true,
                 "CanSurrender": true,
                 "TimeToKillInSeconds": 3,
 				"Cost": 150,
 				"EatDPS": 100,
 				"GroundTrackName": "ground_swatch",
 				"Hitpoints": 620,
 				"ScaledProps": [{
 						"Arg1": 1.3,
 						"Arg2": 0.05,
 						"Formula": "standard",
 						"Key": "Hitpoints"
 					},
 					{
 						"Formula": "constant",
 						"Key": "Speed"
 					}
 				],
 				"Speed": 0.26,
 				"WavePointCost": 650,
 				"Weight": 3500,
 				"ZombieStats": [{
 						"Type": "toughness",
 						"Value": "toughness3"
 					},
 					{
 						"Type": "speed",
 						"Value": "speed2"
 					},
 					{
 						"Type": "variable",
 						"Value": "damage2"
 					}
 				]
 			}
 		},{
            "objclass": "ZombieDropZombiesOnBoardActionDefinition",
            "aliases": [
                "IHateBullSpawner_credits_to_nutshade_btw"
            ],
            "objdata": {
                "Weight": 1,
                "RepeatMin": 0,
                "RepeatMax": 0,
                "ColumnEnd": "0",
                "ColumnStart": "0",
                "MinSpawn": "1",
                "MaxSpawn": "1",
                "ZombieNames": [ "zmech_template_1" ],
                "ZombieWeights": [ 100 ],
                "TimeBeforeSpawn": 0.05,
                "ZombieFallTime": 0,
                "Phase": "Attacking",
                "CenterOnInstigator": true,
                "RampUpAnimation": "",
                "LoopingAnimation": "eat",
                "RampDownAnimation": "",
                "EffectTypeToShow": "",
                "DropAudioEvent": "Play_SeaSpill_SpawnToxin"
            }
        },
        {
			"aliases": [
				"ZmechTemplate1Props"
			],
			"objclass": "ZombieGeneralZmechProps",
			"objdata": {
				"Actions": [
					"RTID(ILoveBull_changed_my_mind@.)"
				],
				"LifetimeSeconds": 999999,
				"GeneralPhase": 0,
				"ScoreOverride": 75000,
				"StreetSize": {
					"x": 3,
					"y": 2
				},
				"ArtCenter": {
					"x": -9999,
					"y": -9999
				},
				"ShadowOffset": {
					"x": 0,
					"y": 0,
					"z": 0
				},
				"AttackRect": {
					"mHeight": 95,
					"mWidth": 82,
					"mX": -9999,
					"mY": -9999
				},
				"HitRect": {
					"mHeight": 95,
					"mWidth": 62,
					"mX": -9999,
					"mY": -9999
				},
				"CrosshairAnimation": "missile_lock_reticle",
				"CrosshairPopAnim": "POPANIM_EFFECTS_ZOMBOSS_MISSILE_EXPLOSION_FUTURE",
				"FoeEatDamageReflectPct": 0.5,
				"RocketAnimation": "missile",
				"RocketExplosionAnimation": "missile_explosion",
				"CraterLifetime": 5,
				"StunTime": 2,
				"CollideHypnotizedZombies": "ignore",
				"CanSpawnPlantFood": false,
 				"CanBePlantTossedStrong": false,
 				"CanBePlantTossedWeak": false,
 				"CanSurrender": true,
 				"CanTriggerZombieWin": false,
				"Cost": 150,
				"EatDPS": 100,
				"GroundTrackName": "ground_swatch",
				"Hitpoints": 2,
				"ScaledProps": [
					{
						"Arg1": 1.3,
						"Arg2": 0.05,
						"Formula": "standard",
						"Key": "Hitpoints"
					},
					{
						"Formula": "constant",
						"Key": "Speed"
					}
				],
				"Speed": 0.5,
				"WavePointCost": 100,
				"Weight": 3500,
				"ZombieStats": [
					{
						"Type": "toughness",
						"Value": "toughness5"
					},
					{
						"Type": "speed",
						"Value": "speed0"
					}
				]
			}
		},
		{
            "objclass": "ZombieDropActionDefinition",
            "aliases": [
                "ILoveBull_changed_my_mind"
            ],
            "objdata": {
                "Weight": 1,
                "RepeatMin": 0,
                "RepeatMax": 0,
                "Phase": "Entering",
                "PhaseAfter": "Destroy",
                "Invulnerable": "true",
                "Animation": "",
				"SoundOnStart": "Play_Plant_DaisyChain_Transition_01",
                "AwardDrop": "RTID(wedroppingthebullWOOHOOO@.)"
            }
        },{
            "objclass": "ZombieDropProps",
            "aliases": [
                "wedroppingthebullWOOHOOO"
            ],
            "objdata": {
                "Zombies": [
                    {
                        "Type": "west_bull",
						"Hypnotized": false,
						"TossGridXDelta": 0,
						"TossGridYDelta": 0,
						"SpawnGridXDelta": -1,
						"SpawnGridYDelta": 0,
						"SpawnGridZDelta": 0,
						"TossDuration": 0,
						"TossApexHeight": 0
                    }
                ]
            }
        },
        {
            "objclass": "ZombieType",
            "aliases": [
                "canno"
            ],
            "objdata": {
                "TypeName": "hamster_ball",
                "ZombieClass": "ZombieHamsterBall",
                "Properties": "RTID(MinerDZpawn@CurrentLevel)",
                "ResourceGroups": [
                    "ZombieHamsterBallGroup",
                    "ZombiePirateBarrelPusherGroup",
                    "ZombiePirateImpGroup",
                    "ZombieWestPianoGroup",
                    "ZombiePirateCannonGroup",
                    "ZombiePirateImpGroup",
                    "ZombieDummyGroup",
                    "ZombieEgyptCamelGroup",
                    "ZombieEgyptBasicGroup",
                    "ZombieSteamCoalMinerGroup",
                    "ZombiePVZABarrelGroup"
                ],
                "AudioGroups": [
                    "ZombieCowboyPonchoAudio"
                ],
                "AnimRigClass": "ZombieAnimRig_HamsterBall",
                "PopAnim": "POPANIM_ZOMBIE_DUMMY",
                "Placeable": true,
                "HomeWorld": "cowboy"
            }
        },
        {
            "aliases": [
                "MinerDZpawn"
            ],
            "objclass": "ZombieHamsterBallProps",
            "objdata": {
                "Behavior": 0,
                "SpeedBeforeImpact": 0.185,
                "RicochetLaneChangeTime": 99999999,
                "ZombieInsideBallType": "cannon",
                "ArmDropFraction": -1,
                "ArtScale": 1.0,
                "ArtCenter": {
                    "x": 99999,
                    "y": 99999
                },
                "AttackRect": {
                    "mHeight": 0,
                    "mWidth": 0,
                    "mX": 99999,
                    "mY": 99999
                },
                "BurstDelay": 10,
                "TimeToKillInSeconds": 0.001,
                "CanBeFlickedOff": false,
                "CanBePlantTossedStrong": false,
                "CanBePlantTossedWeak": false,
                "CanSpawnPlantFood": false,
                "CanSurrender": true,
                "CanTriggerZombieWin": false,
                "Cost": 150,
                "ConditionImmunities": [
                    {
                        "Condition": "chill"
                    },
                    {
                        "Condition": "freeze"
                    },
                    {
                        "Condition": "stun"
                    },
                    {
                        "Condition": "stalled"
                    },
                    {
                        "Condition": "sapped"
                    },
                    {
                        "Condition": "poisoned"
                    },
                    {
                        "Condition": "decaypoison"
                    },
                    {
                        "Condition": "shrinking"
                    },
                    {
                        "Condition": "shrunken"
                    },
                    {
                        "Condition": "contagiouspoison"
                    },
                    {
                        "Condition": "dazeystunned"
                    },
                    {
                        "Condition": "stackableslow"
                    },
                    {
                        "Condition": "hypnotized"
                    },
                    {
                        "Condition": "butter"
                    },
                    {
                        "Condition": "bloomingheartdebuff"
                    },
                    {
                        "Condition": "solarflared"
                    },
                    {
                        "Condition": "warpingIn"
                    },
                    {
                        "Condition": "warpingOut"
                    },
                    {
                        "Condition": "sunbeaned"
                    },
                    {
                        "Condition": "stackableslow"
                    },
                    {
                        "Condition": "gummed"
                    },
                    {
                        "Condition": "lightning"
                    },
                    {
                        "Condition": "tossed"
                    },
                    {
                        "Condition": "haunted"
                    },
                    {
                        "Condition": "hotdateattraction"
                    },
                    {
                        "Condition": "stickybombed"
                    }
                ],
                "EatDPS": 0,
                "GroundTrackName": "ground_swatch",
                "HitRect": {
                    "mHeight": 62,
                    "mWidth": 38,
                    "mX": -18,
                    "mY": 10
                },
                "Hitpoints": 999999999,
                "MaxTideLoweredPercent": 0.2,
                "IsValidPinchTarget": false,
                "PlantsWhichBreakBarrelOnCollision": {
                    "List": [
                    ],
                    "ListType": "includelist"
                },
                "ScaledProps": [
                    {
                        "Arg1": 1.3,
                        "Arg2": 0.05,
                        "Formula": "standard",
                        "Key": "Hitpoints"
                    },
                    {
                        "Arg1": 1.3,
                        "Arg2": 0.05,
                        "Formula": "standard",
                        "Key": "EatDPS"
                    },
                    {
                        "Formula": "constant",
                        "Key": "Speed"
                    }
                ],
                "ShadowOffset": {
                    "x": 0,
                    "y": 0,
                    "z": 0.0
                },
                "ShadowScaling": {
                    "x": 1.5,
                    "y": 1
                },
                "SkipHeadDropState": true,
                "SoundOnWalk": "",
                "SoundOnDeath": "",
                "Speed": 0.185,
                "TargetByIncludelist": {
                    "List": [
                    ],
                    "ListType": "includelist"
                },
                "WavePointCost": 0,
                "Weight": 0,
                "ZombieStats": [
                    {
                        "Type": "toughness",
                        "Value": "toughness1"
                    },
                    {
                        "Type": "speed",
                        "Value": "speed2"
                    }
                ]
            }
        },
{"aliases":["BowlingLine"],
"objclass": "BowlingMinigameProperties",
"objdata": { "BowlingFoulLine": 4 }
},
{"aliases":["BeatTheLevel"],
"objclass": "StarChallengeBeatTheLevelProps",
"objdata": {
    "Description": "Survive without the shovel",
    "DescriptiveName": "Custom Objective"
}},
{"aliases":["GI"],
"objclass":"InitialGridItemProperties",
"objdata":{
    "InitialGridItemPlacements": [
        {"GridX": 6, "GridY": 2, "TypeName":"railcart_cowboy"},
        {"GridX": 8, "GridY": 0, "TypeName":"inviscrater"},
        {"GridX": 8, "GridY": 1, "TypeName":"inviscrater"},
        {"GridX": 8, "GridY": 2, "TypeName":"inviscrater"},
        {"GridX": 8, "GridY": 3, "TypeName":"inviscrater"},
        {"GridX": 8, "GridY": 4, "TypeName":"inviscrater"},
        {"GridX": 7, "GridY": 0, "TypeName":"inviscrater"},
        {"GridX": 7, "GridY": 1, "TypeName":"inviscrater"},
        {"GridX": 7, "GridY": 2, "TypeName":"inviscrater"},
        {"GridX": 7, "GridY": 3, "TypeName":"inviscrater"},
        {"GridX": 7, "GridY": 4, "TypeName":"inviscrater"}
    ]
}},
{"aliases":["IPP"],
"objclass": "InitialPlantProperties",
"objdata": {
    "InitialPlantPlacements": [
        {"GridX": 0, "GridY": 0, "Level": -1, "TypeName":"peashooter"},
        {"GridX": 1, "GridY": 0, "Level": -1, "TypeName":"iceburg"},
        {"GridX": 2, "GridY": 0, "Level": -1, "TypeName":"repeater"},
        {"GridX": 3, "GridY": 0, "Level": -1, "TypeName":"snowpea"},
        {"GridX": 0, "GridY": 1, "Level": -1, "TypeName":"bonkchoy"},
        {"GridX": 1, "GridY": 1, "Level": -1, "TypeName":"squash"},
        {"GridX": 2, "GridY": 1, "Level": -1, "TypeName":"melonpult"},
        {"GridX": 3, "GridY": 1, "Level": -1, "TypeName":"springbean"},
        {"GridX": 0, "GridY": 2, "Level": -1, "TypeName":"bonkchoy"},
        {"GridX": 1, "GridY": 2, "Level": -1, "TypeName":"springbean"},
        {"GridX": 2, "GridY": 2, "Level": -1, "TypeName":"sunflower"},
        {"GridX": 3, "GridY": 2, "Level": -1, "TypeName":"squash"},
        {"GridX": 0, "GridY": 3, "Level": -1, "TypeName":"sunflower"},
        {"GridX": 1, "GridY": 3, "Level": -1, "TypeName":"sunflower"},
        {"GridX": 2, "GridY": 3, "Level": -1, "TypeName":"snowpea"},
        {"GridX": 3, "GridY": 3, "Level": -1, "TypeName":"springbean"},
        {"GridX": 0, "GridY": 4, "Level": -1, "TypeName":"potatomine"},
        {"GridX": 1, "GridY": 4, "Level": -1, "TypeName":"bloomerang"},
        {"GridX": 2, "GridY": 4, "Level": -1, "TypeName":"melonpult"},
        {"GridX": 3, "GridY": 4, "Level": -1, "TypeName":"bonkchoy"}
    ]
}},
{"aliases": ["Rails"],
"objclass": "RailcartProperties",
"objdata": {
    "RailcartType": "railcart_egypt",
        "Railcarts": [
            {"Column": 5, "Row": 2}
        ],
        "Rails": [
            {"Column": 5, "RowEnd": 0, "RowStart": 0},
            {"Column": 6, "RowEnd": 0, "RowStart": 0},
            {"Column": 5, "RowEnd": 1, "RowStart": 1},
            {"Column": 6, "RowEnd": 1, "RowStart": 1},
            {"Column": 5, "RowEnd": 2, "RowStart": 2},
            {"Column": 6, "RowEnd": 2, "RowStart": 2},
            {"Column": 5, "RowEnd": 3, "RowStart": 3},
            {"Column": 6, "RowEnd": 3, "RowStart": 3},
            {"Column": 5, "RowEnd": 4, "RowStart": 4},
            {"Column": 6, "RowEnd": 4, "RowStart": 4}
        ]
}},
{"aliases": ["Escalation"],
"objclass": "LevelEscalationModuleProperties",
"objdata": {
    "FlagCount": 0,
    "WavesPerFlag": 100,
    "PlantfoodToSpawnCount": 0,
    "StartingPoints": 0,
    "PointIncrementPerWave": 0,
    "WaveManagerProps": "RTID(WaveManager@CurrentLevel)",
    "ZombiePool": [

    ]
}},
{"aliases": ["NewWaves"],
"objclass": "WaveManagerModuleProperties",
"objdata": {}
},
{"aliases": ["WaveManager"],
"objclass": "WaveManagerProperties",
"objdata": {
    "FlagWaveInterval": 100,
    "WaveCount": 50,
    "SuppressFlagZombie": true,
    "MinNextWaveHealthPercentage": 0,
    "MaxNextWaveHealthPercentage": 0,
    "ZombieCountdownHugeWaveDelay": 0,
    "Waves": [
        ["RTID(ShowInStreet@.)", "RTID(A1@.)"],
        ["RTID(A2@.)"],
        ["RTID(A3@.)"],
        ["RTID(A4@.)"],
        ["RTID(Wave5@.)", "RTID(ZZZ@.)", "RTID(ZZZ1@.)", "RTID(ZZZ2@.)"],
        ["RTID(B@.)"],
        ["RTID(B1@.)"],
        ["RTID(B2@.)"],
        ["RTID(B3@.)"],
        ["RTID(Wave10@.)", "RTID(BBB@.)", "RTID(BBBY@.)"],
        ["RTID(C@.)"],
        ["RTID(C1@.)"],
        ["RTID(C2@.)"],
        ["RTID(C3@.)"],
        ["RTID(Wave15@.)", "RTID(VVV@.)", "RTID(VV@.)", "RTID(VVX@.)"],
        ["RTID(D@.)"],
        ["RTID(D1@.)"],
        ["RTID(D2@.)"],
        ["RTID(D3@.)"],
        ["RTID(Wave20@.)", "RTID(lasingero@.)", "RTID(JK@.)"],
        ["RTID(E@.)"],
        ["RTID(E1@.)"],
        ["RTID(E2@.)"],
        ["RTID(E3@.)"],
        ["RTID(Wave25@.)", "RTID(MMM@.)", "RTID(MMMM@.)", "RTID(MX@.)"],
        ["RTID(F@.)"],
        ["RTID(F1@.)"],
        ["RTID(F2@.)"],
        ["RTID(F3@.)"],
        ["RTID(Wave30@.)", "RTID(JJJ@.)", "RTID(JJJJ@.)", "RTID(JJJJJ@.)"],
        ["RTID(G@.)"],
        ["RTID(G1@.)"],
        ["RTID(G2@.)"],
        ["RTID(G3@.)"],
        ["RTID(Wave35@.)", "RTID(ZAZA@.)", "RTID(ZAZ@.)", "RTID(ZA@.)"]
    ]
}},
{"aliases":["Wave5"],
"objclass": "SpawnZombiesJitteredWaveActionProps",
"objdata":{
    "AdditionalPlantfood": 0,
    "Zombies": [
        {"Row": "3", "Type": "RTID(idiot@ZombieTypes)"}
    ]
}},

{"aliases":["Wave10"],
"objclass": "SpawnZombiesJitteredWaveActionProps",
"objdata":{
    "AdditionalPlantfood": 0,
    "Zombies": [
        {"Row": "3", "Type": "RTID(idiot@ZombieTypes)"}
    ]
}},

{"aliases":["Wave15"],
"objclass": "SpawnZombiesJitteredWaveActionProps",
"objdata":{
    "AdditionalPlantfood": 0,
    "Zombies": [
        {"Row": "3", "Type": "RTID(idiot@ZombieTypes)"}
    ]
}},

{"aliases":["Wave20"],
"objclass": "SpawnZombiesJitteredWaveActionProps",
"objdata":{
    "AdditionalPlantfood": 0,
    "Zombies": [
        {"Row": "3", "Type": "RTID(idiot@ZombieTypes)"}
    ]
}},

{"aliases":["Wave25"],
"objclass": "SpawnZombiesJitteredWaveActionProps",
"objdata":{
    "AdditionalPlantfood": 0,
    "Zombies": [
        {"Row": "3", "Type": "RTID(idiot@ZombieTypes)"}
    ]
}},

{"aliases":["Wave30"],
"objclass": "SpawnZombiesJitteredWaveActionProps",
"objdata":{
    "AdditionalPlantfood": 0,
    "Zombies": [
        {"Row": "3", "Type": "RTID(idiot@ZombieTypes)"}
    ]
}},

{"aliases":["Wave35"],
"objclass": "SpawnZombiesJitteredWaveActionProps",
"objdata":{
    "AdditionalPlantfood": 0,
    "Zombies": [
        {"Row": "3", "Type": "RTID(idiot@ZombieTypes)"}
    ]
}},

{"aliases":["Wave40"],
"objclass": "SpawnZombiesJitteredWaveActionProps",
"objdata":{
    "AdditionalPlantfood": 0,
    "Zombies": [
        {"Row": "3", "Type": "RTID(idiot@ZombieTypes)"}
    ]
}},

{"aliases":["Wave45"],
"objclass": "SpawnZombiesJitteredWaveActionProps",
"objdata":{
    "AdditionalPlantfood": 0,
    "Zombies": [
        {"Row": "3", "Type": "RTID(idiot@ZombieTypes)"}
    ]
}},

{"aliases":["Wave50"],
"objclass": "SpawnZombiesJitteredWaveActionProps",
"objdata":{
    "AdditionalPlantfood": 0,
    "Zombies": [
        {"Row": "3", "Type": "RTID(idiot@ZombieTypes)"}
    ]
}},
{"aliases":["ShowInStreet"],
"objclass": "SpawnZombiesFromGridItemSpawnerProps",
"objdata": {
    "WaveStartMessage": "",
    "ZombieSpawnWaitTime": 0,
    "SuppressActionIfNoGridItemsFound": false,
    "AdditionalPlantfood": "0",
    "GridTypes": [
        
    ],
    "Zombies": [
        {"Type":"RTID(cannon@ZombieTypes)"},
        {"Type":"RTID(west_bull@ZombieTypes)"}
    ]
}},
{"aliases":["A1"],
"objclass": "ParachuteRainZombieSpawnerProps",
"objdata": {
    "ColumnStart": 5,
    "ColumnEnd": 7,
    "GroupSize": 1,
    "TimeBetweenGroups": "0.2",
    "ZombieFallTime": "1.5",
    "SpiderZombieName": "lostcity_lostpilot",
    "SpiderCount": 0,
    "WaveStartMessage": "Imp, Cannon - Tomb Raiser"
}},{"aliases":["A2"],
"objclass": "ParachuteRainZombieSpawnerProps",
"objdata": {
    "ColumnStart": 5,
    "ColumnEnd": 7,
    "GroupSize": 1,
    "TimeBetweenGroups": "0.2",
    "ZombieFallTime": "1.5",
    "SpiderZombieName": "lostcity_lostpilot",
    "SpiderCount": 0,
    "WaveStartMessage": "3\nImp, Cannon - Tomb Raiser"
}},{"aliases":["A3"],
"objclass": "ParachuteRainZombieSpawnerProps",
"objdata": {
    "ColumnStart": 5,
    "ColumnEnd": 7,
    "GroupSize": 1,
    "TimeBetweenGroups": "0.2",
    "ZombieFallTime": "1.5",
    "SpiderZombieName": "lostcity_lostpilot",
    "SpiderCount": 0,
    "WaveStartMessage": "2\nImp, Cannon - Tomb Raiser"
}},{"aliases":["A4"],
"objclass": "ParachuteRainZombieSpawnerProps",
"objdata": {
    "ColumnStart": 5,
    "ColumnEnd": 7,
    "GroupSize": 1,
    "TimeBetweenGroups": "0.2",
    "ZombieFallTime": "1.5",
    "SpiderZombieName": "lostcity_lostpilot",
    "SpiderCount": 0,
    "WaveStartMessage": "1\nImp, Cannon - Tomb Raiser"
}},{"aliases":["ZZZ"],
"objclass": "SpawnZombiesFromGridItemSpawnerProps",
"objdata": {
    "WaveStartMessage": "Necromancy!",
    "ZombieSpawnWaitTime": 0,
    "SuppressActionIfNoGridItemsFound": false,
    "AdditionalPlantfood": "0",
    "GridTypes": [
        "RTID(railcart_egypt@GridItemTypes)"
    ],
    "Zombies": [
        {"Type":"RTID(egypt_imp@ZombieTypes)"}
    ]
}},
{"aliases":["ZZZ1"],
"objclass": "SpawnZombiesFromGridItemSpawnerProps",
"objdata": {
    "WaveStartMessage": "Necromancy!",
    "ZombieSpawnWaitTime": 5,
    "SuppressActionIfNoGridItemsFound": false,
    "AdditionalPlantfood": "0",
    "GridTypes": [
        "RTID(railcart_egypt@GridItemTypes)"
    ],
    "Zombies": [
        {"Type":"RTID(canno@.)"}
    ]
}},
{"aliases":["ZZZ2"],
"objclass": "SpawnZombiesFromGridItemSpawnerProps",
"objdata": {
    "WaveStartMessage": "Necromancy!",
    "ZombieSpawnWaitTime": 0,
    "SuppressActionIfNoGridItemsFound": false,
    "AdditionalPlantfood": "0",
    "GridTypes": [
        "RTID(railcart_cowboy@GridItemTypes)"
    ],
    "Zombies": [
        {"Type":"RTID(tomb_raiser@ZombieTypes)"}
    ]
}},
{"aliases":["B"],
"objclass": "ParachuteRainZombieSpawnerProps",
"objdata": {
    "ColumnStart": 5,
    "ColumnEnd": 7,
    "GroupSize": 1,
    "TimeBetweenGroups": "0.2",
    "ZombieFallTime": "1.5",
    "SpiderZombieName": "lostcity_lostpilot",
    "SpiderCount": 0,
    "WaveStartMessage": "Imp, Conehead - X"
}},{"aliases":["B1"],
"objclass": "ParachuteRainZombieSpawnerProps",
"objdata": {
    "ColumnStart": 5,
    "ColumnEnd": 7,
    "GroupSize": 1,
    "TimeBetweenGroups": "0.2",
    "ZombieFallTime": "1.5",
    "SpiderZombieName": "lostcity_lostpilot",
    "SpiderCount": 0,
    "WaveStartMessage": "3\nImp, Conehead - X"
}},{"aliases":["B2"],
"objclass": "ParachuteRainZombieSpawnerProps",
"objdata": {
    "ColumnStart": 5,
    "ColumnEnd": 7,
    "GroupSize": 1,
    "TimeBetweenGroups": "0.2",
    "ZombieFallTime": "1.5",
    "SpiderZombieName": "lostcity_lostpilot",
    "SpiderCount": 0,
    "WaveStartMessage": "2\nImp, Conehead - X"
}},{"aliases":["B3"],
"objclass": "ParachuteRainZombieSpawnerProps",
"objdata": {
    "ColumnStart": 5,
    "ColumnEnd": 7,
    "GroupSize": 1,
    "TimeBetweenGroups": "0.2",
    "ZombieFallTime": "1.5",
    "SpiderZombieName": "lostcity_lostpilot",
    "SpiderCount": 0,
    "WaveStartMessage": "1\nImp, Conehead - X"
}},{"aliases":["BBB"],
"objclass": "SpawnZombiesFromGridItemSpawnerProps",
"objdata": {
    "WaveStartMessage": "Necromancy!",
    "ZombieSpawnWaitTime": 0,
    "SuppressActionIfNoGridItemsFound": false,
    "AdditionalPlantfood": "0",
    "GridTypes": [
        "RTID(railcart_egypt@GridItemTypes)"
    ],
    "Zombies": [
        {"Type":"RTID(west_bullrider@ZombieTypes)"}
    ]
}},
{"aliases":["BBBY"],
"objclass": "SpawnZombiesFromGridItemSpawnerProps",
"objdata": {
    "WaveStartMessage": "Necromancy!",
    "ZombieSpawnWaitTime": 5,
    "SuppressActionIfNoGridItemsFound": false,
    "AdditionalPlantfood": "0",
    "GridTypes": [
        "RTID(railcart_egypt@GridItemTypes)"
    ],
    "Zombies": [
        {"Type":"RTID(mummy_armor1@ZombieTypes)"}
    ]
}},
{"aliases":["C"],
"objclass": "ParachuteRainZombieSpawnerProps",
"objdata": {
    "ColumnStart": 5,
    "ColumnEnd": 7,
    "GroupSize": 1,
    "TimeBetweenGroups": "0.2",
    "ZombieFallTime": "1.5",
    "SpiderZombieName": "lostcity_lostpilot",
    "SpiderCount": 0,
    "WaveStartMessage": "Explorer, Explorer - Basic"
}},{"aliases":["C1"],
"objclass": "ParachuteRainZombieSpawnerProps",
"objdata": {
    "ColumnStart": 5,
    "ColumnEnd": 7,
    "GroupSize": 1,
    "TimeBetweenGroups": "0.2",
    "ZombieFallTime": "1.5",
    "SpiderZombieName": "lostcity_lostpilot",
    "SpiderCount": 0,
    "WaveStartMessage": "3\nExplorer, Explorer - Basic"
}},{"aliases":["C2"],
"objclass": "ParachuteRainZombieSpawnerProps",
"objdata": {
    "ColumnStart": 5,
    "ColumnEnd": 7,
    "GroupSize": 1,
    "TimeBetweenGroups": "0.2",
    "ZombieFallTime": "1.5",
    "SpiderZombieName": "lostcity_lostpilot",
    "SpiderCount": 0,
    "WaveStartMessage": "2\nExplorer, Explorer - Basic"
}},{"aliases":["C3"],
"objclass": "ParachuteRainZombieSpawnerProps",
"objdata": {
    "ColumnStart": 5,
    "ColumnEnd": 7,
    "GroupSize": 1,
    "TimeBetweenGroups": "0.2",
    "ZombieFallTime": "1.5",
    "SpiderZombieName": "lostcity_lostpilot",
    "SpiderCount": 0,
    "WaveStartMessage": "1\nExplorer, Explorer - Basic"
}},{"aliases":["VVV"],
"objclass": "SpawnZombiesFromGridItemSpawnerProps",
"objdata": {
    "WaveStartMessage": "Necromancy!",
    "ZombieSpawnWaitTime": 0,
    "SuppressActionIfNoGridItemsFound": false,
    "AdditionalPlantfood": "0",
    "GridTypes": [
        "RTID(railcart_egypt@GridItemTypes)"
    ],
    "Zombies": [
        {"Type":"RTID(explorer@ZombieTypes)"}
    ]
}},
{"aliases":["VV"],
"objclass": "SpawnZombiesFromGridItemSpawnerProps",
"objdata": {
    "WaveStartMessage": "Necromancy!",
    "ZombieSpawnWaitTime": 5,
    "SuppressActionIfNoGridItemsFound": false,
    "AdditionalPlantfood": "0",
    "GridTypes": [
        "RTID(railcart_egypt@GridItemTypes)"
    ],
    "Zombies": [
        {"Type":"RTID(explorer@ZombieTypes)"}
    ]
}},
{"aliases":["VVX"],
"objclass": "SpawnZombiesFromGridItemSpawnerProps",
"objdata": {
    "WaveStartMessage": "Necromancy!",
    "ZombieSpawnWaitTime": 0,
    "SuppressActionIfNoGridItemsFound": false,
    "AdditionalPlantfood": "0",
    "GridTypes": [
        "RTID(railcart_cowboy@GridItemTypes)"
    ],
    "Zombies": [
        {"Type":"RTID(pirate@ZombieTypes)"}
    ]
}},
{"aliases":["D"],
"objclass": "ParachuteRainZombieSpawnerProps",
"objdata": {
    "ColumnStart": 5,
    "ColumnEnd": 7,
    "GroupSize": 1,
    "TimeBetweenGroups": "0.2",
    "ZombieFallTime": "1.5",
    "SpiderZombieName": "lostcity_lostpilot",
    "SpiderCount": 0,
    "WaveStartMessage": "Pharaoh - Bull"
}},{"aliases":["D1"],
"objclass": "ParachuteRainZombieSpawnerProps",
"objdata": {
    "ColumnStart": 5,
    "ColumnEnd": 7,
    "GroupSize": 1,
    "TimeBetweenGroups": "0.2",
    "ZombieFallTime": "1.5",
    "SpiderZombieName": "lostcity_lostpilot",
    "SpiderCount": 0,
    "WaveStartMessage": "3\nPharaoh - Bull"
}},{"aliases":["D2"],
"objclass": "ParachuteRainZombieSpawnerProps",
"objdata": {
    "ColumnStart": 5,
    "ColumnEnd": 7,
    "GroupSize": 1,
    "TimeBetweenGroups": "0.2",
    "ZombieFallTime": "1.5",
    "SpiderZombieName": "lostcity_lostpilot",
    "SpiderCount": 0,
    "WaveStartMessage": "2\nPharaoh - Bull"
}},{"aliases":["D3"],
"objclass": "ParachuteRainZombieSpawnerProps",
"objdata": {
    "ColumnStart": 5,
    "ColumnEnd": 7,
    "GroupSize": 1,
    "TimeBetweenGroups": "0.2",
    "ZombieFallTime": "1.5",
    "SpiderZombieName": "lostcity_lostpilot",
    "SpiderCount": 0,
    "WaveStartMessage": "1\nPharaoh - Bull"
}},{"aliases":["lasingero"],
"objclass": "SpawnZombiesFromGridItemSpawnerProps",
"objdata": {
    "WaveStartMessage": "Necromancy!",
    "ZombieSpawnWaitTime": 0,
    "SuppressActionIfNoGridItemsFound": false,
    "AdditionalPlantfood": "0",
    "GridTypes": [
        "RTID(railcart_egypt@GridItemTypes)"
    ],
    "Zombies": [
        {"Type":"RTID(pharaoh@ZombieTypes)"}
    ]
}},
{"aliases":["JK"],
"objclass": "SpawnZombiesFromGridItemSpawnerProps",
"objdata": {
    "WaveStartMessage": "Necromancy!",
    "ZombieSpawnWaitTime": 0,
    "SuppressActionIfNoGridItemsFound": false,
    "AdditionalPlantfood": "0",
    "GridTypes": [
        "RTID(railcart_cowboy@GridItemTypes)"
    ],
    "Zombies": [
        {"Type":"RTID(west_bul@.)"}
    ]
}},
{"aliases":["E"],
"objclass": "ParachuteRainZombieSpawnerProps",
"objdata": {
    "ColumnStart": 5,
    "ColumnEnd": 7,
    "GroupSize": 1,
    "TimeBetweenGroups": "0.2",
    "ZombieFallTime": "1.5",
    "SpiderZombieName": "lostcity_lostpilot",
    "SpiderCount": 0,
    "WaveStartMessage": "Conehead(Mummy), Conehead(Cowboy) - Piano"
}},{"aliases":["E1"],
"objclass": "ParachuteRainZombieSpawnerProps",
"objdata": {
    "ColumnStart": 5,
    "ColumnEnd": 7,
    "GroupSize": 1,
    "TimeBetweenGroups": "0.2",
    "ZombieFallTime": "1.5",
    "SpiderZombieName": "lostcity_lostpilot",
    "SpiderCount": 0,
    "WaveStartMessage": "3\nConehead(Mummy), Conehead(Cowboy) - Piano"
}},{"aliases":["E2"],
"objclass": "ParachuteRainZombieSpawnerProps",
"objdata": {
    "ColumnStart": 5,
    "ColumnEnd": 7,
    "GroupSize": 1,
    "TimeBetweenGroups": "0.2",
    "ZombieFallTime": "1.5",
    "SpiderZombieName": "lostcity_lostpilot",
    "SpiderCount": 0,
    "WaveStartMessage": "2\nConehead(Mummy), Conehead(Cowboy) - Piano"
}},{"aliases":["E3"],
"objclass": "ParachuteRainZombieSpawnerProps",
"objdata": {
    "ColumnStart": 5,
    "ColumnEnd": 7,
    "GroupSize": 1,
    "TimeBetweenGroups": "0.2",
    "ZombieFallTime": "1.5",
    "SpiderZombieName": "lostcity_lostpilot",
    "SpiderCount": 0,
    "WaveStartMessage": "1\nConehead(Mummy), Conehead(Cowboy) - Piano"
}},{"aliases":["MMM"],
"objclass": "SpawnZombiesFromGridItemSpawnerProps",
"objdata": {
    "WaveStartMessage": "Necromancy!",
    "ZombieSpawnWaitTime": 0,
    "SuppressActionIfNoGridItemsFound": false,
    "AdditionalPlantfood": "0",
    "GridTypes": [
        "RTID(railcart_egypt@GridItemTypes)"
    ],
    "Zombies": [
        {"Type":"RTID(mummy_armor1@ZombieTypes)"}
    ]
}},
{"aliases":["MMMM"],
"objclass": "SpawnZombiesFromGridItemSpawnerProps",
"objdata": {
    "WaveStartMessage": "Necromancy!",
    "ZombieSpawnWaitTime": 5,
    "SuppressActionIfNoGridItemsFound": false,
    "AdditionalPlantfood": "0",
    "GridTypes": [
        "RTID(railcart_egypt@GridItemTypes)"
    ],
    "Zombies": [
        {"Type":"RTID(cowboy_armor1@ZombieTypes)"}
    ]
}},
{"aliases":["MX"],
"objclass": "SpawnZombiesFromGridItemSpawnerProps",
"objdata": {
    "WaveStartMessage": "Necromancy!",
    "ZombieSpawnWaitTime": 0,
    "SuppressActionIfNoGridItemsFound": false,
    "AdditionalPlantfood": "0",
    "GridTypes": [
        "RTID(railcart_cowboy@GridItemTypes)"
    ],
    "Zombies": [
        {"Type":"RTID(piano@ZombieTypes)"}
    ]
}},
{"aliases":["F"],
"objclass": "ParachuteRainZombieSpawnerProps",
"objdata": {
    "ColumnStart": 5,
    "ColumnEnd": 7,
    "GroupSize": 1,
    "TimeBetweenGroups": "0.2",
    "ZombieFallTime": "1.5",
    "SpiderZombieName": "lostcity_lostpilot",
    "SpiderCount": 0,
    "WaveStartMessage": "Pharaoh, Tomb Raiser - Cannon"
}},{"aliases":["F1"],
"objclass": "ParachuteRainZombieSpawnerProps",
"objdata": {
    "ColumnStart": 5,
    "ColumnEnd": 7,
    "GroupSize": 1,
    "TimeBetweenGroups": "0.2",
    "ZombieFallTime": "1.5",
    "SpiderZombieName": "lostcity_lostpilot",
    "SpiderCount": 0,
    "WaveStartMessage": "3\nPharaoh, Tomb Raiser - Cannon"
}},{"aliases":["F2"],
"objclass": "ParachuteRainZombieSpawnerProps",
"objdata": {
    "ColumnStart": 5,
    "ColumnEnd": 7,
    "GroupSize": 1,
    "TimeBetweenGroups": "0.2",
    "ZombieFallTime": "1.5",
    "SpiderZombieName": "lostcity_lostpilot",
    "SpiderCount": 0,
    "WaveStartMessage": "2\nPharaoh, Tomb Raiser - Cannon"
}},{"aliases":["F3"],
"objclass": "ParachuteRainZombieSpawnerProps",
"objdata": {
    "ColumnStart": 5,
    "ColumnEnd": 7,
    "GroupSize": 1,
    "TimeBetweenGroups": "0.2",
    "ZombieFallTime": "1.5",
    "SpiderZombieName": "lostcity_lostpilot",
    "SpiderCount": 0,
    "WaveStartMessage": "1\nPharaoh, Tomb Raiser - Cannon"
}},{"aliases":["JJJ"],
"objclass": "SpawnZombiesFromGridItemSpawnerProps",
"objdata": {
    "WaveStartMessage": "Necromancy!",
    "ZombieSpawnWaitTime": 0,
    "SuppressActionIfNoGridItemsFound": false,
    "AdditionalPlantfood": "0",
    "GridTypes": [
        "RTID(railcart_egypt@GridItemTypes)"
    ],
    "Zombies": [
        {"Type":"RTID(pharaoh@ZombieTypes)"}
    ]
}},
{"aliases":["JJJJ"],
"objclass": "SpawnZombiesFromGridItemSpawnerProps",
"objdata": {
    "WaveStartMessage": "Necromancy!",
    "ZombieSpawnWaitTime": 5,
    "SuppressActionIfNoGridItemsFound": false,
    "AdditionalPlantfood": "0",
    "GridTypes": [
        "RTID(railcart_egypt@GridItemTypes)"
    ],
    "Zombies": [
        {"Type":"RTID(tomb_raiser@ZombieTypes)"}
    ]
}},
{"aliases":["JJJJJ"],
"objclass": "SpawnZombiesFromGridItemSpawnerProps",
"objdata": {
    "WaveStartMessage": "Necromancy!",
    "ZombieSpawnWaitTime": 0,
    "SuppressActionIfNoGridItemsFound": false,
    "AdditionalPlantfood": "0",
    "GridTypes": [
        "RTID(railcart_cowboy@GridItemTypes)"
    ],
    "Zombies": [
        {"Type":"RTID(canno@.)"}
    ]
}},
{"aliases":["G"],
"objclass": "ParachuteRainZombieSpawnerProps",
"objdata": {
    "ColumnStart": 5,
    "ColumnEnd": 7,
    "GroupSize": 1,
    "TimeBetweenGroups": "0.2",
    "ZombieFallTime": "1.5",
    "SpiderZombieName": "lostcity_lostpilot",
    "SpiderCount": 0,
    "WaveStartMessage": "Explorer - Tomb Raiser, Bull"
}},{"aliases":["G1"],
"objclass": "ParachuteRainZombieSpawnerProps",
"objdata": {
    "ColumnStart": 5,
    "ColumnEnd": 7,
    "GroupSize": 1,
    "TimeBetweenGroups": "0.2",
    "ZombieFallTime": "1.5",
    "SpiderZombieName": "lostcity_lostpilot",
    "SpiderCount": 0,
    "WaveStartMessage": "3\nExplorer - Tomb Raiser, Bull"
}},{"aliases":["G2"],
"objclass": "ParachuteRainZombieSpawnerProps",
"objdata": {
    "ColumnStart": 5,
    "ColumnEnd": 7,
    "GroupSize": 1,
    "TimeBetweenGroups": "0.2",
    "ZombieFallTime": "1.5",
    "SpiderZombieName": "lostcity_lostpilot",
    "SpiderCount": 0,
    "WaveStartMessage": "2\nExplorer - Tomb Raiser, Bull"
}},{"aliases":["G3"],
"objclass": "ParachuteRainZombieSpawnerProps",
"objdata": {
    "ColumnStart": 5,
    "ColumnEnd": 7,
    "GroupSize": 1,
    "TimeBetweenGroups": "0.2",
    "ZombieFallTime": "1.5",
    "SpiderZombieName": "lostcity_lostpilot",
    "SpiderCount": 0,
    "WaveStartMessage": "1\nExplorer - Tomb Raiser, Bull"
}},{"aliases":["ZAZA"],
"objclass": "SpawnZombiesFromGridItemSpawnerProps",
"objdata": {
    "WaveStartMessage": "Necromancy!",
    "ZombieSpawnWaitTime": 0,
    "SuppressActionIfNoGridItemsFound": false,
    "AdditionalPlantfood": "0",
    "GridTypes": [
        "RTID(railcart_egypt@GridItemTypes)"
    ],
    "Zombies": [
        {"Type":"RTID(explorer@ZombieTypes)"}
    ]
}},
{"aliases":["ZAZ"],
"objclass": "SpawnZombiesFromGridItemSpawnerProps",
"objdata": {
    "WaveStartMessage": "Necromancy!",
    "ZombieSpawnWaitTime": 0,
    "SuppressActionIfNoGridItemsFound": false,
    "AdditionalPlantfood": "0",
    "GridTypes": [
        "RTID(railcart_cowboy@GridItemTypes)"
    ],
    "Zombies": [
        {"Type":"RTID(tomb_raiser@ZombieTypes)"}
    ]
}},
{"aliases":["ZA"],
"objclass": "SpawnZombiesFromGridItemSpawnerProps",
"objdata": {
    "WaveStartMessage": "Necromancy!",
    "ZombieSpawnWaitTime": 5,
    "SuppressActionIfNoGridItemsFound": false,
    "AdditionalPlantfood": "0",
    "GridTypes": [
        "RTID(railcart_cowboy@GridItemTypes)"
    ],
    "Zombies": [
        {"Type":"RTID(west_bul@.)"}
    ]
}},
{"aliases":["ZAZAAAA"],
"objclass": "SpawnZombiesFromGridItemSpawnerProps",
"objdata": {
    "WaveStartMessage": "Necromancy!",
    "ZombieSpawnWaitTime": 10,
    "SuppressActionIfNoGridItemsFound": false,
    "AdditionalPlantfood": "0",
    "GridTypes": [
        "RTID(railcart_egypt@GridItemTypes)"
    ],
    "Zombies": [
        {"Type":"RTID(explorer@ZombieTypes)"}
    ]
}},
{"aliases":["ZAZAAA"],
"objclass": "SpawnZombiesFromGridItemSpawnerProps",
"objdata": {
    "WaveStartMessage": "Necromancy!",
    "ZombieSpawnWaitTime": 5,
    "SuppressActionIfNoGridItemsFound": false,
    "AdditionalPlantfood": "0",
    "GridTypes": [
        "RTID(railcart_egypt@GridItemTypes)"
    ],
    "Zombies": [
        {"Type":"RTID(mummy_armor1@ZombieTypes)"}
    ]
}},
{"aliases":["ZAZAA"],
"objclass": "SpawnZombiesFromGridItemSpawnerProps",
"objdata": {
    "WaveStartMessage": "Necromancy!",
    "ZombieSpawnWaitTime": 0,
    "SuppressActionIfNoGridItemsFound": false,
    "AdditionalPlantfood": "0",
    "GridTypes": [
        "RTID(railcart_egypt@GridItemTypes)"
    ],
    "Zombies": [
        {"Type":"RTID(mummy_armor2@ZombieTypes)"}
    ]
}},
{"aliases":["H"],
"objclass": "ParachuteRainZombieSpawnerProps",
"objdata": {
    "ColumnStart": 5,
    "ColumnEnd": 7,
    "GroupSize": 1,
    "TimeBetweenGroups": "0.2",
    "ZombieFallTime": "1.5",
    "SpiderZombieName": "lostcity_lostpilot",
    "SpiderCount": 0,
    "WaveStartMessage": ""
}},{"aliases":["H1"],
"objclass": "ParachuteRainZombieSpawnerProps",
"objdata": {
    "ColumnStart": 5,
    "ColumnEnd": 7,
    "GroupSize": 1,
    "TimeBetweenGroups": "0.2",
    "ZombieFallTime": "1.5",
    "SpiderZombieName": "lostcity_lostpilot",
    "SpiderCount": 0,
    "WaveStartMessage": "3\n"
}},{"aliases":["H2"],
"objclass": "ParachuteRainZombieSpawnerProps",
"objdata": {
    "ColumnStart": 5,
    "ColumnEnd": 7,
    "GroupSize": 1,
    "TimeBetweenGroups": "0.2",
    "ZombieFallTime": "1.5",
    "SpiderZombieName": "lostcity_lostpilot",
    "SpiderCount": 0,
    "WaveStartMessage": "2\n"
}},{"aliases":["H3"],
"objclass": "ParachuteRainZombieSpawnerProps",
"objdata": {
    "ColumnStart": 5,
    "ColumnEnd": 7,
    "GroupSize": 1,
    "TimeBetweenGroups": "0.2",
    "ZombieFallTime": "1.5",
    "SpiderZombieName": "lostcity_lostpilot",
    "SpiderCount": 0,
    "WaveStartMessage": "1\n"
}},{"aliases":["ORB"],
"objclass": "SpawnZombiesFromGridItemSpawnerProps",
"objdata": {
    "WaveStartMessage": "Necromancy!",
    "ZombieSpawnWaitTime": 0,
    "SuppressActionIfNoGridItemsFound": false,
    "AdditionalPlantfood": "0",
    "GridTypes": [
        "RTID(railcart_egypt@GridItemTypes)"
    ],
    "Zombies": [
        {"Type":"RTID(idiot@ZombieTypes)"}
    ]
}},
{"aliases":["I"],
"objclass": "ParachuteRainZombieSpawnerProps",
"objdata": {
    "ColumnStart": 5,
    "ColumnEnd": 7,
    "GroupSize": 1,
    "TimeBetweenGroups": "0.2",
    "ZombieFallTime": "1.5",
    "SpiderZombieName": "lostcity_lostpilot",
    "SpiderCount": 0,
    "WaveStartMessage": ""
}},{"aliases":["I1"],
"objclass": "ParachuteRainZombieSpawnerProps",
"objdata": {
    "ColumnStart": 5,
    "ColumnEnd": 7,
    "GroupSize": 1,
    "TimeBetweenGroups": "0.2",
    "ZombieFallTime": "1.5",
    "SpiderZombieName": "lostcity_lostpilot",
    "SpiderCount": 0,
    "WaveStartMessage": "3\n"
}},{"aliases":["I2"],
"objclass": "ParachuteRainZombieSpawnerProps",
"objdata": {
    "ColumnStart": 5,
    "ColumnEnd": 7,
    "GroupSize": 1,
    "TimeBetweenGroups": "0.2",
    "ZombieFallTime": "1.5",
    "SpiderZombieName": "lostcity_lostpilot",
    "SpiderCount": 0,
    "WaveStartMessage": "2\n"
}},{"aliases":["I3"],
"objclass": "ParachuteRainZombieSpawnerProps",
"objdata": {
    "ColumnStart": 5,
    "ColumnEnd": 7,
    "GroupSize": 1,
    "TimeBetweenGroups": "0.2",
    "ZombieFallTime": "1.5",
    "SpiderZombieName": "lostcity_lostpilot",
    "SpiderCount": 0,
    "WaveStartMessage": "1\n"
}},{"aliases":["BRO"],
"objclass": "SpawnZombiesFromGridItemSpawnerProps",
"objdata": {
    "WaveStartMessage": "Necromancy!",
    "ZombieSpawnWaitTime": 0,
    "SuppressActionIfNoGridItemsFound": false,
    "AdditionalPlantfood": "0",
    "GridTypes": [
        "RTID(railcart_egypt@GridItemTypes)"
    ],
    "Zombies": [
        {"Type":"RTID(idiot@ZombieTypes)"}
    ]
}},
{"aliases":["J"],
"objclass": "ParachuteRainZombieSpawnerProps",
"objdata": {
    "ColumnStart": 5,
    "ColumnEnd": 7,
    "GroupSize": 1,
    "TimeBetweenGroups": "0.2",
    "ZombieFallTime": "1.5",
    "SpiderZombieName": "lostcity_lostpilot",
    "SpiderCount": 0,
    "WaveStartMessage": ""
}},{"aliases":["J1"],
"objclass": "ParachuteRainZombieSpawnerProps",
"objdata": {
    "ColumnStart": 5,
    "ColumnEnd": 7,
    "GroupSize": 1,
    "TimeBetweenGroups": "0.2",
    "ZombieFallTime": "1.5",
    "SpiderZombieName": "lostcity_lostpilot",
    "SpiderCount": 0,
    "WaveStartMessage": "3\n"
}},{"aliases":["J2"],
"objclass": "ParachuteRainZombieSpawnerProps",
"objdata": {
    "ColumnStart": 5,
    "ColumnEnd": 7,
    "GroupSize": 1,
    "TimeBetweenGroups": "0.2",
    "ZombieFallTime": "1.5",
    "SpiderZombieName": "lostcity_lostpilot",
    "SpiderCount": 0,
    "WaveStartMessage": "2\n"
}},{"aliases":["J3"],
"objclass": "ParachuteRainZombieSpawnerProps",
"objdata": {
    "ColumnStart": 5,
    "ColumnEnd": 7,
    "GroupSize": 1,
    "TimeBetweenGroups": "0.2",
    "ZombieFallTime": "1.5",
    "SpiderZombieName": "lostcity_lostpilot",
    "SpiderCount": 0,
    "WaveStartMessage": "1\n"
}},{"aliases":["XCV"],
"objclass": "SpawnZombiesFromGridItemSpawnerProps",
"objdata": {
    "WaveStartMessage": "Necromancy!",
    "ZombieSpawnWaitTime": 0,
    "SuppressActionIfNoGridItemsFound": false,
    "AdditionalPlantfood": "0",
    "GridTypes": [
        "RTID(railcart_egypt@GridItemTypes)"
    ],
    "Zombies": [
        {"Type":"RTID(idiot@ZombieTypes)"}
    ]
}},
{"aliases":["BowlingLine"],
"objclass": "BowlingMinigameProperties",
"objdata": { "BowlingFoulLine": 4 }
},
{
			"objclass": "ZombiesAteYourBrainsProperties",
			"aliases": [
				"IZombieWinCondition"
			],
			"objdata": {
				"ZombieWinPositionX": -80.0,
				"ZombieDiesInsteadOfWinning": true
			}
		},
{"aliases":["ChallengeModule"],
"objclass": "StarChallengeModuleProperties",
"objdata": {
    "Challenges": [[
        "RTID(DestroyGI@CurrentLevel)"
    ]],
    "ChallengesAlwaysAvailable": true
}},
{"aliases":["DestroyGI"],
"objclass": "DestroyGridItemsChallengeProps",
"objdata": {
    "GridItemType": "entity_targeting_template_1",
    "GridItemsToDestroy": 5,
    "ChallengeDescription": "Zombies will spawn from the minecart on the left in a countdown, move the minecart to spawn zombies in certain lanes. If more than one zombie spawns in a single minecart, they will spawn one by one within 5 seconds. Let the zombies eat the brains in every lane!"
}},
{"aliases":["Brain"],
"objclass":"InitialGridItemProperties",
"objdata":{
    "InitialGridItemPlacements": [
        {"GridX": -1, "GridY": 0, "TypeName":"entity_targeting_template_1"},
        {"GridX": -1, "GridY": 1, "TypeName":"entity_targeting_template_1"},
        {"GridX": -1, "GridY": 2, "TypeName":"entity_targeting_template_1"},
        {"GridX": -1, "GridY": 3, "TypeName":"entity_targeting_template_1"},
        {"GridX": -1, "GridY": 4, "TypeName":"entity_targeting_template_1"}
    ]
}},
{
            "aliases": [
                "EntitytargetingTemplate1Props"
            ],
            "objclass": "GridItemEntityTargetingProps",
            "objdata": {
                "ArtCenter": {
                    "x": 98,
                    "y": 120
                },
	"PopAnimRenderScale": {
                    "x": 1.25,
                    "y": 1.25
                },
                "BreakEffect": "POPANIM_EFFECTS_POWER_POTION_DESTROYED_EFFECT",
                "BreakEffectSound": "Play_Plant_EvilShroom_Toughness",
                "DamageStateCount": 5,
                "HitRectOffsetWidth": -30,
                "HitRectOffsetX": 15,
                "Height": "tall",
                "Hitpoints": 300,
	"IsAnimated": false,
                "Actions": [
                    {
                        "Type": "damage",
                        "TargetArea": "rect",
                        "EntitiesToAffect": [],
                        "Damage": 0,
                        "SecondsBetweenEffects": 9999,
                        "RangeInGridSquares": 1.5,
                       "ZConditions": [
                            {
                                "Condition": "unsuspendable",
                                "Duration": {
                                    "Min": 0,
                                    "Max": 0
                                }
                            }
                        ]
                    }
                ],
                "Teams": [
                    "plants"
                ],
               "PopAnim": "POPANIM_GRAVESTONES_DARK_PLANTFOOD",
               "PopAnimIdleAnim": "idle",
	"PopAnimRigClass": "GridItemDestroyableAnimRig",
                "Regenerates": false,
                "ScaledProps": [
                    {
                        "Arg1": 1.3,
                        "Arg2": 0.05,
                        "Formula": "standard",
                        "Key": "Hitpoints"
                    }
                ],
	"PlantingRestrictions": {
                    "BlockedPlantingReason": "PLANTING_NOT_ON_HEALER_STAFF",
                    "List": [],
                    "ListType": "whitelist"
                }
            }
        },
        {}
    ],
    "version": 1
}