{
    "#comment": "Eighties 6",
    "objects": [
        {
            "objclass": "LevelDefinition",
            "objdata": {
                "Description": "[PLAYERS_TRIP_TO_EIGHTIES]",
                "LevelNumber": 6,
                "LevelPowerupSet": "LevelPowerupsDefault",
                "DisablePlantBoosts": false,
                "Loot": "RTID(DefaultLoot@LevelModules)",
                "Modules": [
                    "RTID(ZombiesDeadWinCon@LevelModules)",
                    "RTID(EightiesMowers@LevelModules)",
                    "RTID(ConveyorBelt@CurrentLevel)",
                    "RTID(DefaultZombieWinCondition@LevelModules)",
                    "RTID(NewWaves@CurrentLevel)"
                ],
                "Name": "[EIGHTIES_LEVEL_NAME]",
                "NormalPresentTable": "modern_normal_03",
                "ShinyPresentTable": "modern_shiny_03",
                "StageModule": "RTID(EightiesStage@LevelModules)",
                "FixedPlantLevel": 1,
                "ZombieLevel": 1,
                "SuppressAccountUpgrades": false,
                "SuppressDynamicTutorial": false,
                "SuppressPlantfoodPurchase": false,
                "StartingSun": 50
            }
        },
        {
            "aliases": ["ConveyorBelt"],
            "objclass": "ConveyorSeedBankProperties",
            "objdata": {
                "DropDelayConditions": [
                    {
                        "Delay": 3,
                        "MaxPackets": 0
                    },
                    {
                        "Delay": 6,
                        "MaxPackets": 2
                    },
                    {
                        "Delay": 9,
                        "MaxPackets": 4
                    },
                    {
                        "Delay": 12,
                        "MaxPackets": 8
                    }
                ],
                "InitialPlantList": [
                    {
                        "MaxCount": 6,
                        "PlantType": "phatbeet",
                        "Weight": 100
                    }
                ],
                "SpeedConditions": [
                    {
                        "MaxPackets": 0,
                        "Speed": 100
                    }
                ]
            }
        },
        {
            "aliases": [
                "NewWaves"
            ],
            "objclass": "WaveManagerModuleProperties",
            "objdata": {
                "WaveManagerProps": "RTID(WaveManagerProps@CurrentLevel)"
            }
        },
        {
            "aliases": [
                "WaveManagerProps"
            ],
            "objclass": "WaveManagerProperties",
            "objdata": {
                "FlagWaveInterval": 5,
                "MaxNextWaveHealthPercentage": 0.4,
                "MinNextWaveHealthPercentage": 0.3,
                "WaveCount": 10,
                "WaveSpendingPointIncrement": 50,
                "WaveSpendingPoints": 100,
                "Waves": [
                    [
                        "RTID(Wave1@CurrentLevel)",
                        "RTID(Wave1ModConveyor0@CurrentLevel)"
                    ],
                    [
                        "RTID(Wave2@CurrentLevel)"
                    ],
                    [
                        "RTID(Wave3@CurrentLevel)"
                    ],
                    [
                        "RTID(Wave4@CurrentLevel)"
                    ],
                    [
                        "RTID(Wave5@CurrentLevel)"
                    ],
                    [
                        "RTID(Wave6@CurrentLevel)"
                    ],
                    [
                        "RTID(Wave7@CurrentLevel)"
                    ],
                    [
                        "RTID(Wave8@CurrentLevel)"
                    ],
                    [
                        "RTID(Wave9@CurrentLevel)"
                    ],
                    [
                        "RTID(Wave10@CurrentLevel)"
                    ]
                ]
            }
        },
        {
            "aliases": [
                "Wave1"
            ],
            "objclass": "SpawnZombiesJitteredWaveActionProps",
            "objdata": {
                "NotificationEvents": ["jam_rap"],
                "AdditionalPlantfood": 1,
                "Zombies": [
                    {
                        "Type": "RTID(eighties@ZombieTypes)"
                    }
                ]
            }
        },
        {
            "aliases": [
                "Wave2"
            ],
            "objclass": "SpawnZombiesJitteredWaveActionProps",
            "objdata": {
                "NotificationEvents": ["jam_punk"],
                "Zombies": [
                    {
                        "Type": "RTID(eighties_armor1@ZombieTypes)"
                    },
                    {
                        "Type": "RTID(eighties_punk@ZombieTypes)"
                    }
                ]
            }
        },
        {
            "aliases": [
                "Wave3"
            ],
            "objclass": "SpawnZombiesJitteredWaveActionProps",
            "objdata": {
                "Zombies": [
                    {
                        "Type": "RTID(eighties@ZombieTypes)"
                    },
                    {
                        "Type": "RTID(eighties_armor2@ZombieTypes)"
                    }
                ]
            }
        },
        {
            "aliases": [
                "Wave4"
            ],
            "objclass": "SpawnZombiesJitteredWaveActionProps",
            "objdata": {
                "NotificationEvents": ["jam_pop"],
                "AdditionalPlantfood": 1,
                "Zombies": [
                    {
                        "Type": "RTID(eighties_armor2@ZombieTypes)"
                    },
                    {
                        "Type": "RTID(eighties_armor1@ZombieTypes)"
                    },
                    {
                        "Type": "RTID(eighties@ZombieTypes)"
                    }
                ]
            }
        },
        {
            "aliases": [
                "Wave5"
            ],
            "objclass": "SpawnZombiesJitteredWaveActionProps",
            "objdata": {
                "NotificationEvents": ["jam_punk"],
                "Zombies": [
                    {   
                        "Row": "4",
                        "Type": "RTID(eighties@ZombieTypes)"
                    },
                    {   
                        "Row": "1",
                        "Type": "RTID(eighties_armor1@ZombieTypes)"
                    },
                    {   
                        "Row": "5",
                        "Type": "RTID(eighties_armor1@ZombieTypes)"
                    },
                    {   
                        "Row": "1",
                        "Type": "RTID(eighties_punk@ZombieTypes)"
                    },
                    {   
                        "Row": "5",
                        "Type": "RTID(eighties_punk@ZombieTypes)"
                    }
                ]
            }
        },
        {
            "aliases": [
                "Wave6"
            ],
            "objclass": "SpawnZombiesJitteredWaveActionProps",
            "objdata": {
                "Zombies": [
                    {
                        "Type": "RTID(eighties@ZombieTypes)"
                    },
                    {
                        "Type": "RTID(eighties_punk@ZombieTypes)"
                    },
                    {
                        "Type": "RTID(eighties_punk@ZombieTypes)"
                    }
                ]
            }
        },
        {
            "aliases": [
                "Wave7"
            ],
            "objclass": "SpawnZombiesJitteredWaveActionProps",
            "objdata": {
                "Zombies": [
                    {
                        "Type": "RTID(eighties_punk@ZombieTypes)"
                    },
                    {
                        "Type": "RTID(eighties@ZombieTypes)"
                    },
                    {
                        "Type": "RTID(eighties@ZombieTypes)"
                    }
                ]
            }
        },
        {
            "aliases": [
                "Wave8"
            ],
            "objclass": "SpawnZombiesJitteredWaveActionProps",
            "objdata": {
                "NotificationEvents": ["jam_pop"],
                "Zombies": [
                    {
                        "Type": "RTID(eighties@ZombieTypes)"
                    },
                    {
                        "Type": "RTID(eighties_armor2@ZombieTypes)"
                    },
                    {
                        "Type": "RTID(eighties_armor2@ZombieTypes)"
                    },
                    {
                        "Type": "RTID(eighties@ZombieTypes)"
                    }
                ]
            }
        },
        {
            "aliases": [
                "Wave9"
            ],
            "objclass": "SpawnZombiesJitteredWaveActionProps",
            "objdata": {
                "AdditionalPlantfood": 1,
                "Zombies": [
                    {
                        "Type": "RTID(eighties@ZombieTypes)"
                    },
                    {
                        "Type": "RTID(eighties@ZombieTypes)"
                    },
                    {
                        "Type": "RTID(eighties@ZombieTypes)"
                    },
                    {
                        "Type": "RTID(eighties_armor2@ZombieTypes)"
                    }
                ]
            }
        },
        {
            "aliases": [
                "Wave10"
            ],
            "objclass": "SpawnZombiesJitteredWaveActionProps",
            "objdata": {
                "Zombies": [
                    {   
                        "Row": "4",
                        "Type": "RTID(eighties_armor2@ZombieTypes)"
                    },
                    {   
                        "Row": "2",
                        "Type": "RTID(eighties_armor1@ZombieTypes)"
                    },
                    {   
                        "Row": "4",
                        "Type": "RTID(eighties_armor1@ZombieTypes)"
                    },
                    {   
                        "Row": "2",
                        "Type": "RTID(eighties@ZombieTypes)"
                    },
                    {   
                        "Row": "4",
                        "Type": "RTID(eighties@ZombieTypes)"
                    },
                    {   
                        "Row": "5",
                        "Type": "RTID(eighties@ZombieTypes)"
                    },
                    {   
                        "Row": "3",
                        "Type": "RTID(eighties_armor2@ZombieTypes)"
                    },
                    {   
                        "Row": "3",
                        "Type": "RTID(eighties_armor2@ZombieTypes)"
                    },
                    {   
                        "Row": "5",
                        "Type": "RTID(eighties_armor2@ZombieTypes)"
                    },
                    {   
                        "Row": "5",
                        "Type": "RTID(eighties_armor2@ZombieTypes)"
                    }
                ]
            }
        },
        {
            "aliases": [
                "Wave1ModConveyor0"
            ],
            "objclass": "ModifyConveyorWaveActionProps",
            "objdata": {
                "Add": [
                    {
                        "MaxCount": 5,
                        "Type": "RTID(fumeshroom@PlantTypes)",
                        "Weight": 25
                    },
                    {
                        "MaxCount": 2,
                        "Type": "RTID(stallia@PlantTypes)",
                        "Weight": 75
                    }
                ],
                "Remove": []
            }
        }
    ],
    "version": 1
}