{
    "#comment": "Eighties 16",
    "objects": [
        {
            "objclass": "LevelDefinition",
            "objdata": {
                "Description": "[PLAYERS_TRIP_TO_EIGHTIES]",
                "LevelNumber": 16,
                "LevelPowerupSet": "LevelPowerupsDefault",
                "DisablePlantBoosts": false,
                "Loot": "RTID(DefaultLoot@LevelModules)",
                "Modules": [
                    "RTID(ZombiesDeadWinCon@LevelModules)",
                    "RTID(ConveyorBelt@CurrentLevel)",
                    "RTID(ChallengeModule@CurrentLevel)",
                    "RTID(DefaultZombieWinCondition@LevelModules)",
                    "RTID(NewWaves@CurrentLevel)"
                ],
                "Name": "[EIGHTIES_LEVEL_NAME]",
                "NormalPresentTable": "modern_normal_03",
                "ShinyPresentTable": "modern_shiny_03",
                "StageModule": "RTID(EightiesAltverzStage@LevelModules)",
                "FixedPlantLevel": 1,
                "ZombieLevel": 1,
                "SuppressAccountUpgrades": false,
                "SuppressDynamicTutorial": false,
                "SuppressPlantfoodPurchase": false,
                "StartingSun": 50
            }
        },
        {
            "aliases": ["ChallengeModule"],
            "objclass": "StarChallengeModuleProperties",
            "objdata": {
                "Challenges": [
                    [
                        "RTID(BeatTheLevel@CurrentLevel)",
       												 "RTID(SaveMowers@LevelModules)"
                    ]
                ],
                "ChallengesAlwaysAvailable": true
            }
        },
        {
            "aliases": ["BeatTheLevel"],
            "objclass": "StarChallengeBeatTheLevelProps",
            "objdata": {
                "Description": "Dr. Zombots: Do you feel like you've been dancing non-stop!? Did you hit your head? Did you lose your mind? The party's over! Stand before the musical wonder of my majestic Hair Metal Gargantuar!
Dave: I'm scared, Penny! 2 minutes to midnight!
Penny: Don't be afraid, User Dave. We'll finish this song..... With Rock and Roll!",
                "DescriptiveName": "Intro"
            }
        },
        {
            "aliases": ["ConveyorBelt"],
            "objclass": "ConveyorSeedBankProperties",
            "objdata": {
                "DropDelayConditions": [
                    {
                        "Delay": 3,
                        "MaxPackets": 0
                    },
                    {
                        "Delay": 6,
                        "MaxPackets": 2
                    },
                    {
                        "Delay": 9,
                        "MaxPackets": 4
                    },
                    {
                        "Delay": 12,
                        "MaxPackets": 8
                    }
                ],
                "InitialPlantList": [
                    {
                        "MaxCount": 6,
                        "PlantType": "phatbeet",
                        "Weight": 100
                    }
                ],
                "SpeedConditions": [
                    {
                        "MaxPackets": 0,
                        "Speed": 100
                    }
                ]
            }
        },
        {
            "aliases": [
                "NewWaves"
            ],
            "objclass": "WaveManagerModuleProperties",
            "objdata": {
                "WaveManagerProps": "RTID(WaveManagerProps@CurrentLevel)"
            }
        },
        {
            "aliases": [
                "WaveManagerProps"
            ],
            "objclass": "WaveManagerProperties",
            "objdata": {
                "FlagWaveInterval": 5,
                "MaxNextWaveHealthPercentage": 0.4,
                "MinNextWaveHealthPercentage": 0.3,
                "WaveCount": 15,
                "WaveSpendingPointIncrement": 50,
                "WaveSpendingPoints": 100,
                "Waves": [
                    [
                        "RTID(Wave1@CurrentLevel)"
                    ],
                    [
                        "RTID(Wave2@CurrentLevel)"
                    ],
                    [
                        "RTID(Wave3@CurrentLevel)",
                        "RTID(Wave3ModConveyor0@CurrentLevel)"
                    ],
                    [
                        "RTID(Wave4@CurrentLevel)",
                        "RTID(Wave4ModConveyor0@CurrentLevel)"
                    ],
                    [
                        "RTID(Wave5@CurrentLevel)",
                        "RTID(Wave5ModConveyor0@CurrentLevel)"
                    ],
                    [
                        "RTID(Wave6@CurrentLevel)"
                    ],
                    [
                        "RTID(Wave7@CurrentLevel)",
                        "RTID(Wave7ModConveyor0@CurrentLevel)"
                    ],
                    [
                        "RTID(Wave8@CurrentLevel)"
                    ],
                    [
                        "RTID(Wave9@CurrentLevel)"
                    ],
                    [
                        "RTID(Wave10@CurrentLevel)"
                    ],
                    [
                        "RTID(Wave11@CurrentLevel)"
                    ],
                    [
                        "RTID(Wave12@CurrentLevel)"
                    ],
                    [
                        "RTID(Wave13@CurrentLevel)"
                    ],
                    [
                        "RTID(Wave14@CurrentLevel)"
                    ],
                    [
                        "RTID(Wave15@CurrentLevel)"
                    ]
                ]
            }
        },
						{
        
            "aliases": [
                "Wave1"
            ],
            "objclass": "SpawnZombiesJitteredWaveActionProps",
            "objdata": {
                "NotificationEvents": ["jam_pop"],
                "AdditionalPlantfood": 1,
                "Zombies": [
                    {   
                        "Row": "3",
                        "Type": "RTID(eighties_glitter@ZombieTypes)"
                    }
                ]
            }
        },
        {
            "aliases": [
                "Wave2"
            ],
            "objclass": "SpawnZombiesJitteredWaveActionProps",
            "objdata": {
                "Zombies": [
                    {   
                        "Row": "4",
                        "Type": "RTID(eighties_glitter@ZombieTypes)"
                    },
                    {   
                        "Row": "5",
                        "Type": "RTID(eighties_glitter@ZombieTypes)"
                    }
                ]
            }
        },
        {
            "aliases": [
                "Wave3"
            ],
            "objclass": "SpawnZombiesJitteredWaveActionProps",
            "objdata": {
                "Zombies": [
                    {   
                        "Row": "1",
                        "Type": "RTID(eighties_armor1@ZombieTypes)"
                    },
                    {   
                        "Row": "2",
                        "Type": "RTID(eighties_armor1@ZombieTypes)"
                    }
                ]
            }
        },
        {
            "aliases": [
                "Wave4"
            ],
            "objclass": "SpawnZombiesJitteredWaveActionProps",
            "objdata": {
                "AdditionalPlantfood": 1,
                "Zombies": [
                    {   
                        "Row": "1",
                        "Type": "RTID(eighties_glitter@ZombieTypes)"
                    },
                    {   
                        "Row": "2",
                        "Type": "RTID(eighties_glitter@ZombieTypes)"
                    },
                    {   
                        "Row": "1",
                        "Type": "RTID(eighties_armor2@ZombieTypes)"
                    }
                ]
            }
        },
        {
            "aliases": [
                "Wave5"
            ],
            "objclass": "SpawnZombiesJitteredWaveActionProps",
            "objdata": {
                "NotificationEvents": ["jam_metal"],
                "Zombies": [
                    {   
                        "Row": "4",
                        "Type": "RTID(eighties_armor2@ZombieTypes)"
                    },
                    {   
                        "Row": "5",
                        "Type": "RTID(eighties_armor2@ZombieTypes)"
                    },
                    {   
                        "Row": "1",
                        "Type": "RTID(eighties_gargantuar@ZombieTypes)"
                    },
                    {   
                        "Row": "2",
                        "Type": "RTID(eighties_armor2@ZombieTypes)"
                    },
                    {   
                        "Row": "3",
                        "Type": "RTID(eighties_armor2@ZombieTypes)"
                    }
                ]
            }
        },
        {
            "aliases": [
                "Wave6"
            ],
            "objclass": "SpawnZombiesJitteredWaveActionProps",
            "objdata": {
                "Zombies": [
                    {   
                        "Row": "1",
                        "Type": "RTID(eighties_armor1@ZombieTypes)"
                    },
                    {   
                        "Row": "1",
                        "Type": "RTID(eighties_armor1@ZombieTypes)"
                    },
                    {   
                        "Row": "2",
                        "Type": "RTID(eighties_armor1@ZombieTypes)"
                    }
                ]
            }
        },
        {
            "aliases": [
                "Wave7"
            ],
            "objclass": "SpawnZombiesJitteredWaveActionProps",
            "objdata": {
                "Zombies": [
                    {   
                        "Row": "3",
                        "Type": "RTID(eighties_armor1@ZombieTypes)"
                    },
                    {   
                        "Row": "5",
                        "Type": "RTID(eighties_armor1@ZombieTypes)"
                    },
                    {
                        "Type": "RTID(eighties_boombox@ZombieTypes)"
                    }
                ]
            }
        },
        {
            "aliases": [
                "Wave8"
            ],
            "objclass": "SpawnZombiesJitteredWaveActionProps",
            "objdata": {
                "NotificationEvents": ["jam_rap"],
                "Zombies": [
                    {
                        "Type": "RTID(eighties_gargantuar@ZombieTypes)"
                    },
                    {
                        "Type": "RTID(eighties_armor2@ZombieTypes)"
                    },
                    {
                        "Type": "RTID(eighties_armor2@ZombieTypes)"
                    },
                    {
                        "Type": "RTID(eighties_boombox@ZombieTypes)"
                    }
                ]
            }
        },
        {
            "aliases": [
                "Wave9"
            ],
            "objclass": "SpawnZombiesJitteredWaveActionProps",
            "objdata": {
                "NotificationEvents": ["jam_punk"],
                "AdditionalPlantfood": 1,
                "Zombies": [
                    {
                        "Type": "RTID(eighties_boombox@ZombieTypes)"
                    },
                    {
                        "Type": "RTID(eighties@ZombieTypes)"
                    },
                    {
                        "Type": "RTID(eighties@ZombieTypes)"
                    },
                    {
                        "Type": "RTID(eighties_armor2@ZombieTypes)"
                    }
                ]
            }
        },
        {
            "aliases": [
                "Wave10"
            ],
            "objclass": "SpawnZombiesJitteredWaveActionProps",
            "objdata": {
                "Zombies": [
                    {   
                        "Row": "2",
                        "Type": "RTID(eighties_armor2@ZombieTypes)"
                    },
                    {   
                        "Row": "4",
                        "Type": "RTID(eighties_armor2@ZombieTypes)"
                    },
                    {   
                        "Row": "5",
                        "Type": "RTID(eighties_armor2@ZombieTypes)"
                    },
                    {   
                        "Row": "3",
                        "Type": "RTID(eighties_glitter@ZombieTypes)"
                    },
                    {   
                        "Row": "4",
                        "Type": "RTID(eighties_glitter@ZombieTypes)"
                    },
                    {   
                        "Row": "3",
                        "Type": "RTID(eighties_boombox@ZombieTypes)"
                    },
                    {   
                        "Row": "1",
                        "Type": "RTID(eighties_punk@ZombieTypes)"
                    },
                    {   
                        "Row": "2",
                        "Type": "RTID(eighties_punk@ZombieTypes)"
                    },
                    {   
                        "Row": "4",
                        "Type": "RTID(eighties_punk@ZombieTypes)"
                    },
                    {   
                        "Row": "5",
                        "Type": "RTID(eighties_punk@ZombieTypes)"
                    }
                ]
            }
        },
        {
            "aliases": [
                "Wave11"
            ],
            "objclass": "SpawnZombiesJitteredWaveActionProps",
            "objdata": {
                "Zombies": [
                    {   
                        "Row": "3",
                        "Type": "RTID(eighties_armor1@ZombieTypes)"
                    },
                    {   
                        "Row": "3",
                        "Type": "RTID(eighties_armor1@ZombieTypes)"
                    },
                    {   
                        "Row": "3",
                        "Type": "RTID(eighties_armor1@ZombieTypes)"
                    },
                    {   
                        "Row": "3",
                        "Type": "RTID(eighties_armor1@ZombieTypes)"
                    }
                ]
            }
        },
        {
            "aliases": [
                "Wave12"
            ],
            "objclass": "SpawnZombiesJitteredWaveActionProps",
            "objdata": {
                "Zombies": [
                    {
                        "Type": "RTID(eighties_punk@ZombieTypes)"
                    },
                    {
                        "Type": "RTID(eighties_punk@ZombieTypes)"
                    },
                    {
                        "Type": "RTID(eighties_punk@ZombieTypes)"
                    },
                    {
                        "Type": "RTID(eighties_imp@ZombieTypes)"
                    }
                ]
            }
        },
        {
            "aliases": [
                "Wave13"
            ],
            "objclass": "SpawnZombiesJitteredWaveActionProps",
            "objdata": {
                "NotificationEvents": ["jam_pop"],
                "Zombies": [
                    {
                        "Type": "RTID(eighties_imp@ZombieTypes)"
                    },
                    {
                        "Type": "RTID(eighties_imp@ZombieTypes)"
                    },
                    {
                        "Type": "RTID(eighties_imp@ZombieTypes)"
                    },
                    {   
                        "Row": "1",
                        "Type": "RTID(eighties_glitter@ZombieTypes)"
                    },
                    {   
                        "Row": "5",
                        "Type": "RTID(eighties_glitter@ZombieTypes)"
                    }
                ]
            }
        },
        {
            "aliases": [
                "Wave14"
            ],
            "objclass": "SpawnZombiesJitteredWaveActionProps",
            "objdata": {
                "AdditionalPlantfood": 1,
                "Zombies": [
                    {   
                        "Row": "5",
                        "Type": "RTID(eighties_gargantuar@ZombieTypes)"
                    },
                    {   
                        "Row": "2",
                        "Type": "RTID(eighties_armor2@ZombieTypes)"
                    },
                    {   
                        "Row": "3",
                        "Type": "RTID(eighties_armor2@ZombieTypes)"
                    },
                    {   
                        "Row": "4",
                        "Type": "RTID(eighties_armor2@ZombieTypes)"
                    },
                    {   
                        "Row": "5",
                        "Type": "RTID(eighties_armor1@ZombieTypes)"
                    }
                ]
            }
        },
        {
            "aliases": [
                "Wave15"
            ],
            "objclass": "SpawnZombiesJitteredWaveActionProps",
            "objdata": {
                "NotificationEvents": ["jam_metal"],
                "Zombies": [
                    {   
                        "Row": "1",
                        "Type": "RTID(eighties@ZombieTypes)"
                    },
                    {   
                        "Row": "1",
                        "Type": "RTID(eighties_gargantuar@ZombieTypes)"
                    },
                    {   
                        "Row": "2",
                        "Type": "RTID(eighties_armor2@ZombieTypes)"
                    },
                    {   
                        "Row": "4",
                        "Type": "RTID(eighties_armor2@ZombieTypes)"
                    },
                    {   
                        "Row": "2",
                        "Type": "RTID(eighties_armor1@ZombieTypes)"
                    },
                    {   
                        "Row": "4",
                        "Type": "RTID(eighties_armor1@ZombieTypes)"
                    },
                    {   
                        "Row": "2",
                        "Type": "RTID(eighties_boombox@ZombieTypes)"
                    },
                    {   
                        "Row": "3",
                        "Type": "RTID(eighties_boombox@ZombieTypes)"
                    },
                    {   
                        "Row": "4",
                        "Type": "RTID(eighties_punk@ZombieTypes)"
                    },
                    {   
                        "Row": "5",
                        "Type": "RTID(eighties_punk@ZombieTypes)"
                    }
                ]
            }
        },
        {
            "aliases": [
                "Wave3ModConveyor0"
            ],
            "objclass": "ModifyConveyorWaveActionProps",
            "objdata": {
                "Add": [
                    {
                        "MaxCount": 10,
                        "Type": "RTID(celerystalker@PlantTypes)",
                        "Weight": 75
                    }
                ],
                "Remove": []
            }
        },
        {
            "aliases": [
                "Wave4ModConveyor0"
            ],
            "objclass": "ModifyConveyorWaveActionProps",
            "objdata": {
                "Add": [
                    {
                        "MaxCount": 5,
                        "Type": "RTID(kernelpult@PlantTypes)",
                        "Weight": 75
                    }
                ],
                "Remove": []
            }
        },
        {
            "aliases": [
                "Wave5ModConveyor0"
            ],
            "objclass": "ModifyConveyorWaveActionProps",
            "objdata": {
                "Add": [
                    {
                        "MaxCount": 2,
                        "Type": "RTID(stallia@PlantTypes)",
                        "Weight": 100
                    }
                ],
                "Remove": []
            }
        },
        {
            "aliases": [
                "Wave7ModConveyor0"
            ],
            "objclass": "ModifyConveyorWaveActionProps",
            "objdata": {
                "Add": [
                    {
                        "MaxCount": 1,
                        "Type": "RTID(thymewarp@PlantTypes)",
                        "Weight": 75
                    }
                ],
                "Remove": []
            }
        }
    ],
    "version": 1
}