{
    "#comment": "Eighties 4",
    "objects": [
        {
            "objclass": "LevelDefinition",
            "objdata": {
                "Description": "[PLAYERS_TRIP_TO_EIGHTIES]",
                "LevelNumber": 4,
                "LevelPowerupSet": "LevelPowerupsDefault",
                "DisablePlantBoosts": false,
                "Loot": "RTID(DefaultLoot@LevelModules)",
                "Modules": [
                    "RTID(DefaultSunDropper@LevelModules)",
                    "RTID(ZombiesDeadWinCon@LevelModules)",
                    "RTID(EightiesMowers@LevelModules)",
                    "RTID(SeedBank@CurrentLevel)",
                    "RTID(ChallengeModule@CurrentLevel)",
                    "RTID(DefaultZombieWinCondition@LevelModules)",
                    "RTID(NewWaves@CurrentLevel)"
                ],
                "Name": "[EIGHTIES_LEVEL_NAME]",
                "NormalPresentTable": "modern_normal_03",
                "ShinyPresentTable": "modern_shiny_03",
                "StageModule": "RTID(EightiesStage@LevelModules)",
                "FixedPlantLevel": 1,
                "ZombieLevel": 1,
                "SuppressAccountUpgrades": false,
                "SuppressDynamicTutorial": false,
                "SuppressPlantfoodPurchase": false,
                "StartingSun": 50
            }
        },
        {
            "aliases": ["ChallengeModule"],
            "objclass": "StarChallengeModuleProperties",
            "objdata": {
                "Challenges": [
                    [
                        "RTID(BeatTheLevel@CurrentLevel)"
                    ]
                ],
                "ChallengesAlwaysAvailable": true
            }
        },
        {
            "aliases": ["BeatTheLevel"],
            "objclass": "StarChallengeBeatTheLevelProps",
            "objdata": {
                "Description": "Penny: Caution, User Dave. I believe that special Zombies possess unique abilities when their favorite music plays.
Dave: You mean they'll give it their all when their thing plays?
Penny: That's right. Yes, User Dave.",
                "DescriptiveName": "Intro"
            }
        },
        {
            "aliases": [
                "SeedBank" 
            ],
            "objclass": "SeedBankProperties",
            "objdata": {
                "PresetPlantList": [
                    {
                        "Level": -1,
                        "PlantType": "phatbeet"
                    },
                    {
                        "Level": -1,
                        "PlantType": "sunflower"
                    },
                    {
                        "Level": -1,
                        "PlantType": "wallnut"
                    },
                    {
                        "Level": -1,
                        "PlantType": "spikeweed"
                    }
                ],
                "SelectionMethod": "chooser"
            }
        },
        {
            "aliases": [
                "NewWaves"
            ],
            "objclass": "WaveManagerModuleProperties",
            "objdata": {
                "WaveManagerProps": "RTID(WaveManagerProps@CurrentLevel)"
            }
        },
        {
            "aliases": [
                "WaveManagerProps"
            ],
            "objclass": "WaveManagerProperties",
            "objdata": {
                "FlagWaveInterval": 5,
                "MaxNextWaveHealthPercentage": 0.4,
                "MinNextWaveHealthPercentage": 0.3,
                "WaveCount": 15,
                "WaveSpendingPointIncrement": 50,
                "WaveSpendingPoints": 100,
                "Waves": [
                    [
                        "RTID(Wave1@CurrentLevel)"
                    ],
                    [
                        "RTID(Wave2@CurrentLevel)"
                    ],
                    [
                        "RTID(Wave3@CurrentLevel)"
                    ],
                    [
                        "RTID(Wave4@CurrentLevel)"
                    ],
                    [
                        "RTID(Wave5@CurrentLevel)"
                    ],
                    [
                        "RTID(Wave6@CurrentLevel)"
                    ],
                    [
                        "RTID(Wave7@CurrentLevel)"
                    ],
                    [
                        "RTID(Wave8@CurrentLevel)"
                    ],
                    [
                        "RTID(Wave9@CurrentLevel)"
                    ],
                    [
                        "RTID(Wave10@CurrentLevel)"
                    ],
                    [
                        "RTID(Wave11@CurrentLevel)"
                    ],
                    [
                        "RTID(Wave12@CurrentLevel)"
                    ],
                    [
                        "RTID(Wave13@CurrentLevel)"
                    ],
                    [
                        "RTID(Wave14@CurrentLevel)"
                    ],
                    [
                        "RTID(Wave15@CurrentLevel)"
                    ]
                ]
            }
        },
        {
            "aliases": [
                "Wave1"
            ],
            "objclass": "SpawnZombiesJitteredWaveActionProps",
            "objdata": {
                "AdditionalPlantfood": 1,
                "Zombies": [
                    {
                        "Type": "RTID(eighties@ZombieTypes)"
                    }
                ]
            }
        },
        {
            "aliases": [
                "Wave2"
            ],
            "objclass": "SpawnZombiesJitteredWaveActionProps",
            "objdata": {
                "NotificationEvents": ["jam_punk"],
                "Zombies": [
                    {
                        "Type": "RTID(eighties@ZombieTypes)"
                    },
                    {
                        "Type": "RTID(eighties_punk@ZombieTypes)"
                    }
                ]
            }
        },
        {
            "aliases": [
                "Wave3"
            ],
            "objclass": "SpawnZombiesJitteredWaveActionProps",
            "objdata": {
                "Zombies": [
                    {
                        "Type": "RTID(eighties@ZombieTypes)"
                    },
                    {
                        "Type": "RTID(eighties@ZombieTypes)"
                    }
                ]
            }
        },
        {
            "aliases": [
                "Wave4"
            ],
            "objclass": "SpawnZombiesJitteredWaveActionProps",
            "objdata": {
                "AdditionalPlantfood": 1,
                "Zombies": [
                    {
                        "Type": "RTID(eighties_armor1@ZombieTypes)"
                    },
                    {
                        "Type": "RTID(eighties_punk@ZombieTypes)"
                    },
                    {
                        "Type": "RTID(eighties_armor1@ZombieTypes)"
                    }
                ]
            }
        },
        {
            "aliases": [
                "Wave5"
            ],
            "objclass": "SpawnZombiesJitteredWaveActionProps",
            "objdata": {
                "NotificationEvents": ["jam_pop"],
                "Zombies": [
                    {   
                        "Row": "5",
                        "Type": "RTID(eighties_armor1@ZombieTypes)"
                    },
                    {   
                        "Row": "1",
                        "Type": "RTID(eighties_punk@ZombieTypes)"
                    },
                    {   
                        "Row": "5",
                        "Type": "RTID(eighties_punk@ZombieTypes)"
                    },
                    {   
                        "Row": "3",
                        "Type": "RTID(eighties@ZombieTypes)"
                    },
                    {   
                        "Row": "5",
                        "Type": "RTID(eighties_armor2@ZombieTypes)"
                    }
                ]
            }
        },
        {
            "aliases": [
                "Wave6"
            ],
            "objclass": "SpawnZombiesJitteredWaveActionProps",
            "objdata": {
                "Zombies": [
                    {
                        "Type": "RTID(eighties_armor1@ZombieTypes)"
                    },
                    {
                        "Type": "RTID(eighties_punk@ZombieTypes)"
                    },
                    {
                        "Type": "RTID(eighties@ZombieTypes)"
                    }
                ]
            }
        },
        {
            "aliases": [
                "Wave7"
            ],
            "objclass": "SpawnZombiesJitteredWaveActionProps",
            "objdata": {
                "Zombies": [
                    {   
                        "Row": "1",
                        "Type": "RTID(eighties_armor2@ZombieTypes)"
                    },
                    {   
                        "Row": "2",
                        "Type": "RTID(eighties_armor2@ZombieTypes)"
                    },
                    {   
                        "Row": "3",
                        "Type": "RTID(eighties_armor2@ZombieTypes)"
                    }
                ]
            }
        },
        {
            "aliases": [
                "Wave8"
            ],
            "objclass": "SpawnZombiesJitteredWaveActionProps",
            "objdata": {
                "Zombies": [
                    {   
                        "Row": "4",
                        "Type": "RTID(eighties_armor2@ZombieTypes)"
                    },
                    {   
                        "Row": "4",
                        "Type": "RTID(eighties_armor2@ZombieTypes)"
                    },
                    {
                        "Type": "RTID(eighties_armor1@ZombieTypes)"
                    },
                    {
                        "Type": "RTID(eighties_armor1@ZombieTypes)"
                    }
                ]
            }
        },
        {
            "aliases": [
                "Wave9"
            ],
            "objclass": "SpawnZombiesJitteredWaveActionProps",
            "objdata": {
                "AdditionalPlantfood": 1,
                "Zombies": [
                    {
                        "Type": "RTID(eighties_armor1@ZombieTypes)"
                    },
                    {
                        "Type": "RTID(eighties_armor1@ZombieTypes)"
                    },
                    {
                        "Type": "RTID(eighties_punk@ZombieTypes)"
                    },
                    {
                        "Type": "RTID(eighties@ZombieTypes)"
                    }
                ]
            }
        },
        {
            "aliases": [
                "Wave10"
            ],
            "objclass": "SpawnZombiesJitteredWaveActionProps",
            "objdata": {
                "NotificationEvents": ["jam_punk"],
                "Zombies": [
                    {   
                        "Row": "2",
                        "Type": "RTID(eighties_armor2@ZombieTypes)"
                    },
                    {   
                        "Row": "3",
                        "Type": "RTID(eighties_armor1@ZombieTypes)"
                    },
                    {   
                        "Row": "5",
                        "Type": "RTID(eighties_armor1@ZombieTypes)"
                    },
                    {   
                        "Row": "1",
                        "Type": "RTID(eighties_punk@ZombieTypes)"
                    },
                    {   
                        "Row": "4",
                        "Type": "RTID(eighties@ZombieTypes)"
                    },
                    {   
                        "Row": "1",
                        "Type": "RTID(eighties_armor2@ZombieTypes)"
                    },
                    {   
                        "Row": "2",
                        "Type": "RTID(eighties_armor1@ZombieTypes)"
                    },
                    {   
                        "Row": "2",
                        "Type": "RTID(eighties_armor1@ZombieTypes)"
                    },
                    {   
                        "Row": "4",
                        "Type": "RTID(eighties_armor1@ZombieTypes)"
                    },
                    {   
                        "Row": "4",
                        "Type": "RTID(eighties_armor1@ZombieTypes)"
                    }
                ]
            }
        },
        {
            "aliases": [
                "Wave11"
            ],
            "objclass": "SpawnZombiesJitteredWaveActionProps",
            "objdata": {
                "Zombies": [
                    {   
                        "Row": "1",
                        "Type": "RTID(eighties_punk@ZombieTypes)"
                    },
                    {   
                        "Row": "3",
                        "Type": "RTID(eighties_punk@ZombieTypes)"
                    },
                    {   
                        "Row": "3",
                        "Type": "RTID(eighties_punk@ZombieTypes)"
                    },
                    {   
                        "Row": "5",
                        "Type": "RTID(eighties_punk@ZombieTypes)"
                    }
                ]
            }
        },
        {
            "aliases": [
                "Wave12"
            ],
            "objclass": "SpawnZombiesJitteredWaveActionProps",
            "objdata": {
                "Zombies": [
                    {
                        "Type": "RTID(eighties@ZombieTypes)"
                    },
                    {
                        "Type": "RTID(eighties_armor2@ZombieTypes)"
                    },
                    {
                        "Type": "RTID(eighties_armor2@ZombieTypes)"
                    },
                    {
                        "Type": "RTID(eighties_armor1@ZombieTypes)"
                    }
                ]
            }
        },
        {
            "aliases": [
                "Wave13"
            ],
            "objclass": "SpawnZombiesJitteredWaveActionProps",
            "objdata": {
                "Zombies": [
                    {
                        "Type": "RTID(eighties_armor1@ZombieTypes)"
                    },
                    {
                        "Type": "RTID(eighties_armor1@ZombieTypes)"
                    },
                    {
                        "Type": "RTID(eighties_punk@ZombieTypes)"
                    },
                    {
                        "Type": "RTID(eighties@ZombieTypes)"
                    },
                    {
                        "Type": "RTID(eighties_punk@ZombieTypes)"
                    }
                ]
            }
        },
        {
            "aliases": [
                "Wave14"
            ],
            "objclass": "SpawnZombiesJitteredWaveActionProps",
            "objdata": {
                "AdditionalPlantfood": 1,
                "Zombies": [
                    {
                        "Type": "RTID(eighties_armor1@ZombieTypes)"
                    },
                    {
                        "Type": "RTID(eighties_armor1@ZombieTypes)"
                    },
                    {
                        "Type": "RTID(eighties_armor1@ZombieTypes)"
                    },
                    {
                        "Type": "RTID(eighties_armor2@ZombieTypes)"
                    },
                    {
                        "Type": "RTID(eighties_armor2@ZombieTypes)"
                    }
                ]
            }
        },
        {
            "aliases": [
                "Wave15"
            ],
            "objclass": "SpawnZombiesJitteredWaveActionProps",
            "objdata": {
                "Zombies": [
                    {   
                        "Row": "1",
                        "Type": "RTID(eighties_armor2@ZombieTypes)"
                    },
                    {   
                        "Row": "2",
                        "Type": "RTID(eighties_armor2@ZombieTypes)"
                    },
                    {   
                        "Row": "3",
                        "Type": "RTID(eighties_armor2@ZombieTypes)"
                    },
                    {   
                        "Row": "4",
                        "Type": "RTID(eighties_armor2@ZombieTypes)"
                    },
                    {   
                        "Row": "5",
                        "Type": "RTID(eighties_armor2@ZombieTypes)"
                    },
                    {   
                        "Row": "3",
                        "Type": "RTID(eighties_punk@ZombieTypes)"
                    },
                    {   
                        "Row": "1",
                        "Type": "RTID(eighties_punk@ZombieTypes)"
                    },
                    {   
                        "Row": "2",
                        "Type": "RTID(eighties_punk@ZombieTypes)"
                    },
                    {   
                        "Row": "3",
                        "Type": "RTID(eighties_punk@ZombieTypes)"
                    },
                    {   
                        "Row": "4",
                        "Type": "RTID(eighties_punk@ZombieTypes)"
                    },
                    {   
                        "Row": "5",
                        "Type": "RTID(eighties_punk@ZombieTypes)"
                    },
                    {   
                        "Row": "1",
                        "Type": "RTID(eighties@ZombieTypes)"
                    },
                    {   
                        "Row": "3",
                        "Type": "RTID(eighties@ZombieTypes)"
                    },
                    {   
                        "Row": "4",
                        "Type": "RTID(eighties@ZombieTypes)"
                    },
                    {   
                        "Row": "5",
                        "Type": "RTID(eighties@ZombieTypes)"
                    }
                ]
            }
        }
    ],
    "version": 1
}