{
    "#comment": "Eighties 15",
    "objects": [
        {
            "objclass": "LevelDefinition",
            "objdata": {
                "Description": "[PLAYERS_TRIP_TO_EIGHTIES]",
                "LevelNumber": 15,
                "LevelPowerupSet": "LevelPowerupsDefault",
                "DisablePlantBoosts": false,
                "Loot": "RTID(DefaultLoot@LevelModules)",
                "Modules": [
                    "RTID(DefaultSunDropper@LevelModules)",
                    "RTID(ZombiesDeadWinCon@LevelModules)",
                    "RTID(EightiesMowers@LevelModules)",
                    "RTID(SeedBank@CurrentLevel)",
                    "RTID(ChallengeModule@CurrentLevel)",
                    "RTID(ProtectThePlant@CurrentLevel)",
                    "RTID(DefaultZombieWinCondition@LevelModules)",
                    "RTID(NewWaves@CurrentLevel)"
                ],
                "Name": "[EIGHTIES_LEVEL_NAME]",
                "NormalPresentTable": "modern_normal_03",
                "ShinyPresentTable": "modern_shiny_03",
                "StageModule": "RTID(EightiesAltverzStage@LevelModules)",
                "FixedPlantLevel": 1,
                "ZombieLevel": 1,
                "SuppressAccountUpgrades": false,
                "SuppressDynamicTutorial": false,
                "SuppressPlantfoodPurchase": false,
                "StartingSun": 50
            }
        },
        {
            "aliases": ["ChallengeModule"],
            "objclass": "StarChallengeModuleProperties",
            "objdata": {
                "Challenges": [
                    [
                        "RTID(BeatTheLevel@CurrentLevel)"
                    ]
                ],
                "ChallengesAlwaysAvailable": true
            }
        },
        {
            "aliases": [
                "BeatTheLevel"
            ],
            "objclass": "StarChallengeBeatTheLevelProps",
            "objdata": {
                "Description": "Dave: Someone passed me a note Penny! It says to go behind the bike rack at lunchtime to get a......
Penny: I think we should be skeptical about this note, User Dave.",
                "DescriptiveName": "Intro"
            }
        },
        {
            "aliases": [
                "ProtectThePlant"
            ],
            "objclass": "ProtectThePlantChallengeProperties",
            "objdata": {
                "MustProtectCount": 5,
                "Plants": [
                    {
                        "GridX": 4,
                        "GridY": 0,
                        "PlantType": "phatbeet"
                    },
                    {
                        "GridX": 4,
                        "GridY": 1,
                        "PlantType": "phatbeet"
                    },
                    {
                        "GridX": 4,
                        "GridY": 2,
                        "PlantType": "phatbeet"
                    },
                    {
                        "GridX": 4,
                        "GridY": 3,
                        "PlantType": "phatbeet"
                    },
                    {
                        "GridX": 4,
                        "GridY": 4,
                        "PlantType": "phatbeet"
                    }
                ]
            }
        },
        {
            "aliases": [
                "SeedBank" 
            ],
            "objclass": "SeedBankProperties",
            "objdata": {
                "PlantBlackList": [],
                "SelectionMethod": "chooser"
            }
        },
        {
            "aliases": [
                "NewWaves"
            ],
            "objclass": "WaveManagerModuleProperties",
            "objdata": {
                "WaveManagerProps": "RTID(WaveManagerProps@CurrentLevel)"
            }
        },
        {
            "aliases": [
                "WaveManagerProps"
            ],
            "objclass": "WaveManagerProperties",
            "objdata": {
                "FlagWaveInterval": 5,
                "MaxNextWaveHealthPercentage": 0.4,
                "MinNextWaveHealthPercentage": 0.3,
                "WaveCount": 10,
                "WaveSpendingPointIncrement": 50,
                "WaveSpendingPoints": 100,
                "Waves": [
                    [
                        "RTID(Wave1@CurrentLevel)"
                    ],
                    [
                        "RTID(Wave2@CurrentLevel)"
                    ],
                    [
                        "RTID(Wave3@CurrentLevel)"
                    ],
                    [
                        "RTID(Wave4@CurrentLevel)"
                    ],
                    [
                        "RTID(Wave5@CurrentLevel)"
                    ],
                    [
                        "RTID(Wave6@CurrentLevel)"
                    ],
                    [
                        "RTID(Wave7@CurrentLevel)"
                    ],
                    [
                        "RTID(Wave8@CurrentLevel)"
                    ],
                    [
                        "RTID(Wave9@CurrentLevel)"
                    ],
                    [
                        "RTID(Wave10@CurrentLevel)"
                    ]
                ]
            }
        },
        {
            "aliases": [
                "Wave1"
            ],
            "objclass": "SpawnZombiesJitteredWaveActionProps",
            "objdata": {
                "NotificationEvents": ["jam_pop"],
                "AdditionalPlantfood": 1,
                "Zombies": [
                    {
                        "Type": "RTID(eighties@ZombieTypes)"
                    }
                ]
            }
        },
        {
            "aliases": [
                "Wave2"
            ],
            "objclass": "SpawnZombiesJitteredWaveActionProps",
            "objdata": {
                "Zombies": [
                    {
                        "Type": "RTID(eighties@ZombieTypes)"
                    },
                    {
                        "Type": "RTID(eighties@ZombieTypes)"
                    }
                ]
            }
        },
        {
            "aliases": [
                "Wave3"
            ],
            "objclass": "SpawnZombiesJitteredWaveActionProps",
            "objdata": {
                "NotificationEvents": ["jam_punk"],
                "Zombies": [
                    {
                        "Type": "RTID(eighties_punk@ZombieTypes)"
                    },
                    {
                        "Type": "RTID(eighties_armor1@ZombieTypes)"
                    }
                ]
            }
        },
        {
            "aliases": [
                "Wave4"
            ],
            "objclass": "SpawnZombiesJitteredWaveActionProps",
            "objdata": {
                "AdditionalPlantfood": 1,
                "Zombies": [
                    {
                        "Type": "RTID(eighties_armor1@ZombieTypes)"
                    },
                    {
                        "Type": "RTID(eighties_punk@ZombieTypes)"
                    },
                    {
                        "Type": "RTID(eighties_punk@ZombieTypes)"
                    }
                ]
            }
        },
        {
            "aliases": [
                "Wave5"
            ],
            "objclass": "SpawnZombiesJitteredWaveActionProps",
            "objdata": {
                "Zombies": [
                    {   
                        "Row": "2",
                        "Type": "RTID(eighties_armor2@ZombieTypes)"
                    },
                    {   
                        "Row": "3",
                        "Type": "RTID(eighties_armor2@ZombieTypes)"
                    },
                    {   
                        "Row": "4",
                        "Type": "RTID(eighties_armor2@ZombieTypes)"
                    },
                    {   
                        "Row": "5",
                        "Type": "RTID(eighties_armor2@ZombieTypes)"
                    },
                    {   
                        "Row": "3",
                        "Type": "RTID(eighties_punk@ZombieTypes)"
                    }
                ]
            }
        },
        {
            "aliases": [
                "Wave6"
            ],
            "objclass": "SpawnZombiesJitteredWaveActionProps",
            "objdata": {
                "NotificationEvents": ["jam_pop"],
                "Zombies": [
                    {
                        "Type": "RTID(eighties@ZombieTypes)"
                    },
                    {   
                        "Row": "3",
                        "Type": "RTID(eighties_glitter@ZombieTypes)"
                    },
                    {   
                        "Row": "4",
                        "Type": "RTID(eighties_glitter@ZombieTypes)"
                    }
                ]
            }
        },
        {
            "aliases": [
                "Wave7"
            ],
            "objclass": "SpawnZombiesJitteredWaveActionProps",
            "objdata": {
                "Zombies": [
                    {   
                        "Row": "5",
                        "Type": "RTID(eighties_glitter@ZombieTypes)"
                    },
                    {   
                        "Row": "3",
                        "Type": "RTID(eighties_armor1@ZombieTypes)"
                    },
                    {   
                        "Row": "3",
                        "Type": "RTID(eighties@ZombieTypes)"
                    }
                ]
            }
        },
        {
            "aliases": [
                "Wave8"
            ],
            "objclass": "SpawnZombiesJitteredWaveActionProps",
            "objdata": {
                "Zombies": [
                    {   
                        "Row": "4",
                        "Type": "RTID(eighties@ZombieTypes)"
                    },
                    {   
                        "Row": "5",
                        "Type": "RTID(eighties@ZombieTypes)"
                    },
                    {   
                        "Row": "1",
                        "Type": "RTID(eighties_glitter@ZombieTypes)"
                    },
                    {   
                        "Row": "2",
                        "Type": "RTID(eighties_glitter@ZombieTypes)"
                    }
                ]
            }
        },
        {
            "aliases": [
                "Wave9"
            ],
            "objclass": "SpawnZombiesJitteredWaveActionProps",
            "objdata": {
                "AdditionalPlantfood": 1,
                "Zombies": [
                    {   
                        "Row": "1",
                        "Type": "RTID(eighties_armor2@ZombieTypes)"
                    },
                    {   
                        "Row": "2",
                        "Type": "RTID(eighties_armor2@ZombieTypes)"
                    },
                    {   
                        "Row": "2",
                        "Type": "RTID(eighties_armor1@ZombieTypes)"
                    },
                    {   
                        "Row": "3",
                        "Type": "RTID(eighties_armor2@ZombieTypes)"
                    }
                ]
            }
        },
        {
            "aliases": [
                "Wave10"
            ],
            "objclass": "SpawnZombiesJitteredWaveActionProps",
            "objdata": {
                "NotificationEvents": ["jam_rap"],
                "Zombies": [
                    {   
                        "Row": "4",
                        "Type": "RTID(eighties_armor2@ZombieTypes)"
                    },
                    {   
                        "Row": "5",
                        "Type": "RTID(eighties_armor2@ZombieTypes)"
                    },
                    {   
                        "Row": "3",
                        "Type": "RTID(eighties_armor1@ZombieTypes)"
                    },
                    {   
                        "Row": "4",
                        "Type": "RTID(eighties_armor1@ZombieTypes)"
                    },
                    {   
                        "Row": "5",
                        "Type": "RTID(eighties_armor1@ZombieTypes)"
                    },
                    {   
                        "Row": "3",
                        "Type": "RTID(eighties_boombox@ZombieTypes)"
                    },
                    {   
                        "Row": "4",
                        "Type": "RTID(eighties_boombox@ZombieTypes)"
                    },
                    {   
                        "Row": "5",
                        "Type": "RTID(eighties_boombox@ZombieTypes)"
                    },
                    {   
                        "Row": "1",
                        "Type": "RTID(eighties@ZombieTypes)"
                    },
                    {   
                        "Row": "4",
                        "Type": "RTID(eighties@ZombieTypes)"
                    },
                    {   
                        "Row": "5",
                        "Type": "RTID(eighties@ZombieTypes)"
                    },
                    {   
                        "Row": "1",
                        "Type": "RTID(eighties_armor2@ZombieTypes)"
                    },
                    {   
                        "Row": "3",
                        "Type": "RTID(eighties_armor2@ZombieTypes)"
                    },
                    {   
                        "Row": "5",
                        "Type": "RTID(eighties_armor2@ZombieTypes)"
                    },
                    {   
                        "Row": "1",
                        "Type": "RTID(eighties_boombox@ZombieTypes)"
                    }
                ]
            }
        }
    ],
    "version": 1
}