{
    "#comment": "Eighties 3",
    "objects": [
        {
            "objclass": "LevelDefinition",
            "objdata": {
                "Description": "[PLAYERS_TRIP_TO_EIGHTIES]",
                "LevelNumber": 3,
                "LevelPowerupSet": "LevelPowerupsDefault",
                "DisablePlantBoosts": false,
                "Loot": "RTID(DefaultLoot@LevelModules)",
                "Modules": [
                    "RTID(ZombiesDeadWinCon@LevelModules)",
                    "RTID(EightiesMowers@LevelModules)",
                    "RTID(ConveyorBelt@CurrentLevel)",
                    "RTID(ChallengeModule@CurrentLevel)",
                    "RTID(PlantsToDie@CurrentLevel)",
                    "RTID(DefaultZombieWinCondition@LevelModules)",
                    "RTID(NewWaves@CurrentLevel)"
                ],
                "Name": "[EIGHTIES_LEVEL_NAME]",
                "NormalPresentTable": "modern_normal_03",
                "ShinyPresentTable": "modern_shiny_03",
                "StageModule": "RTID(EightiesStage@LevelModules)",
                "FixedPlantLevel": 1,
                "ZombieLevel": 1,
                "SuppressAccountUpgrades": false,
                "SuppressDynamicTutorial": false,
                "SuppressPlantfoodPurchase": false,
                "StartingSun": 50
            }
        },
        {
            "aliases": ["ChallengeModule"],
            "objclass": "StarChallengeModuleProperties",
            "objdata": {
                "Challenges": [
                    [
                        "RTID(BeatTheLevel@CurrentLevel)"
                    ]
                ],
                "ChallengesAlwaysAvailable": true
            }
        },
        {
            "aliases": ["BeatTheLevel"],
            "objclass": "StarChallengeBeatTheLevelProps",
            "objdata": {
                "Description": "Dave: Looks like they're setting up the concert, the plants are excited and already waiting! Right now, seems like the Zombies are setting up the lights, I'm getting excited too!
Penny: Those lights don't look quite right..... User Dave, get inside.
Dave: Whaaaaat? But the concert's starting and I wanna see it in full!
Penny:.....
Dave:..... Who am I kidding! I always one-hundred percent trust every word you say, Penny!
Penny: Also, call the medics, just in case. I feel like we're going to need a ton of them.
Dave: A bunch of medics, ready for delivery!",
                "DescriptiveName": "Intro"
            }
        },
        {
            "aliases": [
                "PlantsToDie"
            ],
            "objclass": "InitialPlantProperties",
            "objdata": {
                "InitialPlantPlacements": [
                    {
                        "GridX": 0,
                        "GridY": 0,
                        "TypeName": "cactus"
                    },
                    {
                        "GridX": 0,
                        "GridY": 1,
                        "TypeName": "cactus"
                    },
                    {
                        "GridX": 0,
                        "GridY": 2,
                        "TypeName": "cactus"
                    },
                    {
                        "GridX": 0,
                        "GridY": 3,
                        "TypeName": "cactus"
                    },
                    {
                        "GridX": 0,
                        "GridY": 4,
                        "TypeName": "cactus"
                    },
                    {
                        "GridX": 1,
                        "GridY": 0,
                        "TypeName": "cactus"
                    },
                    {
                        "GridX": 1,
                        "GridY": 1,
                        "TypeName": "cactus"
                    },
                    {
                        "GridX": 1,
                        "GridY": 2,
                        "TypeName": "cactus"
                    },
                    {
                        "GridX": 1,
                        "GridY": 3,
                        "TypeName": "cactus"
                    },
                    {
                        "GridX": 1,
                        "GridY": 4,
                        "TypeName": "cactus"
                    },
                    {
                        "GridX": 2,
                        "GridY": 2,
                        "TypeName": "cactus"
                    },
                    {
                        "GridX": 2,
                        "GridY": 0,
                        "TypeName": "chardguard"
                    },
                    {
                        "GridX": 2,
                        "GridY": 4,
                        "TypeName": "chardguard"
                    },
                    {
                        "GridX": 5,
                        "GridY": 2,
                        "TypeName": "chardguard"
                    }
                ],
                "IsInitialIntensiveCarrotPlacements": true
            }
        },
        {
            "aliases": ["ConveyorBelt"],
            "objclass": "ConveyorSeedBankProperties",
            "objdata": {
                "DropDelayConditions": [
                    {
                        "Delay": 3,
                        "MaxPackets": 0
                    },
                    {
                        "Delay": 6,
                        "MaxPackets": 2
                    },
                    {
                        "Delay": 9,
                        "MaxPackets": 4
                    },
                    {
                        "Delay": 12,
                        "MaxPackets": 8
                    }
                ],
                "InitialPlantList": [
                    {
                        "MaxCount": 1,
                        "PlantType": "intensivecarrot",
                        "Weight": 100
                    }
                ],
                "SpeedConditions": [
                    {
                        "MaxPackets": 0,
                        "Speed": 100
                    }
                ]
            }
        },
        {
            "aliases": [
                "NewWaves"
            ],
            "objclass": "WaveManagerModuleProperties",
            "objdata": {
                "WaveManagerProps": "RTID(WaveManagerProps@CurrentLevel)"
            }
        },
        {
            "aliases": [
                "WaveManagerProps"
            ],
            "objclass": "WaveManagerProperties",
            "objdata": {
                "FlagWaveInterval": 5,
                "MaxNextWaveHealthPercentage": 0.4,
                "MinNextWaveHealthPercentage": 0.3,
                "WaveCount": 15,
                "WaveSpendingPointIncrement": 50,
                "WaveSpendingPoints": 100,
                "Waves": [
                    [
                        "RTID(Wave1@CurrentLevel)"
                    ],
                    [
                        "RTID(Wave2@CurrentLevel)"
                    ],
                    [
                        "RTID(Wave3@CurrentLevel)"
                    ],
                    [
                        "RTID(Wave4@CurrentLevel)"
                    ],
                    [
                        "RTID(Wave5@CurrentLevel)"
                    ],
                    [
                        "RTID(Wave6@CurrentLevel)"
                    ],
                    [
                        "RTID(Wave7@CurrentLevel)"
                    ],
                    [
                        "RTID(Wave8@CurrentLevel)"
                    ],
                    [
                        "RTID(Wave9@CurrentLevel)"
                    ],
                    [
                        "RTID(Wave10@CurrentLevel)"
                    ],
                    [
                        "RTID(Wave11@CurrentLevel)"
                    ],
                    [
                        "RTID(Wave12@CurrentLevel)"
                    ],
                    [
                        "RTID(Wave13@CurrentLevel)"
                    ],
                    [
                        "RTID(Wave14@CurrentLevel)"
                    ],
                    [
                        "RTID(Wave15@CurrentLevel)"
                    ]
                ]
            }
        },
        {
            "aliases": [
                "Wave1"
            ],
            "objclass": "SpawnZombiesJitteredWaveActionProps",
            "objdata": {
                "AdditionalPlantfood": 1,
                "Zombies": [
                    {
                        "Type": "RTID(eighties@ZombieTypes)"
                    }
                ]
            }
        },
        {
            "aliases": [
                "Wave2"
            ],
            "objclass": "SpawnZombiesJitteredWaveActionProps",
            "objdata": {
                "Zombies": [
                    {
                        "Type": "RTID(eighties@ZombieTypes)"
                    },
                    {
                        "Type": "RTID(eighties@ZombieTypes)"
                    }
                ]
            }
        },
        {
            "aliases": [
                "Wave3"
            ],
            "objclass": "SpawnZombiesJitteredWaveActionProps",
            "objdata": {
                "Zombies": [
                    {
                        "Type": "RTID(eighties@ZombieTypes)"
                    },
                    {
                        "Type": "RTID(eighties_armor1@ZombieTypes)"
                    }
                ]
            }
        },
        {
            "aliases": [
                "Wave4"
            ],
            "objclass": "SpawnZombiesJitteredWaveActionProps",
            "objdata": {
                "AdditionalPlantfood": 1,
                "Zombies": [
                    {   
                        "Row": "1",
                        "Type": "RTID(eighties@ZombieTypes)"
                    },
                    {   
                        "Row": "1",
                        "Type": "RTID(eighties@ZombieTypes)"
                    },
                    {   
                        "Row": "4",
                        "Type": "RTID(eighties@ZombieTypes)"
                    }
                ]
            }
        },
        {
            "aliases": [
                "Wave5"
            ],
            "objclass": "SpawnZombiesJitteredWaveActionProps",
            "objdata": {
                "NotificationEvents": ["jam_punk"],
                "Zombies": [
                    {   
                        "Row": "5",
                        "Type": "RTID(eighties_armor1@ZombieTypes)"
                    },
                    {   
                        "Row": "5",
                        "Type": "RTID(eighties_armor1@ZombieTypes)"
                    },
                    {   
                        "Row": "3",
                        "Type": "RTID(eighties@ZombieTypes)"
                    },
                    {   
                        "Row": "3",
                        "Type": "RTID(eighties@ZombieTypes)"
                    },
                    {   
                        "Row": "2",
                        "Type": "RTID(eighties_armor1@ZombieTypes)"
                    }
                ]
            }
        },
        {
            "aliases": [
                "Wave6"
            ],
            "objclass": "SpawnZombiesJitteredWaveActionProps",
            "objdata": {
                "Zombies": [
                    {   
                        "Row": "2",
                        "Type": "RTID(eighties_armor1@ZombieTypes)"
                    },
                    {   
                        "Row": "2",
                        "Type": "RTID(eighties_armor1@ZombieTypes)"
                    },
                    {   
                        "Row": "4",
                        "Type": "RTID(eighties_armor1@ZombieTypes)"
                    }
                ]
            }
        },
        {
            "aliases": [
                "Wave7"
            ],
            "objclass": "SpawnZombiesJitteredWaveActionProps",
            "objdata": {
                "Zombies": [
                    {
                        "Type": "RTID(eighties@ZombieTypes)"
                    },
                    {
                        "Type": "RTID(eighties_armor1@ZombieTypes)"
                    },
                    {
                        "Type": "RTID(eighties_armor1@ZombieTypes)"
                    }
                ]
            }
        },
        {
            "aliases": [
                "Wave8"
            ],
            "objclass": "SpawnZombiesJitteredWaveActionProps",
            "objdata": {
                "Zombies": [
                    {   
                        "Row": "1",
                        "Type": "RTID(eighties@ZombieTypes)"
                    },
                    {   
                        "Row": "2",
                        "Type": "RTID(eighties@ZombieTypes)"
                    },
                    {   
                        "Row": "3",
                        "Type": "RTID(eighties@ZombieTypes)"
                    },
                    {   
                        "Row": "3",
                        "Type": "RTID(eighties@ZombieTypes)"
                    }
                ]
            }
        },
        {
            "aliases": [
                "Wave9"
            ],
            "objclass": "SpawnZombiesJitteredWaveActionProps",
            "objdata": {
                "AdditionalPlantfood": 1,
                "Zombies": [
                    {   
                        "Row": "5",
                        "Type": "RTID(eighties@ZombieTypes)"
                    },
                    {   
                        "Row": "1",
                        "Type": "RTID(eighties@ZombieTypes)"
                    },
                    {   
                        "Row": "1",
                        "Type": "RTID(eighties@ZombieTypes)"
                    },
                    {   
                        "Row": "1",
                        "Type": "RTID(eighties@ZombieTypes)"
                    }
                ]
            }
        },
        {
            "aliases": [
                "Wave10"
            ],
            "objclass": "SpawnZombiesJitteredWaveActionProps",
            "objdata": {
                "Zombies": [
                    {   
                        "Row": "1",
                        "Type": "RTID(eighties@ZombieTypes)"
                    },
                    {   
                        "Row": "3",
                        "Type": "RTID(eighties@ZombieTypes)"
                    },
                    {   
                        "Row": "5",
                        "Type": "RTID(eighties_armor1@ZombieTypes)"
                    },
                    {   
                        "Row": "5",
                        "Type": "RTID(eighties_armor1@ZombieTypes)"
                    },
                    {   
                        "Row": "5",
                        "Type": "RTID(eighties_armor1@ZombieTypes)"
                    },
                    {   
                        "Row": "2",
                        "Type": "RTID(eighties_armor1@ZombieTypes)"
                    },
                    {   
                        "Row": "2",
                        "Type": "RTID(eighties_armor1@ZombieTypes)"
                    },
                    {   
                        "Row": "4",
                        "Type": "RTID(eighties_armor1@ZombieTypes)"
                    }
                ]
            }
        },
        {
            "aliases": [
                "Wave11"
            ],
            "objclass": "SpawnZombiesJitteredWaveActionProps",
            "objdata": {
                "Zombies": [
                    {
                        "Type": "RTID(eighties_armor1@ZombieTypes)"
                    },
                    {
                        "Type": "RTID(eighties@ZombieTypes)"
                    },
                    {
                        "Type": "RTID(eighties@ZombieTypes)"
                    },
                    {
                        "Type": "RTID(eighties@ZombieTypes)"
                    }
                ]
            }
        },
        {
            "aliases": [
                "Wave12"
            ],
            "objclass": "SpawnZombiesJitteredWaveActionProps",
            "objdata": {
                "Zombies": [
                    {
                        "Type": "RTID(eighties_armor2@ZombieTypes)"
                    },
                    {   
                        "Row": "1",
                        "Type": "RTID(eighties_armor1@ZombieTypes)"
                    },
                    {   
                        "Row": "3",
                        "Type": "RTID(eighties_armor1@ZombieTypes)"
                    },
                    {   
                        "Row": "4",
                        "Type": "RTID(eighties_armor1@ZombieTypes)"
                    }
                ]
            }
        },
        {
            "aliases": [
                "Wave13"
            ],
            "objclass": "SpawnZombiesJitteredWaveActionProps",
            "objdata": {
                "Zombies": [
                    {   
                        "Row": "5",
                        "Type": "RTID(eighties_armor1@ZombieTypes)"
                    },
                    {   
                        "Row": "5",
                        "Type": "RTID(eighties_armor1@ZombieTypes)"
                    },
                    {
                        "Type": "RTID(eighties@ZombieTypes)"
                    },
                    {
                        "Type": "RTID(eighties_armor2@ZombieTypes)"
                    },
                    {
                        "Type": "RTID(eighties_armor2@ZombieTypes)"
                    }
                ]
            }
        },
        {
            "aliases": [
                "Wave14"
            ],
            "objclass": "SpawnZombiesJitteredWaveActionProps",
            "objdata": {
                "AdditionalPlantfood": 1,
                "Zombies": [
                    {
                        "Type": "RTID(eighties_armor1@ZombieTypes)"
                    },
                    {
                        "Type": "RTID(eighties_armor1@ZombieTypes)"
                    },
                    {
                        "Type": "RTID(eighties_armor1@ZombieTypes)"
                    },
                    {
                        "Type": "RTID(eighties_armor1@ZombieTypes)"
                    },
                    {
                        "Type": "RTID(eighties@ZombieTypes)"
                    }
                ]
            }
        },
        {
            "aliases": [
                "Wave15"
            ],
            "objclass": "SpawnZombiesJitteredWaveActionProps",
            "objdata": {
                "Zombies": [
                    {   
                        "Row": "3",
                        "Type": "RTID(eighties@ZombieTypes)"
                    },
                    {   
                        "Row": "5",
                        "Type": "RTID(eighties@ZombieTypes)"
                    },
                    {   
                        "Row": "1",
                        "Type": "RTID(eighties_armor1@ZombieTypes)"
                    },
                    {   
                        "Row": "3",
                        "Type": "RTID(eighties_armor1@ZombieTypes)"
                    },
                    {   
                        "Row": "5",
                        "Type": "RTID(eighties_armor1@ZombieTypes)"
                    },
                    {   
                        "Row": "1",
                        "Type": "RTID(eighties@ZombieTypes)"
                    },
                    {   
                        "Row": "3",
                        "Type": "RTID(eighties@ZombieTypes)"
                    },
                    {   
                        "Row": "3",
                        "Type": "RTID(eighties@ZombieTypes)"
                    },
                    {   
                        "Row": "5",
                        "Type": "RTID(eighties@ZombieTypes)"
                    },
                    {   
                        "Row": "2",
                        "Type": "RTID(eighties_armor1@ZombieTypes)"
                    },
                    {   
                        "Row": "2",
                        "Type": "RTID(eighties_armor1@ZombieTypes)"
                    },
                    {   
                        "Row": "2",
                        "Type": "RTID(eighties_armor1@ZombieTypes)"
                    },
                    {   
                        "Row": "3",
                        "Type": "RTID(eighties_armor1@ZombieTypes)"
                    },
                    {   
                        "Row": "4",
                        "Type": "RTID(eighties_armor1@ZombieTypes)"
                    },
                    {   
                        "Row": "4",
                        "Type": "RTID(eighties_armor2@ZombieTypes)"
                    }
                ]
            }
        }
    ],
    "version": 1
}