{
    "#comment": "Eighties 13",
    "objects": [
        {
            "objclass": "LevelDefinition",
            "objdata": {
                "Description": "[PLAYERS_TRIP_TO_EIGHTIES]",
                "LevelNumber": 13,
                "LevelPowerupSet": "LevelPowerupsDefault",
                "DisablePlantBoosts": true,
                "Loot": "RTID(DefaultLoot@LevelModules)",
                "Modules": [
                    "RTID(ZombiesDeadWinCon@LevelModules)",
                    "RTID(EightiesMowers@LevelModules)",
                    "RTID(SeedBank@CurrentLevel)",
                    "RTID(LastStand@CurrentLevel)",
                    "RTID(ChallengeModule@CurrentLevel)",
                    "RTID(DefaultZombieWinCondition@LevelModules)",
                    "RTID(NewWaves@CurrentLevel)"
                ],
                "Name": "[EIGHTIES_LEVEL_NAME]",
                "NormalPresentTable": "modern_normal_03",
                "ShinyPresentTable": "modern_shiny_03",
                "StageModule": "RTID(EightiesAltverzStage@LevelModules)",
                "FixedPlantLevel": 1,
                "ZombieLevel": 1,
                "SuppressAccountUpgrades": false,
                "SuppressDynamicTutorial": false,
                "SuppressPlantfoodPurchase": false,
                "StartingSun": 50
            }
        },
        {
            "aliases": [
                "LastStand"
            ],
            "objclass": "LastStandMinigameProperties",
            "objdata": {
                "StartingPlantfood": 2,
                "StartingSun": 2000
            }
        },
        {
            "aliases": [
                "ChallengeModule"
            ],
            "objclass": "StarChallengeModuleProperties",
            "objdata": {
                "Challenges": [
                    [
                        "RTID(BeatTheLevel@CurrentLevel)"
                    ]
                ],
                "ChallengesAlwaysAvailable": true
            }
        },
        {
            "aliases": [
                "BeatTheLevel"
            ],
            "objclass": "StarChallengeBeatTheLevelProps",
            "objdata": {
                "Description": "[STARCHALLENGE_LASTSTAND_MINIGAME]",
                "DescriptiveName": "[STARCHALLENGE_LASTSTAND_MINIGAME_NAME]"
            }
        },
        {
            "aliases": [
                "SeedBank"
            ],
            "objclass": "SeedBankProperties",
            "objdata": {
                "ExcludeListSunProducers": "true",
                "PlantExcludeList": [
                    "iceburg",
                    "gravebuster",
                    "puffshroom",
                    "stunion",
                    "toadstool",
                    "goldleaf",
                    "stallia"
                ],
                "SelectionMethod": "chooser"
            }
        },
        {
            "aliases": [
                "NewWaves"
            ],
            "objclass": "WaveManagerModuleProperties",
            "objdata": {
                "ManualStartup": true,
                "WaveManagerProps": "RTID(WaveManagerProps@CurrentLevel)"
            }
        },
        {
            "aliases": [
                "WaveManagerProps"
            ],
            "objclass": "WaveManagerProperties",
            "objdata": {
                "FlagWaveInterval": 5,
                "MaxNextWaveHealthPercentage": 0.4,
                "MinNextWaveHealthPercentage": 0.3,
                "WaveCount": 10,
                "WaveSpendingPointIncrement": 50,
                "WaveSpendingPoints": 100,
                "Waves": [
                    [
                        "RTID(Wave1@CurrentLevel)"
                    ],
                    [
                        "RTID(Wave2@CurrentLevel)"
                    ],
                    [
                        "RTID(Wave3@CurrentLevel)"
                    ],
                    [
                        "RTID(Wave4@CurrentLevel)"
                    ],
                    [
                        "RTID(Wave5@CurrentLevel)"
                    ],
                    [
                        "RTID(Wave6@CurrentLevel)"
                    ],
                    [
                        "RTID(Wave7@CurrentLevel)"
                    ],
                    [
                        "RTID(Wave8@CurrentLevel)"
                    ],
                    [
                        "RTID(Wave9@CurrentLevel)"
                    ],
                    [
                        "RTID(Wave10@CurrentLevel)"
                    ],
                    [
                        "RTID(Wave11@CurrentLevel)"
                    ],
                    [
                        "RTID(Wave12@CurrentLevel)"
                    ],
                    [
                        "RTID(Wave13@CurrentLevel)"
                    ],
                    [
                        "RTID(Wave14@CurrentLevel)"
                    ],
                    [
                        "RTID(Wave15@CurrentLevel)"
                    ]
                ]
            }
        },
        {
            "aliases": [
                "Wave1"
            ],
            "objclass": "SpawnZombiesJitteredWaveActionProps",
            "objdata": {
                "NotificationEvents": ["jam_pop"],
                "Zombies": [
                    {   
                        "Row": "1",
                        "Type": "RTID(eighties_glitter@ZombieTypes)"
                    }
                ]
            }
        },
        {
            "aliases": [
                "Wave2"
            ],
            "objclass": "SpawnZombiesJitteredWaveActionProps",
            "objdata": {
                "Zombies": [
                    {   
                        "Row": "2",
                        "Type": "RTID(eighties_glitter@ZombieTypes)"
                    },
                    {   
                        "Row": "3",
                        "Type": "RTID(eighties_glitter@ZombieTypes)"
                    }
                ]
            }
        },
        {
            "aliases": [
                "Wave3"
            ],
            "objclass": "SpawnZombiesJitteredWaveActionProps",
            "objdata": {
                "Zombies": [
                    {   
                        "Row": "4",
                        "Type": "RTID(eighties_glitter@ZombieTypes)"
                    },
                    {   
                        "Row": "5",
                        "Type": "RTID(eighties_glitter@ZombieTypes)"
                    }
                ]
            }
        },
        {
            "aliases": [
                "Wave4"
            ],
            "objclass": "SpawnZombiesJitteredWaveActionProps",
            "objdata": {
                "Zombies": [
                    {   
                        "Row": "1",
                        "Type": "RTID(eighties_boombox@ZombieTypes)"
                    },
                    {   
                        "Row": "2",
                        "Type": "RTID(eighties_boombox@ZombieTypes)"
                    },
                    {   
                        "Row": "3",
                        "Type": "RTID(eighties_boombox@ZombieTypes)"
                    }
                ]
            }
        },
        {
            "aliases": [
                "Wave5"
            ],
            "objclass": "SpawnZombiesJitteredWaveActionProps",
            "objdata": {
                "Zombies": [
                    {   
                        "Row": "4",
                        "Type": "RTID(eighties_boombox@ZombieTypes)"
                    },
                    {   
                        "Row": "5",
                        "Type": "RTID(eighties_boombox@ZombieTypes)"
                    },
                    {   
                        "Row": "1",
                        "Type": "RTID(eighties_armor2@ZombieTypes)"
                    },
                    {   
                        "Row": "2",
                        "Type": "RTID(eighties_armor2@ZombieTypes)"
                    },
                    {   
                        "Row": "3",
                        "Type": "RTID(eighties_armor2@ZombieTypes)"
                    },
                    {   
                        "Row": "4",
                        "Type": "RTID(eighties_armor2@ZombieTypes)"
                    },
                    {   
                        "Row": "5",
                        "Type": "RTID(eighties_armor2@ZombieTypes)"
                    },
                    {   
                        "Row": "1",
                        "Type": "RTID(eighties_armor1@ZombieTypes)"
                    },
                    {   
                        "Row": "2",
                        "Type": "RTID(eighties_armor1@ZombieTypes)"
                    },
                    {   
                        "Row": "3",
                        "Type": "RTID(eighties_armor1@ZombieTypes)"
                    }
                ]
            }
        },
        {
            "aliases": [
                "Wave6"
            ],
            "objclass": "SpawnZombiesJitteredWaveActionProps",
            "objdata": {
                "Zombies": [
                    {   
                        "Row": "4",
                        "Type": "RTID(eighties_armor1@ZombieTypes)"
                    },
                    {   
                        "Row": "5",
                        "Type": "RTID(eighties_armor1@ZombieTypes)"
                    },
                    {   
                        "Row": "1",
                        "Type": "RTID(eighties_glitter@ZombieTypes)"
                    }
                ]
            }
        },
        {
            "aliases": [
                "Wave7"
            ],
            "objclass": "SpawnZombiesJitteredWaveActionProps",
            "objdata": {
                "Zombies": [
                    {   
                        "Row": "2",
                        "Type": "RTID(eighties_glitter@ZombieTypes)"
                    },
                    {   
                        "Row": "3",
                        "Type": "RTID(eighties_glitter@ZombieTypes)"
                    },
                    {   
                        "Row": "4",
                        "Type": "RTID(eighties_glitter@ZombieTypes)"
                    }
                ]
            }
        },
        {
            "aliases": [
                "Wave8"
            ],
            "objclass": "SpawnZombiesJitteredWaveActionProps",
            "objdata": {
                "Zombies": [
                    {   
                        "Row": "5",
                        "Type": "RTID(eighties_glitter@ZombieTypes)"
                    },
                    {   
                        "Row": "1",
                        "Type": "RTID(eighties_armor2@ZombieTypes)"
                    },
                    {   
                        "Row": "2",
                        "Type": "RTID(eighties_armor2@ZombieTypes)"
                    },
                    {   
                        "Row": "3",
                        "Type": "RTID(eighties_armor2@ZombieTypes)"
                    }
                ]
            }
        },
        {
            "aliases": [
                "Wave9"
            ],
            "objclass": "SpawnZombiesJitteredWaveActionProps",
            "objdata": {
                "AdditionalPlantfood": 1,
                "Zombies": [
                    {   
                        "Row": "4",
                        "Type": "RTID(eighties_armor2@ZombieTypes)"
                    },
                    {   
                        "Row": "5",
                        "Type": "RTID(eighties_armor2@ZombieTypes)"
                    },
                    {   
                        "Row": "1",
                        "Type": "RTID(eighties_punk@ZombieTypes)"
                    },
                    {   
                        "Row": "2",
                        "Type": "RTID(eighties_punk@ZombieTypes)"
                    }
                ]
            }
        },
        {
            "aliases": [
                "Wave10"
            ],
            "objclass": "SpawnZombiesJitteredWaveActionProps",
            "objdata": {
                "Zombies": [
                    {   
                        "Row": "3",
                        "Type": "RTID(eighties_punk@ZombieTypes)"
                    },
                    {   
                        "Row": "4",
                        "Type": "RTID(eighties_punk@ZombieTypes)"
                    },
                    {   
                        "Row": "5",
                        "Type": "RTID(eighties_punk@ZombieTypes)"
                    },
                    {   
                        "Row": "1",
                        "Type": "RTID(eighties_glitter@ZombieTypes)"
                    },
                    {   
                        "Row": "2",
                        "Type": "RTID(eighties_glitter@ZombieTypes)"
                    },
                    {   
                        "Row": "3",
                        "Type": "RTID(eighties_glitter@ZombieTypes)"
                    },
                    {   
                        "Row": "4",
                        "Type": "RTID(eighties_glitter@ZombieTypes)"
                    },
                    {   
                        "Row": "5",
                        "Type": "RTID(eighties_glitter@ZombieTypes)"
                    },
                    {   
                        "Row": "1",
                        "Type": "RTID(eighties_armor2@ZombieTypes)"
                    },
                    {   
                        "Row": "2",
                        "Type": "RTID(eighties_armor2@ZombieTypes)"
                    },
                    {   
                        "Row": "3",
                        "Type": "RTID(eighties_armor2@ZombieTypes)"
                    },
                    {   
                        "Row": "4",
                        "Type": "RTID(eighties_armor2@ZombieTypes)"
                    },
                    {   
                        "Row": "5",
                        "Type": "RTID(eighties_armor2@ZombieTypes)"
                    },
                    {   
                        "Row": "1",
                        "Type": "RTID(eighties_punk@ZombieTypes)"
                    },
                    {   
                        "Row": "2",
                        "Type": "RTID(eighties_punk@ZombieTypes)"
                    }
                ]
            }
        }
    ],
    "version": 1
}