{"#comment": "Kris Jumpscare",
"#zombies": "eighties_8bit, eighties_8bit_armor1, eighties_8bit_armor2, eighties_boombox, eighties_armor4, eighties_glitter, eighties_bass_basic, eighties_arcade, eighties_breakdancer, eighties_mc, eighties_punk, dark_gravedropper, future_armor2, future_jetpack_disco, dark_wizard, modern_allstar",
"objects": [{
    "objclass": "LevelDefinition",
    "objdata": {
    "StartingSun": 50,
    "Description": "{PLAYER}'s Disco Party",
    "FirstRewardParam": "moneybag",
    "LevelPowerupSet": "LevelPowerupsDisabled",
    "SuppressPlantfoodPurchase": true,
    "DisablePlantBoosts": true,
    "NormalPresentTable": "egypt_normal_01",
    "ShinyPresentTable": "egypt_shiny_01",
    "Loot": "RTID(DefaultLoot@LevelModules)",
    "ResourceGroupNames": [
        "DelayLoad_Background_Beach",
        "DelayLoad_Background_Beach_Compressed",
        "Tombstone_Dark_Special",
        "Tombstone_Dark_Effects"
    ],
    "Modules": [
        "RTID(OffScreenZombiesCoinOverride@LevelModules)",
        "RTID(EightiesMowers@LevelModules)",
        "RTID(StandardIntro@LevelModules)",
        "RTID(IPP@CurrentLevel)",
        "RTID(ZombieLevelSwaps@CurrentLevel)",
        "RTID(Conveyor@CurrentLevel)",
        "RTID(ChallengeModule@CurrentLevel)",
        "RTID(Escalation@CurrentLevel)",
        "RTID(NewWaves@CurrentLevel)",
        "RTID(ZombiesDeadWinCon@LevelModules)",
        "RTID(DefaultZombieWinCondition@LevelModules)"
    ],
    "Name": "FT-III: Universal Disco",
    "StageModule": "RTID(EightiesAltverzStage@LevelModules)"
}},
{"aliases": ["Conveyor"],
"objclass": "ConveyorSeedBankProperties",
"objdata": {
    "ManualPacketSpawning": false,
    "DropDelayConditions": [
        { "Delay": 4, "MaxPackets": 0 }
    ],
    "SpeedConditions": [
        { "Speed": 80, "MaxPackets": 0 }
    ],
    "InitialPlantList": [
        { "PlantType": "squash", "Level": -1, "MaxCount": 2, "MaxWeightFactor": 0 }
    ]
}},
{"aliases":["ChallengeModule"],
"objclass": "StarChallengeModuleProperties",
"objdata": {
    "Challenges": [[
        "RTID(BeatTheLevel@CurrentLevel)"
    ]],
    "ChallengesAlwaysAvailable": true
}},
{"aliases":["BeatTheLevel"],
"objclass": "StarChallengeBeatTheLevelProps",
"objdata": {
    "Description": "Survive a disco party while the universes collide once again!!!",
    "DescriptiveName": "Custom Objective"
}},
{"aliases":["IPP"],
"objclass": "InitialPlantProperties",
"objdata": {
    "InitialPlantPlacements": [
        {"GridX": 0, "GridY": 2, "Level": -1, "TypeName":"melonpult"}
    ]
}},
{"aliases": ["ZombieLevelSwaps"],
"objclass": "LevelDifficultyScalingModuleProperties",
"objdata": {
    "DifficultyRulesType": "RiftDifficulty",
    "ZombieLevelSwaps": [
        {
            "Level": 0,
            "Swaps": [
                {
                    "From": "RTID(future_armor2@ZombieTypes)",
                    "To": [
                         "RTID(ztech_teleporter@.)"
                    ]
                },
                {
                    "From": "RTID(future_jetpack_disco@ZombieTypes)",
                    "To": [
                         "RTID(disco_zombie@.)"
                    ]
                },
                {
                    "From": "RTID(eighties_flag@ZombieTypes)",
                    "To": [
                         "RTID(nmt_bucket_flag@.)"
                    ]
                },
                {
                    "From": "RTID(eighties_bass_basic@ZombieTypes)",
                    "To": [
                         "RTID(eighties_bass_c7@ZombieTypes)"
                    ]
                }
            ]
        }
    ]
}},
{"aliases": ["Escalation"],
"objclass": "LevelEscalationModuleProperties",
"objdata": {
    "FlagCount": 2,
    "WavesPerFlag": 10,
    "PlantfoodToSpawnCount": 0,
    "StartingPoints": 0,
    "PointIncrementPerWave": 0,
    "WaveManagerProps": "RTID(WaveManager@CurrentLevel)",
    "ZombiePool": [

    ]
}},
{"aliases": ["NewWaves"],
"objclass": "WaveManagerModuleProperties",
"objdata": {}
},
{"aliases": ["WaveManager"],
"objclass": "WaveManagerProperties",
"objdata": {
    "FlagWaveInterval": 10,
    "WaveCount": 20,
    "SuppressFlagZombie": false,
    "Waves": [
        ["RTID(Wave1@.)", "RTID(jam_pop@.)"],
        ["RTID(Wave2@.)", "RTID(Conveyor2@.)"],
        ["RTID(Wave3@.)"],
        ["RTID(Wave4@.)", "RTID(jam_punk@.)"],
        ["RTID(Wave5@.)"],
        ["RTID(Wave6@.)"],
        ["RTID(Wave7@.)"],
        ["RTID(Wave8@.)", "RTID(Z_remix_punkrap_breakdancer@.)", "RTID(Conveyor8@.)", "RTID(jam_rap@.)"],
        ["RTID(Wave9@.)"],
        ["RTID(Wave10@.)"],
        ["RTID(Wave11@.)"],
        ["RTID(Wave12@.)", "RTID(jam_8bit@.)"],
        ["RTID(Wave13@.)"],
        ["RTID(Wave14@.)"],
        ["RTID(Wave15@.)"],
        ["RTID(Wave16@.)", "RTID(jam_pop@.)", "RTID(Z_remix_8bitpop@.)"],
        ["RTID(Wave17@.)"],
        ["RTID(Wave18@.)"],
        ["RTID(Wave19@.)"],
        ["RTID(Wave20@.)", "RTID(jam_metal@.)", "RTID(SpidRain20_@.)", "RTID(GridSpawn20@.)"]
    ]
}},
{"aliases":["Wave1"],
"objclass": "SpawnZombiesJitteredWaveActionProps",
"objdata":{
    "AdditionalPlantfood": 0,
    "Zombies": [
        {"Row": "3", "Type": "RTID(future_jetpack_disco@ZombieTypes)"}
    ]
}},

{"aliases":["Wave2"],
"objclass": "SpawnZombiesJitteredWaveActionProps",
"objdata":{
    "AdditionalPlantfood": 0,
    "Zombies": [
        {"Type": "RTID(eighties_8bit@ZombieTypes)"},
        {"Type": "RTID(eighties_8bit@ZombieTypes)"},
        {"Type": "RTID(eighties_8bit@ZombieTypes)"}
    ]
}},

{"aliases":["Wave3"],
"objclass": "SpawnZombiesJitteredWaveActionProps",
"objdata":{
    "AdditionalPlantfood": 0,
    "Zombies": [
        {"Row": "2", "Type": "RTID(eighties_8bit_armor1@ZombieTypes)"},
        {"Row": "1", "Type": "RTID(eighties_8bit@ZombieTypes)"},
        {"Type": "RTID(eighties_glitter@ZombieTypes)"},
        {"Type": "RTID(eighties_8bit@ZombieTypes)"}
    ]
}},

{"aliases":["Wave4"],
"objclass": "SpawnZombiesJitteredWaveActionProps",
"objdata":{
    "AdditionalPlantfood": 0,
    "Zombies": [
        {"Row": "3", "Type": "RTID(eighties_punk@ZombieTypes)"},
        {"Row": "1", "Type": "RTID(eighties_8bit@ZombieTypes)"},
        {"Row": "2", "Type": "RTID(eighties_punk@ZombieTypes)"},
        {"Type": "RTID(future_jetpack_disco@ZombieTypes)"},
        {"Type": "RTID(eighties_8bit_armor1@ZombieTypes)"}
    ]
}},

{"aliases":["Wave5"],
"objclass": "SpawnZombiesJitteredWaveActionProps",
"objdata":{
    "AdditionalPlantfood": 0,
    "Zombies": [
        {"Row": "2", "Type": "RTID(future_jetpack_disco@ZombieTypes)"},
        {"Row": "5", "Type": "RTID(eighties_8bit_armor2@ZombieTypes)"},
        {"Row": "1", "Type": "RTID(eighties_8bit_armor2@ZombieTypes)"},
        {"Type": "RTID(eighties_8bit@ZombieTypes)"},
        {"Type": "RTID(eighties_8bit@ZombieTypes)"}
    ]
}},

{"aliases":["Wave6"],
"objclass": "SpawnZombiesJitteredWaveActionProps",
"objdata":{
    "AdditionalPlantfood": 0,
    "Zombies": [
        {"Row": "2", "Type": "RTID(eighties_punk@ZombieTypes)"},
        {"Row": "5", "Type": "RTID(eighties_8bit_armor2@ZombieTypes)"},
        {"Row": "1", "Type": "RTID(eighties_punk@ZombieTypes)"},
        {"Type": "RTID(dark_gravedropper@ZombieTypes)"}
    ]
}},

{"aliases":["Wave7"],
"objclass": "SpawnZombiesJitteredWaveActionProps",
"objdata":{
    "AdditionalPlantfood": 0,
    "Zombies": [
        {"Row": "2", "Type": "RTID(eighties_8bit_armor2@ZombieTypes)"},
        {"Row": "4", "Type": "RTID(eighties_8bit@ZombieTypes)"},
        {"Row": "1", "Type": "RTID(eighties_8bit@ZombieTypes)"},
        {"Type": "RTID(eighties_punk@ZombieTypes)"},
        {"Type": "RTID(eighties_punk@ZombieTypes)"},
        {"Type": "RTID(future_jetpack_disco@ZombieTypes)"}
    ]
}},

{"aliases":["Wave8"],
"objclass": "SpawnZombiesJitteredWaveActionProps",
"objdata":{
    "AdditionalPlantfood": 0,
    "Zombies": [
        {"Row": "2", "Type": "RTID(eighties_punk@ZombieTypes)"},
        {"Row": "1", "Type": "RTID(eighties_mc@ZombieTypes)"},
        {"Row": "4", "Type": "RTID(eighties_8bit_armor2@ZombieTypes)"},
        {"Row": "4", "Type": "RTID(eighties_breakdancer@ZombieTypes)"},
        {"Type": "RTID(future_armor2@ZombieTypes)"},
        {"Type": "RTID(eighties_8bit@ZombieTypes)"},
        {"Type": "RTID(eighties_8bit@ZombieTypes)"}
    ]
}},

{"aliases":["Wave9"],
"objclass": "SpawnZombiesJitteredWaveActionProps",
"objdata":{
    "AdditionalPlantfood": 0,
    "Zombies": [
        {"Row": "2", "Type": "RTID(dark_wizard@ZombieTypes)"},
        {"Row": "2", "Type": "RTID(eighties_breakdancer@ZombieTypes)"},
        {"Row": "4", "Type": "RTID(eighties_armor4@ZombieTypes)"},
        {"Type": "RTID(eighties_8bit_armor1@ZombieTypes)"},
        {"Type": "RTID(future_jetpack_disco@ZombieTypes)"},
        {"Type": "RTID(eighties_8bit_armor1@ZombieTypes)"}
    ]
}},

{"aliases":["Wave10"],
"objclass": "SpawnZombiesJitteredWaveActionProps",
"objdata":{
    "AdditionalPlantfood": 0,
    "Zombies": [
        {"Row": "2", "Type": "RTID(eighties_mc@ZombieTypes)"},
        {"Row": "4", "Type": "RTID(eighties_8bit_armor2@ZombieTypes)"},
        {"Row": "1", "Type": "RTID(eighties_8bit@ZombieTypes)"},
        {"Type": "RTID(eighties_8bit_armor1@ZombieTypes)"},
        {"Type": "RTID(eighties_breakdancer@ZombieTypes)"},
        {"Type": "RTID(future_jetpack_disco@ZombieTypes)"},
        {"Type": "RTID(eighties_mc@ZombieTypes)"}
    ]
}},

{"aliases":["Wave11"],
"objclass": "SpawnZombiesJitteredWaveActionProps",
"objdata":{
    "AdditionalPlantfood": 0,
    "Zombies": [
        {"Row": "2", "Type": "RTID(future_armor2@ZombieTypes)"},
        {"Row": "4", "Type": "RTID(future_armor2@ZombieTypes)"},
        {"Row": "1", "Type": "RTID(eighties_8bit@ZombieTypes)"},
        {"Type": "RTID(eighties_8bit@ZombieTypes)"},
        {"Type": "RTID(eighties_mc@ZombieTypes)"},
        {"Type": "RTID(eighties_mc@ZombieTypes)"}
    ]
}},

{"aliases":["Wave12"],
"objclass": "SpawnZombiesJitteredWaveActionProps",
"objdata":{
    "AdditionalPlantfood": 0,
    "Zombies": [
        {"Row": "2", "Type": "RTID(eighties_arcade@ZombieTypes)"},
        {"Row": "4", "Type": "RTID(dark_gravedropper@ZombieTypes)"},
        {"Row": "1", "Type": "RTID(eighties_8bit@ZombieTypes)"},
        {"Type": "RTID(eighties_8bit@ZombieTypes)"},
        {"Type": "RTID(eighties_8bit_armor1@ZombieTypes)"}
    ]
}},

{"aliases":["Wave13"],
"objclass": "SpawnZombiesJitteredWaveActionProps",
"objdata":{
    "AdditionalPlantfood": 0,
    "Zombies": [
        {"Row": "2", "Type": "RTID(eighties_armor4@ZombieTypes)"},
        {"Row": "5", "Type": "RTID(dark_wizard@ZombieTypes)"},
        {"Row": "1", "Type": "RTID(eighties_8bit@ZombieTypes)"},
        {"Type": "RTID(eighties_8bit_armor1@ZombieTypes)"},
        {"Type": "RTID(eighties_8bit_armor2@ZombieTypes)"}
    ]
}},

{"aliases":["Wave14"],
"objclass": "SpawnZombiesJitteredWaveActionProps",
"objdata":{
    "AdditionalPlantfood": 0,
    "Zombies": [
        {"Row": "2", "Type": "RTID(modern_allstar@ZombieTypes)"},
        {"Row": "5", "Type": "RTID(eighties_8bit_armor2@ZombieTypes)"},
        {"Row": "1", "Type": "RTID(eighties_8bit_armor1@ZombieTypes)"},
        {"Type": "RTID(dark_gravedropper@ZombieTypes)"},
        {"Type": "RTID(eighties_8bit_armor1@ZombieTypes)"}
    ]
}},

{"aliases":["Wave15"],
"objclass": "SpawnZombiesJitteredWaveActionProps",
"objdata":{
    "AdditionalPlantfood": 0,
    "Zombies": [
        {"Row": "2", "Type": "RTID(eighties_arcade@ZombieTypes)"},
        {"Row": "1", "Type": "RTID(eighties_8bit_armor1@ZombieTypes)"},
        {"Row": "5", "Type": "RTID(eighties_arcade@ZombieTypes)"},
        {"Type": "RTID(eighties_arcade@ZombieTypes)"},
        {"Type": "RTID(eighties_8bit_armor1@ZombieTypes)"},
        {"Type": "RTID(eighties_8bit_armor1@ZombieTypes)"}
    ]
}},

{"aliases":["Wave16"],
"objclass": "SpawnZombiesJitteredWaveActionProps",
"objdata":{
    "AdditionalPlantfood": 0,
    "Zombies": [
        {"Row": "2", "Type": "RTID(eighties_arcade@ZombieTypes)"},
        {"Row": "1", "Type": "RTID(dark_wizard@ZombieTypes)"},
        {"Row": "1", "Type": "RTID(eighties_8bit_armor1@ZombieTypes)"},
        {"Row": "5", "Type": "RTID(eighties_arcade@ZombieTypes)"},
        {"Type": "RTID(future_jetpack_disco@ZombieTypes)"},
        {"Type": "RTID(eighties_8bit_armor2@ZombieTypes)"}
    ]
}},

{"aliases":["Wave17"],
"objclass": "SpawnZombiesJitteredWaveActionProps",
"objdata":{
    "AdditionalPlantfood": 0,
    "Zombies": [
        {"Row": "2", "Type": "RTID(eighties_glitter@ZombieTypes)"},
        {"Row": "2", "Type": "RTID(eighties_8bit@ZombieTypes)"},
        {"Row": "2", "Type": "RTID(eighties_boombox@ZombieTypes)"},
        {"Type": "RTID(eighties_8bit_armor2@ZombieTypes)"},
        {"Type": "RTID(eighties_8bit_armor2@ZombieTypes)"}
    ]
}},

{"aliases":["Wave18"],
"objclass": "SpawnZombiesJitteredWaveActionProps",
"objdata":{
    "AdditionalPlantfood": 0,
    "Zombies": [
        {"Row": "2", "Type": "RTID(eighties_armor4@ZombieTypes)"},
        {"Row": "4", "Type": "RTID(eighties_glitter@ZombieTypes)"},
        {"Row": "4", "Type": "RTID(dark_gravedropper@ZombieTypes)"},
        {"Type": "RTID(eighties_bass_basic@ZombieTypes)"},
        {"Type": "RTID(eighties_bass_basic@ZombieTypes)"}
    ]
}},

{"aliases":["Wave19"],
"objclass": "SpawnZombiesJitteredWaveActionProps",
"objdata":{
    "AdditionalPlantfood": 0,
    "Zombies": [
        {"Row": "2", "Type": "RTID(eighties_glitter@ZombieTypes)"},
        {"Row": "2", "Type": "RTID(future_jetpack_disco@ZombieTypes)"},
        {"Row": "1", "Type": "RTID(modern_allstar@ZombieTypes)"},
        {"Row": "4", "Type": "RTID(modern_allstar@ZombieTypes)"},
        {"Type": "RTID(eighties_boombox@ZombieTypes)"},
        {"Type": "RTID(eighties_8bit_armor1@ZombieTypes)"},
        {"Type": "RTID(eighties_8bit_armor1@ZombieTypes)"}
    ]
}},

{"aliases":["Wave20"],
"objclass": "SpawnZombiesJitteredWaveActionProps",
"objdata":{
    "AdditionalPlantfood": 0,
    "Zombies": [
        {"Row": "2", "Type": "RTID(eighties_bass_basic@ZombieTypes)"},
        {"Row": "4", "Type": "RTID(eighties_bass_basic@ZombieTypes)"},
        {"Row": "5", "Type": "RTID(future_armor2@ZombieTypes)"},
        {"Row": "1", "Type": "RTID(dark_gravedropper@ZombieTypes)"},
        {"Row": "2", "Type": "RTID(dark_wizard@ZombieTypes)"},
        {"Row": "3", "Type": "RTID(future_jetpack_disco@ZombieTypes)"},
        {"Type": "RTID(eighties_8bit_armor1@ZombieTypes)"},
        {"Type": "RTID(eighties_8bit_armor1@ZombieTypes)"}
    ]
}},
{"aliases":["jam_pop"],"objclass": "SpawnZombiesJitteredWaveActionProps","objdata": {"NotificationEvents": ["jam_pop"]}},
{"aliases":["Conveyor2"],
"objclass": "ModifyConveyorWaveActionProps",
"objdata": {
    "Remove": [
        
    ],
    "Add": [
        {"Type": "RTID(dandelion@PlantTypes)", "MaxCount": 5, "MaxWeightFactor": 0},
        {"Type": "RTID(hypnoshroom@PlantTypes)", "MaxCount": 1, "MaxWeightFactor": 0},
        {"Type": "RTID(wallnut@PlantTypes)", "MaxCount": 5, "MaxWeightFactor": 0}
    ]
}},
{"aliases":["jam_punk"],"objclass": "SpawnZombiesJitteredWaveActionProps","objdata": {"NotificationEvents": ["jam_punk"]}},
{"aliases":["Z_remix_punkrap_breakdancer"],
"objclass": "SpawnZombiesJitteredWaveActionProps",
"objdata":{
    "AdditionalPlantfood": 0,
    "Zombies": [
        {"Row": "3", "Type": "RTID(remix_punkrap_breakdancer@ZombieTypes)"}]}},
{"aliases":["jam_rap"],"objclass": "SpawnZombiesJitteredWaveActionProps","objdata": {"NotificationEvents": ["jam_rap"]}},
{"aliases":["Conveyor8"],
"objclass": "ModifyConveyorWaveActionProps",
"objdata": {
    "Remove": [
        
    ],
    "Add": [
        {"Type": "RTID(slingpea@PlantTypes)", "MaxCount": 5, "MaxWeightFactor": 0},
        {"Type": "RTID(iceburg@PlantTypes)", "MaxCount": 2, "MaxWeightFactor": 0}
    ]
}},
{"aliases":["jam_8bit"],"objclass": "SpawnZombiesJitteredWaveActionProps","objdata": {"NotificationEvents": ["jam_8bit"]}},
{"aliases":["Z_remix_8bitpop"],
"objclass": "SpawnZombiesJitteredWaveActionProps",
"objdata":{
    "AdditionalPlantfood": 0,
    "Zombies": [
        {"Row": "3", "Type": "RTID(remix_8bitpop@ZombieTypes)"}
    ]
}},
{"aliases":["jam_metal"],"objclass": "SpawnZombiesJitteredWaveActionProps","objdata": {"NotificationEvents": ["jam_metal"]}},
{"aliases":["SpidRain20_"],
"objclass": "SpiderRainZombieSpawnerProps",
"objdata": {
    "ColumnStart": 5,
    "ColumnEnd": 7,
    "GroupSize": 1,
    "TimeBetweenGroups": "0.5",
    "ZombieFallTime": "2",
    "SpiderZombieName": "",
    "SpiderCount": 3,
    "WaveStartMessage": "Bass Boost!"
}},
{"aliases":["GridSpawn20"],
    "objclass": "SpawnGravestonesWaveActionProps",
    "objdata": {
        "GravestonePool": [
            {"Count": 99, "Type": "RTID(zombieportal_holiday1@CurrentLevel)"},
            {"Count": 99, "Type": "RTID(zombieportal_holiday2@CurrentLevel)"}
        ],
        "SpawnPositionsPool": [{"mX": 8, "mY": 0}, {"mX": 6, "mY": 1}, {"mX": 7, "mY": 4}],
        "SpawnEffectAnimID": "POPANIM_EFFECTS_TOMBSTONE_DARK_SPAWN_EFFECT",
        "SpawnSoundID": "Play_Zomb_Egypt_TombRaiser_Grave_Rise",
        "DisplacePlants": true,
        "RandomPlacement": true,
        "ShakeScreen": true,
        "GridClassesToDestroy": []
}},
{
            "objclass": "ZombieType",
            "aliases": [
                "disco_zombie"
            ],
            "objdata": {
                "TypeName": "future_jetpack_disco",
                "ZombieClass": "ZombieCarnieMagician",
                "Properties": "RTID(ZombieDisco@CurrentLevel)",
                 "ResourceGroups": [
                "ZombieFutureMechDiscoGroup"

                ],
                "AudioGroups": [
                    "ZombieFutureJetpackAudio"
                ],
                "AnimRigClass": "ZombieAnimRig_FutureJetpack",
                "PopAnim": "POPANIM_ZOMBIE_ZOMBIE_FUTURE_JETPACK",
                "HomeWorld": "future",
                "Placeable": true
            }
        },
{
            "aliases": [
                "ZombieDisco"
            ],
            "objclass": "ZombieCarnieMagicianProps",
            "objdata": {
                "Actions": [
                    "RTID(ZombieGeneralZmechJetpackSummonPhase1Action@CurrentLevel)"
                ],
                "TeleportOtherStartTime": 10,
                "TeleportSelfStartTime": 999999,
                "DoveSpawnStartTime": 9999999,
                "TimeBetweenTeleportOther": 10,
                "TimeBetweenTeleportSelf": 20,
                "TimeBetweenDoveSpawn": 23,
                "TeleportationFailPercentage": 5,
                "ImmuneToPlantRestrictionSet": {
                    "List": [
                        "thymewarp",
                        "caulipower",
                        "imppear",
                        "hocus",
                        "witchhazel",
                        "hypnoshroom",
                        "shrinkingviolet",
                        "solarsage",
                        "sporeshroom"
                    ],
                    "ListType": "excludelist"
                },
                "StreetSize": {
                    "x": 3,
                    "y": 2
                },
                "ArtCenter": {
                    "x": 90,
                    "y": 125
                },
                "ShadowOffset": {
                    "x": 10,
                    "y": 0,
                    "z": 1.2
                },
                "AttackRect": {
                    "mHeight": 95,
                    "mWidth": 62,
                    "mX": 10,
                    "mY": 0
                },
                "HitRect": {
                    "mHeight": 95,
                    "mWidth": 62,
                    "mX": 10,
                    "mY": 10
                },
                "CanSpawnPlantFood": true,
                "Cost": 150,
                "EatDPS": 100,
                "GroundTrackName": "ground_swatch",
                "Hitpoints": 1250,
                "ScaledProps": [
                    {
                        "Arg1": 1.3,
                        "Arg2": 0.05,
                        "Formula": "standard",
                        "Key": "Hitpoints"
                    },
                    {
                        "Formula": "constant",
                        "Key": "Speed"
                    }
                ],
                "Speed": 0.15,
                "WavePointCost": 900,
                "Weight": 3500,
                "ZombieStats": [
                    {
                        "Type": "toughness",
                        "Value": "toughness5"
                    },
                    {
                        "Type": "speed",
                        "Value": "speed0"
                    }
                ]
            }
        },
{
            "objclass": "ZombieDropZombiesOnBoardActionDefinition",
            "aliases": [
                "ZombieGeneralZmechJetpackSummonPhase1Action"
            ],
            "objdata": {
                "Weight": 0,
                "RepeatMin": 0,
                "RepeatMax": 0,
                "ColumnEnd": "0",
                "ColumnStart": "0",
                "MinSpawn": "4",
                "MaxSpawn": "4",
                "CenterOnInstigator": true,
                "ZombieNames": [
                    "eighties"

                ],
                "ZombieWeights": [
                    25
                ],
                "TimeBeforeSpawn": 1.5,
                "ZombieFallTime": 1.0,
                "Phase": "Attacking",
                "RiseFromGround": "true",
                "RampUpAnimation": "fly_up",
                "LoopingAnimation": "idle",
                "RampDownAnimation": "walk",
                "EffectTypeToShow": ""
            }},
 
  
                
      
           
{
            "objclass": "ZombieType",
            "aliases": [
                "ztech_teleporter"
            ],
            "objdata": {
                "TypeName": "carnie_magician",
                "ZombieClass": "ZombieCarnieMagician",
                "Properties": "RTID(ZombieCarnieMagician@.)",
                "ResourceGroups": [
                    "ZombieCarnieDoveGroup",
                    "ZombieWestChickenGroup",
                    "ZombieCarnieMagicianGroup",
                    "ZombieZmechTeleportGroup",
"ZombieFutureBasicGroup"
                ],
                "Comment": " Need to be updated after art integration",
                "AudioGroups": [
                    "ZombieCarnieMagicianAudio"
                ],
                "AnimRigClass": "ZombieAnimRig_FutureBasic",
                "PopAnim": "POPANIM_ZOMBIE_ZOMBIE_FUTURE_BASIC_BRICK",
                "HomeWorld": "rift2",
                "AlmanacBackdropName": "warp",
                "Placeable": true
            }
        },
{
            "aliases": [
                "ZombieCarnieMagician"
            ],
            "objclass": "ZombieCarnieMagicianProps",
            "objdata": {
                "Actions": [
                    "RTID(ZombieCarnieMagicianTeleportActionOther@CurrentLevel)",
                    "RTID(ZombieCarnieMagicianTeleportActionSelf@CurrentLevel)",
                    "RTID(ZombieCarnieMagicianSpawnDove@ZombieActions)"
                ],
                "TeleportOtherStartTime": 999999999999999,
                "TeleportSelfStartTime": 15,
                "DoveSpawnStartTime": 99999999999999999999,
                "TimeBetweenTeleportOther": 9999999999999999,
                "TimeBetweenTeleportSelf": 99999999999999999,
                "TimeBetweenDoveSpawn": 99999999999,
                
                "ImmuneToPlantRestrictionSet": {
                    "List": [
                        "thymewarp",
                        "caulipower",
                        "imppear",
                        "hocus",
                        "witchhazel",
                        "hypnoshroom",
                        "shrinkingviolet",
                        "solarsage",
                        "sporeshroom"
                    ],
                    "ListType": "excludelist"
                },
                "StreetSize": {
                    "x": 3,
                    "y": 2
                },
                "ArtCenter": {
                    "x": 90,
                    "y": 125
                },
                "ShadowOffset": {
                    "x": 10,
                    "y": 0,
                    "z": 1.2
                },
                "AttackRect": {
                    "mHeight": 95,
                    "mWidth": 62,
                    "mX": 10,
                    "mY": 0
                },
                "HitRect": {
                    "mHeight": 95,
                    "mWidth": 62,
                    "mX": 10,
                    "mY": 10
                },
                "CanSpawnPlantFood": true,
                "Cost": 150,
                "EatDPS": 100,
                "GroundTrackName": "ground_swatch",
                "Hitpoints": 400,
                "ScaledProps": [
                    {
                        "Arg1": 1.3,
                        "Arg2": 0.05,
                        "Formula": "standard",
                        "Key": "Hitpoints"
                    },
                    {
                        "Formula": "constant",
                        "Key": "Speed"
                    }
                ],
                "Speed": 0.5,
                "WavePointCost": 900,
                "Weight": 3500,
"ZombieArmorProps": [
                      "RTID(RedYoshiArmor@CurrentLevel)"    
                ],

                "ZombieStats": [
                    {
                        "Type": "toughness",
                        "Value": "toughness5"
                    },
                    {
                        "Type": "speed",
                        "Value": "speed0"
                    }
                ]
            }
        },
{
            "objclass": "ZombieTeleportActionDefinition",
            "aliases": [
                "ZombieCarnieMagicianTeleportActionOther"
            ],
            "objdata": {
                "NumZombies": 1,
                "TilesToAdvance": 2.0,
                "WeightLeftmost": 20,
                "WeightRightmost": 35,
                "WeightRandom": 10,
                "TimeBeforeWarpStart": 0.0,
                "TimeOfWarpOut": 0,
                "TimeZombieIsGone": 0.5,
                "TimeOfWarpIn": 1,
                "Phase": "Attacking",
                "ColumnMin": 4,
                "DelayWarpIn": true,
                "RampUpAnimation": "walk",
                "LoopingAnimation": "",
                "RampDownAnimation": "idle",
                "AnimationSoundFX": "Play_Zomb_Carnival_Magician_Teleport",
                "NoRepeatTargets": true,
                "DoOnlySelfTeleport": false,
                "IgnoreSelfWhileTeleportingOther": true,
                "CanShiftLane": true,
                
                "comment": "Random number between 0 and 'MaxRowShift' is choosen to shift zombies to other lanes",
                "MaxRowShift": 3,
                "ShouldAshOnTeleportError": true,
                "ConditionsRemovedByWarping": [
                    "gummed"
                ],
                "ZombieTargetExcludeList": {
                    "ListType": "excludelist",
                    "List": [
                        "ZombieRomanShield",
                        "ZombieRomanTopShield",
                        "ZombieCamel",
                        "ZombieGargantuar",
                        "ZombieGeneralBase",
                        "ZombieZombossMech",
                        "ZombieCarnieCannon",
                        "ZombiePirateCannon",
                        "ZombieRomanBallista",
                        "ZombieBullVeteran",
                        "ZombieBull",
                        "ZombieTreasureYeti",
                        "ZombieCarnieDove",
                        "ZombiePirateParrot",
                        "ZombieBeachFisherman",
                        "ZombieZcorpRacerProps",
                        "ZombieZCorpConsultant",
                        "ZombieDarkKing"
                    ]
                }
            }
        },
        {
            "objclass": "ZombieTeleportActionDefinition",
            "aliases": [
                "ZombieCarnieMagicianTeleportActionSelf"
            ],
            "objdata": {
                "NumZombies": 1,
                "TilesToAdvance": 2.0,
                "WeightLeftmost": 50,
                "WeightRightmost": 50,
                "WeightRandom": 50,
                "TimeBeforeWarpStart": 0.0,
                "TimeOfWarpOut": 0,
                "TimeZombieIsGone": 0.5,
                "TimeOfWarpIn": 1,
                "Phase": "Attacking",
                "ColumnMin": 4,
                "DelayWarpIn": false,
                "RampUpAnimation": "idle",
                "LoopingAnimation": "",
                "RampDownAnimation": "idle",
                "AnimationSoundFX": "Play_Zomb_Carnival_Magician_Teleport",
                "NoRepeatTargets": true,
                "DoOnlySelfTeleport": true,
                "IgnoreSelfWhileTeleportingOther": false,
                "CanShiftLane": true,
                "comment": "Random number between 0 and 'MaxRowShift' is chosen to shift zombies to other lanes",
                "MaxRowShift": 3,
                "ShouldAshOnTeleportError": true,
                "ConditionsRemovedByWarping": [
                    "gummed"
                ]
            }
        },
{
            "objclass": "ArmorPropertySheet",
            "aliases": [
                "RedYoshiArmor"
            ],
            "objdata": {
                "ArmorType": "Bucket",
                "BaseHealth": 800.0,
                "ArmorFlags": [
                    "damageable",
                    "droppable",
                    "helm",
"metallic"
                ],
                "ArmorLayers": [
                    "zombie_armor_bucket_norm",
                    "zombie_armor_bucket_damage_01",
                    "zombie_armor_bucket_damage_02"
                ],
                "ArmorLayerHealth": [
                    0.666,
                    0.333
                ],
                "ImpactSoundEvent": "Play_impact_shieldhit"
            }
        },
{
            "objclass": "ZombieType",
            "aliases": [
                "nmt_bucket_flag"
            ],
            "objdata": {
                "TypeName": "eighties_flag",
                "ZombieClass": "ZombieEightiesBasic",
                "Properties": "RTID(ZombieEightiesFlagDefault@CurrentLevel)",
                "ResourceGroups": [
                    "ZombieEightiesBasicGroup"
                ],
                "AudioGroups": [],
                "AnimRigClass": "ZombieAnimRig_EightiesBasic",
                "PopAnim": "POPANIM_ZOMBIE_ZOMBIE_EIGHTIES_BASIC",
                "HomeWorld": "eighties",
                "IsBasicZombie": true,
                "FlagType": "flag_normal"
            }
        },
{
            "aliases": [
                "ZombieEightiesFlagDefault"
            ],
            "objclass": "ZombiePropertySheet",
            "objdata": {
                "ArtCenter": {
                    "x": 90,
                    "y": 125
                },
                "AttackRect": {
                    "mHeight": 95,
                    "mWidth": 20,
                    "mX": 15,
                    "mY": 0
                },
                "CanSpawnPlantFood": true,
                "Cost": 150,
                "EatDPS": 100,
                "GroundTrackName": "ground_swatch",
                "HitRect": {
                    "mHeight": 95,
                    "mWidth": 32,
                    "mX": 10,
                    "mY": 10
                },
                "Hitpoints": 190,
                "ScaledProps": [
                    {
                        "Arg1": 1.3,
                        "Arg2": 0.05,
                        "Formula": "standard",
                        "Key": "Hitpoints"
                    },
                    {
                        "Arg1": 1.3,
                        "Arg2": 0.05,
                        "Formula": "standard",
                        "Key": "EatDPS"
                    },
                    {
                        "Formula": "constant",
                        "Key": "Speed"
                    },
                    {
                        "Formula": "constant",
                        "Key": "WavePointCost"
                    }
                ],
                "ShadowOffset": {
                    "x": 5,
                    "y": 0,
                    "z": 1.2
                },
                "Speed": 0.185,
                "WavePointCost": 100,
                "Weight": 0,
"ZombieArmorProps": [
                      "RTID(BucketDefault@ArmorTypes)"    
                ],

                "ZombieStats": [
                    {
                        "Type": "toughness",
                        "Value": "toughness1"
                    },
                    {
                        "Type": "speed",
                        "Value": "speed2"
                    }
                ]
            }
        },
{
            "objclass": "ArmorPropertySheet",
            "aliases": [
                "BucketDefault"
            ],
            "objdata": {
                "ArmorType": "Bucket",
                "BaseHealth": 1100.0,
                "ArmorFlags": [
                    "metallic",
                    "damageable",
                    "droppable",
                    "helm"
                ],
                "ArmorLayers": [
                    "zombie_armor_bucket_norm",
                    "zombie_armor_bucket_damage_01",
                    "zombie_armor_bucket_damage_02"
                ],
                "ArmorLayerHealth": [
                    0.666,
                    0.333
                ],
                "ImpactSoundEvent": "Play_impact_shieldhit"
            }
        },
{"aliases": ["zombieportal_holiday1"],
"objclass": "GridItemType",
"objdata": {
    "TypeName": "zombieportal_dangerroom_dino",
    "GridItemClass": "GridItemZombiePortal",
    "Properties": "RTID(zombieportal_props_holiday1@CurrentLevel)",
    "ResourceGroups": ["ModernPortal2Group"]
}},
{"aliases": ["zombieportal_props_holiday1"],
"objclass": "GridItemZombiePortalProps",
"objdata": {
    "CanBeMowed": false,
    "CloseAnimation": "end",
    "Height": "ground",
    "Hitpoints": 600,
    "PopAnim": "POPANIM_EFFECTS_MODERN_PORTAL2",
    "PopAnimRenderOffset": { "x": 96, "y": 125 },
    "PopAnimRigClass": "GridItemZombiePortal_AnimRig",
    "SpawnAnimation": "spawn",
    "World": "pirate",
    "ZombiesToSpawn": 2,
    "ZombieSpawnPointOffset": 15,
    "TimeBetweenSpawns": {"Min": 10, "Max": 12},
    "ZombieTypesToSpawn": [
        {"Weight": 1, "ZombieTypeName": "valentines_balloon"},
        {"Weight": 1, "ZombieTypeName": "birthday_pharaoh"}
    ]
}},
{"aliases": ["zombieportal_holiday2"],
"objclass": "GridItemType",
"objdata": {
    "TypeName": "zombieportal_dangerroom_dino",
    "GridItemClass": "GridItemZombiePortal",
    "Properties": "RTID(zombieportal_props_holiday2@CurrentLevel)",
    "ResourceGroups": ["ModernPortal2Group"]
}},
{"aliases": ["zombieportal_props_holiday2"],
"objclass": "GridItemZombiePortalProps",
"objdata": {
    "CanBeMowed": false,
    "CloseAnimation": "end",
    "Height": "ground",
    "Hitpoints": 600,
    "PopAnim": "POPANIM_EFFECTS_MODERN_PORTAL2",
    "PopAnimRenderOffset": { "x": 96, "y": 125 },
    "PopAnimRigClass": "GridItemZombiePortal_AnimRig",
    "SpawnAnimation": "spawn",
    "World": "pirate",
"ZombiesToSpawn": 3,
    "ZombieSpawnPointOffset": 15,
    "TimeBetweenSpawns": {"Min": 10, "Max": 12},
    "ZombieTypesToSpawn": [
        {"Weight": 1, "ZombieTypeName": "leprachaun_dodo"},
        {"Weight": 1, "ZombieTypeName": "spring"},
        {"Weight": 1, "ZombieTypeName": "spring_armor1"}
    ]
}},
        {}
    ],
    "version": 1
}