{"#comment": "FT-II: Soothing Seas | ELM: Ver-10.1 [RFL v1.1.2]",
"#zombies": "tutorial, tutorial_armor1, tutorial_armor2, beach_surfer, beach_fisherman, prospector, west_bull, modern_allstar, beach_snorkel_veteran, beach_snorkel, beach_octopus, beach_gargantuar, future_armor2, swashbuckler, perma_heal@, steam_gentleman, steam_furnace",
"objects": [{
    "objclass": "LevelDefinition",
    "objdata": {
    "StartingSun": 200,
    "Description": "{PLAYER}'s Reflourished & Beautiful town trip",
    "FirstRewardParam": "moneybag",
"MusicType": "MiniGame_B",
    "GridItemLevel": 100,
    "LevelPowerupSet": "LevelPowerupsDisabled",
    "SuppressPlantfoodPurchase": true,
    "DisablePlantBoosts": true,
    "NormalPresentTable": "egypt_normal_01",
    "ShinyPresentTable": "egypt_shiny_01",
    "Loot": "RTID(DefaultLoot@LevelModules)",
    "ResourceGroupNames": [
        "DelayLoad_Background_Beach",
        "DelayLoad_Background_Beach_Compressed",
        "Tombstone_Dark_Special",
        "Tombstone_Dark_Effects"
    ],
    "Modules": [
        "RTID(OffScreenZombiesCoinOverride@LevelModules)",
        "RTID(BeachMowers@LevelModules)",
        "RTID(StandardIntro@LevelModules)",
        "RTID(GI@CurrentLevel)",
        "RTID(ZombieLevelSwaps@CurrentLevel)",
        "RTID(SeedBank@CurrentLevel)",
        "RTID(DefaultSunDropper@LevelModules)",
        "RTID(StartingPF@CurrentLevel)",
        "RTID(ChallengeModule@CurrentLevel)",
        "RTID(Escalation@CurrentLevel)",
        "RTID(NewWaves@CurrentLevel)",
        "RTID(JamActivatorBeachAltverz@LevelModules)",
        "RTID(InitialTide@CurrentLevel)",
        "RTID(ZombiesDeadWinCon@LevelModules)",
        "RTID(DefaultZombieWinCondition@LevelModules)"
    ],
    "Name": "FT-II: Soothing Seas",
    "StageModule": "RTID(BeachStage@CurrentLevel)"
}},
{"aliases": ["SeedBank"],
"objclass": "SeedBankProperties",
"objdata": {
    "PresetPlantList": [
        
    ],
    "PlantIncludeList": [
        
    ],
    "PlantExcludeList": [
        "thymewarp",
        "imppear",
"teleportatomine"
    ],
    "SelectionMethod": "chooser"
}},
{"aliases": ["StartingPF"],
"objclass": "LevelMutatorStartingPlantfoodProps",
"objdata": {
    "StartingPlantfoodOverride": 3
}},
{"aliases":["ChallengeModule"],
"objclass": "StarChallengeModuleProperties",
"objdata": {
    "Challenges": [[
        "RTID(BeatTheLevel@CurrentLevel)"
    ]],
    "ChallengesAlwaysAvailable": true
}},
{"aliases":["BeatTheLevel"],
"objclass": "StarChallengeBeatTheLevelProps",
"objdata": {
    "Description": "Survive while the Zombies are constantly being healed and some of them can fly or throw things over the water! \n Ocean man take by the hand and lead me to the land, OCEAN MAN!!!",
    "DescriptiveName": "Custom Objective"
}},
{"aliases":["RFL_ScubaPreview"],
"objclass": "SpawnZombiesFromGridItemSpawnerProps",
"objdata": {
    "WaveStartMessage": "",
    "ZombieSpawnWaitTime": 0,
    "SuppressActionIfNoGridItemsFound": true,
    "GridTypes": [],
    "Zombies": [
        {"Type":"RTID(beach_snorkel_veteran_street@ZombieTypes)"}
    ]
}},
{"aliases":["GI"],
"objclass":"InitialGridItemProperties",
"objdata":{
    "InitialGridItemPlacements": [
        {"GridX": 7, "GridY": 7, "TypeName":"gravestone_holiday"},
        {"GridX": 8, "GridY": 7, "TypeName":"gravestone_holiday"}
    ]
}},
{"aliases": ["InitialTide"],
"objclass": "TideProperties",
"objdata": {
    "StartingWaveLocation": 6,
    "ShowTideMarker": true
}},
{"aliases": ["ZombieLevelSwaps"],
"objclass": "LevelDifficultyScalingModuleProperties",
"objdata": {
    "DifficultyRulesType": "RiftDifficulty",
    "ZombieLevelSwaps": [
        {
            "Level": 0,
            "Swaps": [
                {
                    "From": "RTID(tutorial@ZombieTypes)",
                    "To": [
                         "RTID(tutorial@ZombieTypes)",
                         "RTID(beach@ZombieTypes)",
                         "RTID(beach_fem@ZombieTypes)"
                    ]
                },
                {
                    "From": "RTID(tutorial_armor1@ZombieTypes)",
                    "To": [
                         "RTID(tutorial_armor1@ZombieTypes)",
                         "RTID(beach_armor1@ZombieTypes)",
                         "RTID(beach_fem_armor1@ZombieTypes)"
                    ]
                },
                {
                    "From": "RTID(tutorial_armor2@ZombieTypes)",
                    "To": [
                         "RTID(tutorial_armor2@ZombieTypes)",
                         "RTID(beach_armor2@ZombieTypes)",
                         "RTID(beach_fem_armor2@ZombieTypes)"
                    ]
                },
                {
                    "From": "RTID(beach_gargantuar@ZombieTypes)",
                    "To": [
                         "RTID(deepsea@.)"
                    ]
                },
                {
                    "From": "RTID(future_armor2@ZombieTypes)",
                    "To": [
                         "RTID(ztech_teleporter@.)"
                    ]
                }
            ]
        }
    ]
}},
{"aliases": ["Escalation"],
"objclass": "LevelEscalationModuleProperties",
"objdata": {
    "FlagCount": 3,
    "WavesPerFlag": 12,
    "PlantfoodToSpawnCount": 0,
    "StartingPoints": 0,
    "PointIncrementPerWave": 0,
    "WaveManagerProps": "RTID(WaveManager@CurrentLevel)",
    "ZombiePool": [

    ]
}},
{"aliases": ["NewWaves"],
"objclass": "WaveManagerModuleProperties",
"objdata": {}
},
{"aliases": ["WaveManager"],
"objclass": "WaveManagerProperties",
"objdata": {
    "FlagWaveInterval": 12,
    "WaveCount": 36,
    "SuppressFlagZombie": false,
    "MinNextWaveHealthPercentage": 0.35,
    "MaxNextWaveHealthPercentage": 0.45,
    "Waves": [
        ["RTID(Wave1@.)", "RTID(Necro1@.)", "RTID(RFL_ScubaPreview@.)"],
        ["RTID(Wave2@.)"],
        ["RTID(Wave3@.)"],
        ["RTID(Wave4@.)"],
        ["RTID(Wave5@.)"],
        ["RTID(Wave6@.)"],
        ["RTID(Wave7@.)"],
        ["RTID(Wave8@.)"],
        ["RTID(Wave9@.)"],
        ["RTID(Wave10@.)"],
        ["RTID(Wave11@.)"],
        ["RTID(Wave12@.)"],
        ["RTID(Wave13@.)", "RTID(tide_6@.)"],
        ["RTID(Wave14@.)"],
        ["RTID(Wave15@.)"],
        ["RTID(Wave16@.)"],
        ["RTID(Wave17@.)"],
        ["RTID(Wave18@.)"],
        ["RTID(Wave19@.)"],
        ["RTID(Wave20@.)"],
        ["RTID(Wave21@.)"],
        ["RTID(Wave22@.)"],
        ["RTID(Wave23@.)"],
        ["RTID(Wave24@.)"],
        ["RTID(Wave25@.)", "RTID(tide_3@.)"],
        ["RTID(Wave26@.)"],
        ["RTID(Wave27@.)"],
        ["RTID(Wave28@.)"],
        ["RTID(Wave29@.)"],
        ["RTID(Wave30@.)"],
        ["RTID(Wave31@.)"],
        ["RTID(Wave32@.)"],
        ["RTID(Wave33@.)"],
        ["RTID(Wave34@.)"],
        ["RTID(Wave35@.)"],
        ["RTID(Wave36@.)"]
    ]
}},
{"aliases":["Wave1"],
"objclass": "SpawnZombiesJitteredWaveActionProps",
"objdata":{
    "AdditionalPlantfood": 0,
    "Zombies": [
        {"Row": "1", "Type": "RTID(tutorial@ZombieTypes)"}
    ]
}},

{"aliases":["Wave2"],
"objclass": "SpawnZombiesJitteredWaveActionProps",
"objdata":{
    "AdditionalPlantfood": 0,
    "Zombies": [
        {"Row": "2", "Type": "RTID(tutorial@ZombieTypes)"}
    ]
}},

{"aliases":["Wave3"],
"objclass": "SpawnZombiesJitteredWaveActionProps",
"objdata":{
    "AdditionalPlantfood": 0,
    "Zombies": [
        {"Row": "1", "Type": "RTID(tutorial@ZombieTypes)"}
    ]
}},

{"aliases":["Wave4"],
"objclass": "SpawnZombiesJitteredWaveActionProps",
"objdata":{
    "AdditionalPlantfood": 0,
    "Zombies": [
        {"Row": "3", "Type": "RTID(tutorial_armor1@ZombieTypes)"}
    ]
}},

{"aliases":["Wave5"],
"objclass": "SpawnZombiesJitteredWaveActionProps",
"objdata":{
    "AdditionalPlantfood": 0,
    "Zombies": [
        {"Row": "2", "Type": "RTID(tutorial@ZombieTypes)"},
        {"Type": "RTID(swashbuckler@ZombieTypes)"},
        {"Type": "RTID(tutorial@ZombieTypes)"}
    ]
}},

{"aliases":["Wave6"],
"objclass": "SpawnZombiesJitteredWaveActionProps",
"objdata":{
    "AdditionalPlantfood": 0,
    "Zombies": [
        {"Row": "3", "Type": "RTID(tutorial_armor1@ZombieTypes)"},
        {"Type": "RTID(tutorial@ZombieTypes)"},
        {"Type": "RTID(tutorial@ZombieTypes)"}
    ]
}},

{"aliases":["Wave7"],
"objclass": "SpawnZombiesJitteredWaveActionProps",
"objdata":{
    "AdditionalPlantfood": 0,
    "Zombies": [
        {"Row": "3", "Type": "RTID(tutorial_armor2@ZombieTypes)"}
    ]
}},

{"aliases":["Wave8"],
"objclass": "SpawnZombiesJitteredWaveActionProps",
"objdata":{
    "AdditionalPlantfood": 0,
    "Zombies": [
        {"Type": "RTID(tutorial_armor1@ZombieTypes)"}
    ]
}},

{"aliases":["Wave9"],
"objclass": "SpawnZombiesJitteredWaveActionProps",
"objdata":{
    "AdditionalPlantfood": 0,
    "Zombies": [
        {"Row": "4", "Type": "RTID(tutorial@ZombieTypes)"},
        {"Row": "2", "Type": "RTID(beach_snorkel@ZombieTypes)"},
        {"Type": "RTID(tutorial@ZombieTypes)"},
        {"Type": "RTID(beach_snorkel@ZombieTypes)"}
    ]
}},

{"aliases":["Wave10"],
"objclass": "SpawnZombiesJitteredWaveActionProps",
"objdata":{
    "AdditionalPlantfood": 0,
    "Zombies": [
        {"Row": "2", "Type": "RTID(tutorial_armor2@ZombieTypes)"},
        {"Type": "RTID(tutorial@ZombieTypes)"},
        {"Type": "RTID(tutorial_armor1@ZombieTypes)"}
    ]
}},

{"aliases":["Wave11"],
"objclass": "SpawnZombiesJitteredWaveActionProps",
"objdata":{
    "AdditionalPlantfood": 0,
    "Zombies": [
        {"Row": "2", "Type": "RTID(beach_surfer@ZombieTypes)"},
        {"Row": "2", "Type": "RTID(tutorial_armor2@ZombieTypes)"},
        {"Type": "RTID(swashbuckler@ZombieTypes)"}
    ]
}},

{"aliases":["Wave12"],
"objclass": "SpawnZombiesJitteredWaveActionProps",
"objdata":{
    "AdditionalPlantfood": 0,
    "Zombies": [
        {"Row": "2", "Type": "RTID(tutorial@ZombieTypes)"},
        {"Row": "4", "Type": "RTID(tutorial@ZombieTypes)"},
        {"Row": "1", "Type": "RTID(tutorial_armor2@ZombieTypes)"},
        {"Row": "3", "Type": "RTID(tutorial_armor1@ZombieTypes)"},
        {"Type": "RTID(beach_surfer@ZombieTypes)"},
        {"Type": "RTID(swashbuckler@ZombieTypes)"},
        {"Type": "RTID(tutorial_armor1@ZombieTypes)"},
        {"Type": "RTID(tutorial@ZombieTypes)"}
    ]
}},

{"aliases":["Wave13"],
"objclass": "SpawnZombiesJitteredWaveActionProps",
"objdata":{
    "AdditionalPlantfood": 0,
    "Zombies": [
        {"Row": "1", "Type": "RTID(tutorial_armor2@ZombieTypes)"},
        {"Row": "3", "Type": "RTID(tutorial@ZombieTypes)"},
        {"Type": "RTID(prospector@ZombieTypes)"},
        {"Type": "RTID(tutorial_armor2@ZombieTypes)"},
        {"Type": "RTID(beach_snorkel@ZombieTypes)"},
        {"Type": "RTID(beach_surfer@ZombieTypes)"},
        {"Type": "RTID(prospector@ZombieTypes)"}
    ]
}},

{"aliases":["Wave14"],
"objclass": "SpawnZombiesJitteredWaveActionProps",
"objdata":{
    "AdditionalPlantfood": 0,
    "Zombies": [
        {"Row": "1", "Type": "RTID(tutorial_armor2@ZombieTypes)"},
        {"Row": "3", "Type": "RTID(beach_fisherman@ZombieTypes)"},
        {"Row": "1", "Type": "RTID(tutorial@ZombieTypes)"},
        {"Type": "RTID(beach_snorkel@ZombieTypes)"},
        {"Type": "RTID(tutorial_armor1@ZombieTypes)"},
        {"Type": "RTID(future_armor2@ZombieTypes)"}
    ]
}},

{"aliases":["Wave15"],
"objclass": "SpawnZombiesJitteredWaveActionProps",
"objdata":{
    "AdditionalPlantfood": 0,
    "Zombies": [
        {"Row": "2", "Type": "RTID(modern_allstar@ZombieTypes)"},
        {"Row": "2", "Type": "RTID(tutorial_armor2@ZombieTypes)"},
        {"Type": "RTID(beach_surfer@ZombieTypes)"},
        {"Type": "RTID(beach_surfer@ZombieTypes)"},
        {"Type": "RTID(steam_gentleman@ZombieTypes)"}
    ]
}},

{"aliases":["Wave16"],
"objclass": "SpawnZombiesJitteredWaveActionProps",
"objdata":{
    "AdditionalPlantfood": 0,
    "Zombies": [
        {"Row": "2", "Type": "RTID(tutorial_armor2@ZombieTypes)"},
        {"Row": "1", "Type": "RTID(tutorial_armor1@ZombieTypes)"},
        {"Row": "5", "Type": "RTID(tutorial_armor1@ZombieTypes)"},
        {"Type": "RTID(tutorial@ZombieTypes)"},
        {"Type": "RTID(tutorial@ZombieTypes)"}
    ]
}},

{"aliases":["Wave17"],
"objclass": "SpawnZombiesJitteredWaveActionProps",
"objdata":{
    "AdditionalPlantfood": 0,
    "Zombies": [
        {"Row": "1", "Type": "RTID(tutorial@ZombieTypes)"},
        {"Row": "5", "Type": "RTID(beach_snorkel_veteran@ZombieTypes)"},
        {"Row": "2", "Type": "RTID(prospector@ZombieTypes)"},
        {"Row": "3", "Type": "RTID(tutorial_armor1@ZombieTypes)"},
        {"Row": "5", "Type": "RTID(tutorial@ZombieTypes)"},
        {"Type": "RTID(beach_snorkel_veteran@ZombieTypes)"},
        {"Type": "RTID(west_bull@ZombieTypes)"},
        {"Type": "RTID(tutorial@ZombieTypes)"}
    ]
}},

{"aliases":["Wave18"],
"objclass": "SpawnZombiesJitteredWaveActionProps",
"objdata":{
    "AdditionalPlantfood": 0,
    "Zombies": [
        {"Row": "2", "Type": "RTID(tutorial_armor1@ZombieTypes)"},
        {"Row": "2", "Type": "RTID(swashbuckler@ZombieTypes)"},
        {"Row": "5", "Type": "RTID(tutorial_armor1@ZombieTypes)"},
        {"Type": "RTID(tutorial_armor2@ZombieTypes)"},
        {"Type": "RTID(tutorial@ZombieTypes)"},
        {"Type": "RTID(tutorial@ZombieTypes)"}
    ]
}},

{"aliases":["Wave19"],
"objclass": "SpawnZombiesJitteredWaveActionProps",
"objdata":{
    "AdditionalPlantfood": 0,
    "Zombies": [
        {"Row": "5", "Type": "RTID(beach_fisherman@ZombieTypes)"},
        {"Row": "1", "Type": "RTID(west_bull@ZombieTypes)"},
        {"Row": "3", "Type": "RTID(beach_snorkel_veteran@ZombieTypes)"},
        {"Type": "RTID(beach_surfer@ZombieTypes)"},
        {"Type": "RTID(tutorial@ZombieTypes)"},
        {"Type": "RTID(beach_surfer@ZombieTypes)"}
    ]
}},

{"aliases":["Wave20"],
"objclass": "SpawnZombiesJitteredWaveActionProps",
"objdata":{
    "AdditionalPlantfood": 0,
    "Zombies": [
        {"Row": "1", "Type": "RTID(future_armor2@ZombieTypes)"},
        {"Row": "3", "Type": "RTID(prospector@ZombieTypes)"},
        {"Type": "RTID(tutorial_armor2@ZombieTypes)"},
        {"Type": "RTID(prospector@ZombieTypes)"},
        {"Type": "RTID(beach_octopus@ZombieTypes)"}
    ]
}},

{"aliases":["Wave21"],
"objclass": "SpawnZombiesJitteredWaveActionProps",
"objdata":{
    "AdditionalPlantfood": 0,
    "Zombies": [
        {"Row": "2", "Type": "RTID(steam_gentleman@ZombieTypes)"},
        {"Row": "1", "Type": "RTID(tutorial_armor1@ZombieTypes)"},
        {"Row": "5", "Type": "RTID(tutorial_armor2@ZombieTypes)"},
        {"Type": "RTID(west_bull@ZombieTypes)"},
        {"Type": "RTID(west_bull@ZombieTypes)"},
        {"Type": "RTID(tutorial_armor1@ZombieTypes)"}
    ]
}},

{"aliases":["Wave22"],
"objclass": "SpawnZombiesJitteredWaveActionProps",
"objdata":{
    "AdditionalPlantfood": 0,
    "Zombies": [
        {"Row": "1", "Type": "RTID(tutorial_armor1@ZombieTypes)"},
        {"Row": "3", "Type": "RTID(beach_snorkel@ZombieTypes)"},
        {"Row": "4", "Type": "RTID(tutorial@ZombieTypes)"},
        {"Row": "1", "Type": "RTID(beach_snorkel@ZombieTypes)"},
        {"Row": "5", "Type": "RTID(beach_surfer@ZombieTypes)"},
        {"Type": "RTID(beach_surfer@ZombieTypes)"},
        {"Type": "RTID(beach_octopus@ZombieTypes)"},
        {"Type": "RTID(tutorial@ZombieTypes)"}
    ]
}},

{"aliases":["Wave23"],
"objclass": "SpawnZombiesJitteredWaveActionProps",
"objdata":{
    "AdditionalPlantfood": 0,
    "Zombies": [
        {"Row": "4", "Type": "RTID(swashbuckler@ZombieTypes)"},
        {"Row": "2", "Type": "RTID(modern_allstar@ZombieTypes)"},
        {"Row": "5", "Type": "RTID(tutorial_armor2@ZombieTypes)"},
        {"Type": "RTID(future_armor2@ZombieTypes)"},
        {"Type": "RTID(swashbuckler@ZombieTypes)"},
        {"Type": "RTID(swashbuckler@ZombieTypes)"}
    ]
}},

{"aliases":["Wave24"],
"objclass": "SpawnZombiesJitteredWaveActionProps",
"objdata":{
    "AdditionalPlantfood": 0,
    "Zombies": [
        {"Row": "1", "Type": "RTID(beach_surfer@ZombieTypes)"},
        {"Row": "3", "Type": "RTID(steam_furnace@ZombieTypes)"},
        {"Row": "5", "Type": "RTID(beach_fisherman@ZombieTypes)"},
        {"Row": "1", "Type": "RTID(tutorial_armor2@ZombieTypes)"},
        {"Row": "3", "Type": "RTID(prospector@ZombieTypes)"},
        {"Type": "RTID(modern_allstar@ZombieTypes)"},
        {"Type": "RTID(beach_surfer@ZombieTypes)"}
    ]
}},

{"aliases":["Wave25"],
"objclass": "SpawnZombiesJitteredWaveActionProps",
"objdata":{
    "AdditionalPlantfood": 0,
    "Zombies": [
        {"Row": "2", "Type": "RTID(west_bull@ZombieTypes)"},
        {"Row": "1", "Type": "RTID(beach_fisherman@ZombieTypes)"},
        {"Row": "5", "Type": "RTID(tutorial_armor1@ZombieTypes)"},
        {"Type": "RTID(tutorial_armor2@ZombieTypes)"},
        {"Type": "RTID(steam_gentleman@ZombieTypes)"},
        {"Type": "RTID(tutorial@ZombieTypes)"},
        {"Type": "RTID(tutorial_armor1@ZombieTypes)"},
        {"Type": "RTID(tutorial@ZombieTypes)"}
    ]
}},

{"aliases":["Wave26"],
"objclass": "SpawnZombiesJitteredWaveActionProps",
"objdata":{
    "AdditionalPlantfood": 0,
    "Zombies": [
        {"Row": "2", "Type": "RTID(steam_furnace@ZombieTypes)"},
        {"Row": "5", "Type": "RTID(tutorial_armor1@ZombieTypes)"},
        {"Row": "1", "Type": "RTID(tutorial_armor1@ZombieTypes)"},
        {"Type": "RTID(steam_furnace@ZombieTypes)"},
        {"Type": "RTID(tutorial_armor1@ZombieTypes)"}
    ]
}},

{"aliases":["Wave27"],
"objclass": "SpawnZombiesJitteredWaveActionProps",
"objdata":{
    "AdditionalPlantfood": 0,
    "Zombies": [
        {"Row": "1", "Type": "RTID(prospector@ZombieTypes)"},
        {"Row": "5", "Type": "RTID(beach_surfer@ZombieTypes)"},
        {"Row": "5", "Type": "RTID(tutorial_armor1@ZombieTypes)"},
        {"Row": "4", "Type": "RTID(beach_surfer@ZombieTypes)"},
        {"Row": "5", "Type": "RTID(prospector@ZombieTypes)"},
        {"Type": "RTID(tutorial_armor2@ZombieTypes)"},
        {"Type": "RTID(tutorial_armor1@ZombieTypes)"},
        {"Type": "RTID(tutorial_armor1@ZombieTypes)"}
    ]
}},

{"aliases":["Wave28"],
"objclass": "SpawnZombiesJitteredWaveActionProps",
"objdata":{
    "AdditionalPlantfood": 0,
    "Zombies": [
        {"Row": "2", "Type": "RTID(beach_fisherman@ZombieTypes)"},
        {"Row": "2", "Type": "RTID(west_bull@ZombieTypes)"},
        {"Row": "5", "Type": "RTID(beach_fisherman@ZombieTypes)"},
        {"Type": "RTID(beach_octopus@ZombieTypes)"},
        {"Type": "RTID(beach_snorkel_veteran@ZombieTypes)"}
    ]
}},

{"aliases":["Wave29"],
"objclass": "SpawnZombiesJitteredWaveActionProps",
"objdata":{
    "AdditionalPlantfood": 0,
    "Zombies": [
        {"Row": "2", "Type": "RTID(modern_allstar@ZombieTypes)"},
        {"Row": "3", "Type": "RTID(beach_snorkel_veteran@ZombieTypes)"},
        {"Row": "5", "Type": "RTID(west_bull@ZombieTypes)"},
        {"Row": "1", "Type": "RTID(beach_surfer@ZombieTypes)"},
        {"Type": "RTID(beach_snorkel@ZombieTypes)"},
        {"Type": "RTID(swashbuckler@ZombieTypes)"},
        {"Type": "RTID(future_armor2@ZombieTypes)"}
    ]
}},

{"aliases":["Wave30"],
"objclass": "SpawnZombiesJitteredWaveActionProps",
"objdata":{
    "AdditionalPlantfood": 0,
    "Zombies": [
        {"Row": "3", "Type": "RTID(future_armor2@ZombieTypes)"},
        {"Row": "3", "Type": "RTID(steam_gentleman@ZombieTypes)"},
        {"Row": "2", "Type": "RTID(swashbuckler@ZombieTypes)"},
        {"Type": "RTID(beach_surfer@ZombieTypes)"},
        {"Type": "RTID(future_armor2@ZombieTypes)"},
        {"Type": "RTID(future_armor2@ZombieTypes)"},
        {"Type": "RTID(beach_surfer@ZombieTypes)"}
    ]
}},

{"aliases":["Wave31"],
"objclass": "SpawnZombiesJitteredWaveActionProps",
"objdata":{
    "AdditionalPlantfood": 0,
    "Zombies": [
        {"Row": "4", "Type": "RTID(tutorial_armor1@ZombieTypes)"},
        {"Row": "1", "Type": "RTID(tutorial_armor1@ZombieTypes)"},
        {"Type": "RTID(tutorial_armor1@ZombieTypes)"},
        {"Type": "RTID(tutorial_armor1@ZombieTypes)"},
        {"Type": "RTID(tutorial_armor2@ZombieTypes)"},
        {"Type": "RTID(tutorial_armor2@ZombieTypes)"}
    ]
}},

{"aliases":["Wave32"],
"objclass": "SpawnZombiesJitteredWaveActionProps",
"objdata":{
    "AdditionalPlantfood": 0,
    "Zombies": [
        {"Row": "3", "Type": "RTID(beach_gargantuar@ZombieTypes)"}
    ]
}},

{"aliases":["Wave33"],
"objclass": "SpawnZombiesJitteredWaveActionProps",
"objdata":{
    "AdditionalPlantfood": 0,
    "Zombies": [
        {"Row": "1", "Type": "RTID(west_bull@ZombieTypes)"},
        {"Row": "5", "Type": "RTID(west_bull@ZombieTypes)"},
        {"Row": "1", "Type": "RTID(prospector@ZombieTypes)"},
        {"Row": "3", "Type": "RTID(prospector@ZombieTypes)"},
        {"Row": "2", "Type": "RTID(beach_fisherman@ZombieTypes)"},
        {"Row": "5", "Type": "RTID(tutorial@ZombieTypes)"},
        {"Type": "RTID(beach_octopus@ZombieTypes)"}
    ]
}},

{"aliases":["Wave34"],
"objclass": "SpawnZombiesJitteredWaveActionProps",
"objdata":{
    "AdditionalPlantfood": 0,
    "Zombies": [
        {"Row": "2", "Type": "RTID(future_armor2@ZombieTypes)"},
        {"Row": "1", "Type": "RTID(beach_snorkel_veteran@ZombieTypes)"},
        {"Row": "5", "Type": "RTID(future_armor2@ZombieTypes)"},
        {"Type": "RTID(beach_gargantuar@ZombieTypes)"}
    ]
}},

{"aliases":["Wave35"],
"objclass": "SpawnZombiesJitteredWaveActionProps",
"objdata":{
    "AdditionalPlantfood": 0,
    "Zombies": [
        {"Row": "2", "Type": "RTID(prospector@ZombieTypes)"},
        {"Row": "1", "Type": "RTID(beach_surfer@ZombieTypes)"},
        {"Row": "4", "Type": "RTID(beach_surfer@ZombieTypes)"},
        {"Row": "5", "Type": "RTID(prospector@ZombieTypes)"},
        {"Row": "1", "Type": "RTID(prospector@ZombieTypes)"},
        {"Row": "3", "Type": "RTID(tutorial_armor1@ZombieTypes)"},
        {"Type": "RTID(beach_surfer@ZombieTypes)"},
        {"Type": "RTID(tutorial_armor1@ZombieTypes)"},
        {"Type": "RTID(tutorial_armor2@ZombieTypes)"},
        {"Type": "RTID(tutorial_armor2@ZombieTypes)"}
    ]
}},

{"aliases":["Wave36"],
"objclass": "SpawnZombiesJitteredWaveActionProps",
"objdata":{
    "AdditionalPlantfood": 0,
    "Zombies": [
        {"Row": "2", "Type": "RTID(beach_gargantuar@ZombieTypes)"},
        {"Row": "4", "Type": "RTID(beach_gargantuar@ZombieTypes)"},
        {"Row": "1", "Type": "RTID(beach_octopus@ZombieTypes)"},
        {"Row": "5", "Type": "RTID(beach_octopus@ZombieTypes)"},
        {"Type": "RTID(beach_snorkel_veteran@ZombieTypes)"},
        {"Type": "RTID(beach_surfer@ZombieTypes)"},
        {"Type": "RTID(beach_surfer@ZombieTypes)"}
    ]
}},
{"aliases":["Necro1"],
"objclass": "SpawnZombiesFromGridItemSpawnerProps",
"objdata": {
    "WaveStartMessage": "",
    "ZombieSpawnWaitTime": 0,
    "SuppressActionIfNoGridItemsFound": false,
    "AdditionalPlantfood": "0",
    "GridTypes": [
        "RTID(gravestone_holiday@GridItemTypes)"
    ],
    "Zombies": [
        {"Type":"RTID(perma_heal@CurrentLevel)"},
        {"Type":"RTID(perma_heal@CurrentLevel)"}
    ]
}},
{"aliases":["tide_6"], 
"objclass": "TidalChangeWaveActionProps",
"objdata": {
    "TidalChange": {
        "ChangeAmount": 3,
        "ChangeType": "absolute"
    }
}},
{"aliases":["tide_3"], 
"objclass": "TidalChangeWaveActionProps",
"objdata": {
    "TidalChange": {
        "ChangeAmount": 6,
        "ChangeType": "absolute"
    }
}},
{
                        "objclass": "ZombieType",
                        "aliases": [
                                "deepsea"
                        ],
                        "objdata": {
                                "TypeName": "mech_cone",
                                "ZombieClass": "ZombieEightiesGargantuar",
                                "Properties": "RTID(ZombieEightiesGargantuar@CurrentLevel)",
                                "ResourceGroups": [
					"ZombieBeachGargantuarGroup",
"ZombieEightiesGargantuarGroup",
					"ZombieBeachImpGroup",
					"ZombieGargantuarEffects"
                                ],
                                "AudioGroups": [
                                        "ZombieGlobalGargantuarAudio",
					"ZombieBeachGargantuarAudio",
                                        "ZombieEightiesGargantuarAudio"
                                ],
                                "AnimRigClass": "ZombieAnimRig_EightiesGargantuar",
                                "PopAnim": "POPANIM_ZOMBIE_BEACH_GARGANTUAR",
                                "HomeWorld": "tutorial"
                        }
                },
                {
                        "aliases": [
                                "ZombieEightiesGargantuar"
                        ],
                        "objclass": "ZombieEightiesGargantuarProps",
                        "objdata": {
                                "AlmanacOffset": {
                                        "x": 20,
                                        "y": 70
                                },
                                "AlmanacScale": 0.8,
                                "ArbitrarySmashDelay": 4,
                                "ArbitrarySmashDelayVariance": 1.5,
                                "ArmDropFraction": -1,
                                "ArtCenter": {
                                        "x": 90,
                                        "y": 125
                                },
                                "AttackRect": {
                                        "mHeight": 95,
                                        "mWidth": 30,
                                        "mX": 0,
                                        "mY": 10
                                },
                                "CanBeFlickedOff": false,
                                "CanSpawnPlantFood": false,
                                "Cost": 150,
                                "EatDPS": 0,
                                "ExplodesWhenMowed": true,
                                "FlickIsLaneRestricted": true,
                                "GroundTrackName": "ground_swatch",
                                "HealthThresholdToImpAmmoLayers": [],
                                "HitRect": {
                                        "mHeight": 95,
                                        "mWidth": 62,
                                        "mX": 10,
                                        "mY": 10
                                },
                                "Hitpoints": 4000,
                                "HypnoshroomEffectOffset": {
                                        "x": 0,
                                        "y": 120
                                },
                                "ImpApex": 250,
                                "ImpFlightTime": 1.5,
                                "ImpSpawnOffset": {
                                        "x": -100,
                                        "y": 2,
                                        "z": 115
                                },
                                "ImpTargetColumn": 3,
                                "ImpType": "beach_imp",
                                "IsValidPinchTarget": false,
                                "JamStyle": "jam_metal",
                                "MinPosXThrowImp": 400,
                                "ScaledProps": [
                                        {
                                                "Arg1": 1.3,
                                                "Arg2": 0.05,
                                                "Formula": "standard",
                                                "Key": "Hitpoints"
                                        },
                                        {
                                                "Arg1": 1.3,
                                                "Arg2": 0.05,
                                                "Formula": "standard",
                                                "Key": "EatDPS"
                                        },
                                        {
                                                "Formula": "constant",
                                                "Key": "Speed"
                                        },
                                        {
                                                "Formula": "constant",
                                                "Key": "WavePointCost"
                                        },
                                        {
                                                "Arg1": 1.3,
                                                "Arg2": 0.05,
                                                "Formula": "standard",
                                                "Key": "SmashDamage"
                                        }
                                ],
                                "ShadowOffset": {
                                        "x": 5,
                                        "y": 0,
                                        "z": 1.4
                                },
                                "ShockWaveSpawnOffset": {
                                        "x": -50,
                                        "y": -20
                                },
                                "Size": "large",
                                "SkipHeadDropState": false,
                                "SmashDamage": 1500,
                                "SmashDuration": 2,
                                "SoundOnAsh": "Play_Zomb_Global_Gargantuar_Mvmt_Death_Ash",
                                "SoundOnElectrocute": "Play_Zomb_Global_Gargantuar_Mvmt_Shock",
                                "SoundOnIdle": "Play_Zomb_Egypt_Gargantuar_Mvmt_Idle",
                                "Speed": 0.12,
                                "StaticArtImageAsset": "IMAGE_GARGANTUAR",
                                "ThrowImpDuration": 1,
"HealthPercentThrowImp": -1,
                                "WavePointCost": 2000,
                                "Weight": 3000,
                                "ZombieStats": [
                                        {
                                                "Type": "toughness",
                                                "Value": "toughness7"
                                        },
                                        {
                                                "Type": "speed",
                                                "Value": "speed3"
                                        }
                                ]
                        }
                },
{
            "objclass": "ZombieType",
            "aliases": [
                "perma_heal"
            ],
            "objdata": {
                "TypeName": "roman_healer",
                "ZombieClass": "ZombieRomanHealer",
                "Properties": "RTID(ZombieRomanHealerDefault@CurrentLevel)",
                "ResourceGroups": [
                    "ZombieRomanHealerGroup"
                ],
                "AudioGroups": [
                    "ZombieRomanHealerAudio"
                ],
                "AnimRigClass": "ZombieAnimRig_RomanHealer",
                "PopAnim": "POPANIM_ZOMBIE_ZOMBIE_ROMAN_HEALER",
                "HomeWorld": "rift1a",
                "AlmanacBackdropName": "warp"
            }
        },
        {
            "aliases": [
                "ZombieRomanHealerDefault"
            ],
            "objclass": "ZombieRomanHealerProps",
            "objdata": {
                "Actions": [
                    "RTID(ZombieRomanHealerHeal@ZombieActions)"
                ],
                "GridItemToDrop": "RTID(roman_healer_staff@GridItemTypes)",
                "BreaksStaff": {
                    "List": [
                        "pumpkin"
                    ],
                    "ListType": "includelist"
                },
                "BlocksStaff": {
                    "List": [
                        "olivepit"
                    ],
                    "ListType": "includelist"
                },
                "ArtCenter": {
                    "x": 90,
                    "y": 125
                },
                "AlmanacOffset": {
                    "x": -20,
                    "y": 0
                },
                "AttackRect": {
                    "mHeight": 95,
                    "mWidth": 20,
                    "mX": 15,
                    "mY": 0
                },
                "CanSpawnPlantFood": false,
"CanSurrender": true,
                "Cost": 150,
                "EatDPS": 100,
                "GroundTrackName": "ground_swatch",
                "HitRect": {
                    "mHeight": 95,
                    "mWidth": 32,
                    "mX": 10,
                    "mY": 10
                },
                "Hitpoints": 99999999,
                "ScaledProps": [
                    {
                        "Arg1": 1.3,
                        "Arg2": 0.05,
                        "Formula": "standard",
                        "Key": "Hitpoints"
                    },
                    {
                        "Arg1": 1.3,
                        "Arg2": 0.05,
                        "Formula": "standard",
                        "Key": "EatDPS"
                    },
                    {
                        "Formula": "constant",
                        "Key": "Speed"
                    },
                    {
                        "Formula": "constant",
                        "Key": "WavePointCost"
                    }
                ],
                "ShadowOffset": {
                    "x": 10,
                    "y": 0,
                    "z": 1.2
                },
                "Speed": 0.000000000000001,
                "WavePointCost": 700,
                "Weight": 3500,
                "ZombieStats": [
                    {
                        "Type": "toughness",
                        "Value": "toughness4"
                    },
                    {
                        "Type": "speed",
                        "Value": "speed0"
                    }
                ]
            }
        },
{
            "objclass": "ZombieType",
            "aliases": [
                "ztech_teleporter"
            ],
            "objdata": {
                "TypeName": "carnie_magician",
                "ZombieClass": "ZombieCarnieMagician",
                "Properties": "RTID(ZombieCarnieMagician@.)",
                "ResourceGroups": [
                    "ZombieCarnieDoveGroup",
                    "ZombieWestChickenGroup",
                    "ZombieCarnieMagicianGroup",
                    "ZombieZmechTeleportGroup",
"ZombieFutureBasicGroup"
                ],
                "Comment": " Need to be updated after art integration",
                "AudioGroups": [
                    "ZombieCarnieMagicianAudio"
                ],
                "AnimRigClass": "ZombieAnimRig_FutureBasic",
                "PopAnim": "POPANIM_ZOMBIE_ZOMBIE_FUTURE_BASIC_BRICK",
                "HomeWorld": "rift2",
                "AlmanacBackdropName": "warp",
                "Placeable": true
            }
        },
{
            "aliases": [
                "ZombieCarnieMagician"
            ],
            "objclass": "ZombieCarnieMagicianProps",
            "objdata": {
                "Actions": [
                    "RTID(ZombieCarnieMagicianTeleportActionOther@CurrentLevel)",
                    "RTID(ZombieCarnieMagicianTeleportActionSelf@CurrentLevel)",
                    "RTID(ZombieCarnieMagicianSpawnDove@ZombieActions)"
                ],
                "TeleportOtherStartTime": 999999999999999,
                "TeleportSelfStartTime": 15,
                "DoveSpawnStartTime": 99999999999999999999,
                "TimeBetweenTeleportOther": 9999999999999999,
                "TimeBetweenTeleportSelf": 99999999999999999,
                "TimeBetweenDoveSpawn": 99999999999,
                
                "ImmuneToPlantRestrictionSet": {
                    "List": [
                        "thymewarp",
                        "caulipower",
                        "imppear",
                        "hocus",
                        "witchhazel",
                        "hypnoshroom",
                        "shrinkingviolet",
                        "solarsage",
                        "sporeshroom"
                    ],
                    "ListType": "excludelist"
                },
                "StreetSize": {
                    "x": 3,
                    "y": 2
                },
                "ArtCenter": {
                    "x": 90,
                    "y": 125
                },
                "ShadowOffset": {
                    "x": 10,
                    "y": 0,
                    "z": 1.2
                },
                "AttackRect": {
                    "mHeight": 95,
                    "mWidth": 62,
                    "mX": 10,
                    "mY": 0
                },
                "HitRect": {
                    "mHeight": 95,
                    "mWidth": 62,
                    "mX": 10,
                    "mY": 10
                },
                "CanSpawnPlantFood": true,
                "Cost": 150,
                "EatDPS": 100,
                "GroundTrackName": "ground_swatch",
                "Hitpoints": 400,
                "ScaledProps": [
                    {
                        "Arg1": 1.3,
                        "Arg2": 0.05,
                        "Formula": "standard",
                        "Key": "Hitpoints"
                    },
                    {
                        "Formula": "constant",
                        "Key": "Speed"
                    }
                ],
                "Speed": 0.5,
                "WavePointCost": 900,
                "Weight": 3500,
"ZombieArmorProps": [
                      "RTID(RedYoshiArmor@CurrentLevel)"    
                ],

                "ZombieStats": [
                    {
                        "Type": "toughness",
                        "Value": "toughness5"
                    },
                    {
                        "Type": "speed",
                        "Value": "speed0"
                    }
                ]
            }
        },
{
            "objclass": "ZombieTeleportActionDefinition",
            "aliases": [
                "ZombieCarnieMagicianTeleportActionOther"
            ],
            "objdata": {
                "NumZombies": 1,
                "TilesToAdvance": 2.0,
                "WeightLeftmost": 20,
                "WeightRightmost": 35,
                "WeightRandom": 10,
                "TimeBeforeWarpStart": 0.0,
                "TimeOfWarpOut": 0,
                "TimeZombieIsGone": 0.5,
                "TimeOfWarpIn": 1,
                "Phase": "Attacking",
                "ColumnMin": 4,
                "DelayWarpIn": true,
                "RampUpAnimation": "walk",
                "LoopingAnimation": "",
                "RampDownAnimation": "idle",
                "AnimationSoundFX": "Play_Zomb_Carnival_Magician_Teleport",
                "NoRepeatTargets": true,
                "DoOnlySelfTeleport": false,
                "IgnoreSelfWhileTeleportingOther": true,
                "CanShiftLane": true,
                
                "comment": "Random number between 0 and 'MaxRowShift' is choosen to shift zombies to other lanes",
                "MaxRowShift": 3,
                "ShouldAshOnTeleportError": true,
                "ConditionsRemovedByWarping": [
                    "gummed"
                ],
                "ZombieTargetExcludeList": {
                    "ListType": "excludelist",
                    "List": [
                        "ZombieRomanShield",
                        "ZombieRomanTopShield",
                        "ZombieCamel",
                        "ZombieGargantuar",
                        "ZombieGeneralBase",
                        "ZombieZombossMech",
                        "ZombieCarnieCannon",
                        "ZombiePirateCannon",
                        "ZombieRomanBallista",
                        "ZombieBullVeteran",
                        "ZombieBull",
                        "ZombieTreasureYeti",
                        "ZombieCarnieDove",
                        "ZombiePirateParrot",
                        "ZombieBeachFisherman",
                        "ZombieZcorpRacerProps",
                        "ZombieZCorpConsultant",
                        "ZombieDarkKing"
                    ]
                }
            }
        },
        {
            "objclass": "ZombieTeleportActionDefinition",
            "aliases": [
                "ZombieCarnieMagicianTeleportActionSelf"
            ],
            "objdata": {
                "NumZombies": 1,
                "TilesToAdvance": 2.0,
                "WeightLeftmost": 50,
                "WeightRightmost": 50,
                "WeightRandom": 50,
                "TimeBeforeWarpStart": 0.0,
                "TimeOfWarpOut": 0,
                "TimeZombieIsGone": 0.5,
                "TimeOfWarpIn": 1,
                "Phase": "Attacking",
                "ColumnMin": 4,
                "DelayWarpIn": false,
                "RampUpAnimation": "idle",
                "LoopingAnimation": "",
                "RampDownAnimation": "idle",
                "AnimationSoundFX": "Play_Zomb_Carnival_Magician_Teleport",
                "NoRepeatTargets": true,
                "DoOnlySelfTeleport": true,
                "IgnoreSelfWhileTeleportingOther": false,
                "CanShiftLane": true,
                "comment": "Random number between 0 and 'MaxRowShift' is chosen to shift zombies to other lanes",
                "MaxRowShift": 3,
                "ShouldAshOnTeleportError": true,
                "ConditionsRemovedByWarping": [
                    "gummed"
                ]
            }
        },
{
            "objclass": "ArmorPropertySheet",
            "aliases": [
                "RedYoshiArmor"
            ],
            "objdata": {
                "ArmorType": "Bucket",
                "BaseHealth": 800.0,
                "ArmorFlags": [
                    "damageable",
                    "droppable",
                    "helm",
"metallic"
                ],
                "ArmorLayers": [
                    "zombie_armor_bucket_norm",
                    "zombie_armor_bucket_damage_01",
                    "zombie_armor_bucket_damage_02"
                ],
                "ArmorLayerHealth": [
                    0.666,
                    0.333
                ],
                "ImpactSoundEvent": "Play_impact_shieldhit"
            }
        },
{"aliases": ["BeachStage"],
"objclass": "JoustStageProperties",
"objdata": {
    "ResourceGroupNames": [
        "DelayLoad_Background_Beach",
        "DelayLoad_Background_Beach_Compressed",
        "Dirt_Spawn_Dirt",
        "AudioBeach",
        "BeachGroansAudio"
    ],
    "GroupsToUnloadForAds": ["DelayLoad_Background_Beach_Compressed"],
    "StagePrefix": "beach",
    "BackgroundResourceGroup": "DelayLoad_Background_Beach_Compressed",
    "BackgroundImagePrefix": "IMAGE_BACKGROUNDS_BEACH",
    "LevelPowerupSet": "LevelPowerupsDefault",
    "BasicZombieTypeName": "beach",
    "FlagZombieTypeName": "beach_flag",
    "Armor1ZombieTypeName": "beach_armor1",
    "Armor2ZombieTypeName": "beach_armor2",
    "RailcartDefaultTypeName": "railcart_egypt",
    "GravestoneDefaultTypeName": "gravestone_egypt",
    "DirtSpawnEffectName": "POPANIM_EFFECTS_DIRT_SPAWN_DIRT",
    "MusicSuffix": "BeachAlt",
    "DisabledStreetCells": [
        {"mX": 0, "mY": 0},
        {"mX": 0, "mY": 1},
        {"mX": 0, "mY": 2},
        {"mX": 0, "mY": 3},
        {"mX": 0, "mY": 4},
        {"mX": 0, "mY": 5},
        {"mX": 0, "mY": 6},
        {"mX": 0, "mY": 7},
        {"mX": 0, "mY": 8},
        {"mX": 0, "mY": 9},
        {"mX": 1, "mY": 0},
        {"mX": 1, "mY": 1},
        {"mX": 1, "mY": 2},
        {"mX": 1, "mY": 3},
        {"mX": 1, "mY": 4},
        {"mX": 1, "mY": 5},
        {"mX": 1, "mY": 6},
        {"mX": 1, "mY": 7},
        {"mX": 1, "mY": 8},
        {"mX": 1, "mY": 9},
        {"mX": 2, "mY": 0},
        {"mX": 2, "mY": 1},
        {"mX": 2, "mY": 2},
        {"mX": 2, "mY": 3},
        {"mX": 2, "mY": 4},
        {"mX": 2, "mY": 5},
        {"mX": 2, "mY": 6},
        {"mX": 2, "mY": 7},
        {"mX": 2, "mY": 8},
        {"mX": 2, "mY": 9},
        {"mX": 3, "mY": 9},
        {"mX": 4, "mY": 9},
        {"mX": 5, "mY": 9},
        {"mX": 6, "mY": 9},
        {"mX": 7, "mY": 9},
        {"mX": 8, "mY": 9}
    ]
}},
        {}
    ],
    "version": 1
}