{"#comment": "FT - I: A Beauitful Day | ELM: Ver-10.1 [RFL v1.1.2]",
"#zombies": "tutorial, tutorial_armor1, tutorial_armor2, tutorial_balloon, tutorial_gargantuar, tutorial_imp, modern_newspaper, iceage_troglobite_2block, pirate_captain, ztech_teleporter@, future_armor2",
"objects": [{
    "objclass": "LevelDefinition",
    "objdata": {
    "StartingSun": 50,
    "Description": "PvZ BT X RFL!",
    "FirstRewardParam": "moneybag",
    "LevelPowerupSet": "LevelPowerupsDisabled",
    "SuppressPlantfoodPurchase": true,
    "DisablePlantBoosts": true,
    "NormalPresentTable": "egypt_normal_01",
    "ShinyPresentTable": "egypt_shiny_01",
    "Loot": "RTID(DefaultLoot@LevelModules)",
    "ResourceGroupNames": [
        "DelayLoad_Background_Beach",
        "DelayLoad_Background_Beach_Compressed",
        "Tombstone_Dark_Special",
        "Tombstone_Dark_Effects"
    ],
    "Modules": [
        "RTID(OffScreenZombiesCoinOverride@LevelModules)",
        "RTID(ModernMowers@LevelModules)",
        "RTID(StandardIntro@LevelModules)",
        "RTID(ZombieLevelSwaps@CurrentLevel)",
        "RTID(SeedBank@CurrentLevel)",
        "RTID(DefaultSunDropper@LevelModules)",
        "RTID(ChallengeModule@CurrentLevel)",
        "RTID(Escalation@CurrentLevel)",
        "RTID(NewWaves@CurrentLevel)",
        "RTID(ZombiesDeadWinCon@LevelModules)",
        "RTID(DefaultZombieWinCondition@LevelModules)"
    ],
    "Name": "FT - I: A Beauitful Day",
    "StageModule": "RTID(ModernStage@LevelModules)"
}},
{"aliases": ["SeedBank"],
"objclass": "SeedBankProperties",
"objdata": {
    "PresetPlantList": [
        
    ],
    "PlantIncludeList": [
        
    ],
    "PlantExcludeList": [
        
    ],
    "SelectionMethod": "chooser"
}},
{"aliases":["ChallengeModule"],
"objclass": "StarChallengeModuleProperties",
"objdata": {
    "Challenges": [[
        "RTID(BeatTheLevel@CurrentLevel)"
    ]],
    "ChallengesAlwaysAvailable": true
}},
{"aliases":["BeatTheLevel"],
"objclass": "StarChallengeBeatTheLevelProps",
"objdata": {
    "Description": "Welcome to Flourished Town enjoy your stay here. This pack is a crossover of Rfl and Pvz BT (fan game). \n  Make sure to read the read this.txt file for the challenges also.",
    "DescriptiveName": "Custom Objective"
}},
{"aliases": ["ZombieLevelSwaps"],
"objclass": "LevelDifficultyScalingModuleProperties",
"objdata": {
    "DifficultyRulesType": "RiftDifficulty",
    "ZombieLevelSwaps": [
        {
            "Level": 0,
            "Swaps": [
                {
                    "From": "RTID(future_armor2@ZombieTypes)",
                    "To": [
                         "RTID(ztech_teleporter@.)"
                    ]
                }
            ]
        }
    ]
}},
{"aliases": ["Escalation"],
"objclass": "LevelEscalationModuleProperties",
"objdata": {
    "FlagCount": 2,
    "WavesPerFlag": 12,
    "PlantfoodToSpawnCount": 0,
    "StartingPoints": 0,
    "PointIncrementPerWave": 0,
    "WaveManagerProps": "RTID(WaveManager@CurrentLevel)",
    "ZombiePool": [

    ]
}},
{"aliases": ["NewWaves"],
"objclass": "WaveManagerModuleProperties",
"objdata": {}
},
{"aliases": ["WaveManager"],
"objclass": "WaveManagerProperties",
"objdata": {
    "FlagWaveInterval": 12,
    "WaveCount": 24,
    "SuppressFlagZombie": false,
    "MinNextWaveHealthPercentage": 0.35,
    "MaxNextWaveHealthPercentage": 0.4,
    "Waves": [
        ["RTID(Wave1@.)"],
        ["RTID(Wave2@.)"],
        ["RTID(Wave3@.)"],
        ["RTID(Wave4@.)"],
        ["RTID(Wave5@.)"],
        ["RTID(Wave6@.)"],
        ["RTID(Wave7@.)"],
        ["RTID(Wave8@.)"],
        ["RTID(Wave9@.)"],
        ["RTID(Wave10@.)"],
        ["RTID(Wave11@.)"],
        ["RTID(Wave12@.)"],
        ["RTID(Wave13@.)"],
        ["RTID(Wave14@.)"],
        ["RTID(Wave15@.)"],
        ["RTID(Wave16@.)"],
        ["RTID(Wave17@.)"],
        ["RTID(Wave18@.)"],
        ["RTID(Wave19@.)"],
        ["RTID(Wave20@.)"],
        ["RTID(Wave21@.)"],
        ["RTID(Wave22@.)"],
        ["RTID(Wave23@.)"],
        ["RTID(Wave24@.)"]
    ]
}},
{"aliases":["Wave1"],
"objclass": "SpawnZombiesJitteredWaveActionProps",
"objdata":{
    "AdditionalPlantfood": 0,
    "Zombies": [
        {"Row": "1", "Type": "RTID(tutorial@ZombieTypes)"}
    ]
}},

{"aliases":["Wave2"],
"objclass": "SpawnZombiesJitteredWaveActionProps",
"objdata":{
    "AdditionalPlantfood": 0,
    "Zombies": [
        {"Row": "2", "Type": "RTID(tutorial@ZombieTypes)"},
        {"Type": "RTID(tutorial_imp@ZombieTypes)"}
    ]
}},

{"aliases":["Wave3"],
"objclass": "SpawnZombiesJitteredWaveActionProps",
"objdata":{
    "AdditionalPlantfood": 0,
    "Zombies": [
        {"Row": "5", "Type": "RTID(tutorial@ZombieTypes)"},
        {"Type": "RTID(tutorial@ZombieTypes)"}
    ]
}},

{"aliases":["Wave4"],
"objclass": "SpawnZombiesJitteredWaveActionProps",
"objdata":{
    "AdditionalPlantfood": 0,
    "Zombies": [
        {"Row": "5", "Type": "RTID(tutorial@ZombieTypes)"},
        {"Type": "RTID(tutorial@ZombieTypes)"}
    ]
}},

{"aliases":["Wave5"],
"objclass": "SpawnZombiesJitteredWaveActionProps",
"objdata":{
    "AdditionalPlantfood": 0,
    "Zombies": [
        {"Row": "2", "Type": "RTID(tutorial_armor1@ZombieTypes)"},
        {"Type": "RTID(tutorial_imp@ZombieTypes)"}
    ]
}},

{"aliases":["Wave6"],
"objclass": "SpawnZombiesJitteredWaveActionProps",
"objdata":{
    "AdditionalPlantfood": 0,
    "Zombies": [
        {"Row": "3", "Type": "RTID(iceage_troglobite_2block@ZombieTypes)"},
        {"Type": "RTID(tutorial@ZombieTypes)"},
        {"Type": "RTID(tutorial@ZombieTypes)"}
    ]
}},

{"aliases":["Wave7"],
"objclass": "SpawnZombiesJitteredWaveActionProps",
"objdata":{
    "AdditionalPlantfood": 0,
    "Zombies": [
        {"Row": "1", "Type": "RTID(tutorial_armor1@ZombieTypes)"},
        {"Type": "RTID(tutorial_armor1@ZombieTypes)"}
    ]
}},

{"aliases":["Wave8"],
"objclass": "SpawnZombiesJitteredWaveActionProps",
"objdata":{
    "AdditionalPlantfood": 0,
    "Zombies": [
        {"Row": "1", "Type": "RTID(tutorial_armor1@ZombieTypes)"},
        {"Type": "RTID(tutorial_imp@ZombieTypes)"},
        {"Type": "RTID(tutorial@ZombieTypes)"}
    ]
}},

{"aliases":["Wave9"],
"objclass": "SpawnZombiesJitteredWaveActionProps",
"objdata":{
    "AdditionalPlantfood": 0,
    "Zombies": [
        {"Row": "3", "Type": "RTID(tutorial_armor2@ZombieTypes)"},
        {"Type": "RTID(pirate_captain@ZombieTypes)"},
        {"Type": "RTID(pirate_captain@ZombieTypes)"}
    ]
}},

{"aliases":["Wave10"],
"objclass": "SpawnZombiesJitteredWaveActionProps",
"objdata":{
    "AdditionalPlantfood": 0,
    "Zombies": [
        {"Row": "3", "Type": "RTID(tutorial_balloon@ZombieTypes)"},
        {"Type": "RTID(tutorial_imp@ZombieTypes)"},
        {"Type": "RTID(tutorial_armor1@ZombieTypes)"}
    ]
}},

{"aliases":["Wave11"],
"objclass": "SpawnZombiesJitteredWaveActionProps",
"objdata":{
    "AdditionalPlantfood": 0,
    "Zombies": [
        {"Row": "2", "Type": "RTID(modern_newspaper@ZombieTypes)"},
        {"Type": "RTID(tutorial@ZombieTypes)"},
        {"Type": "RTID(pirate_captain@ZombieTypes)"}
    ]
}},

{"aliases":["Wave12"],
"objclass": "SpawnZombiesJitteredWaveActionProps",
"objdata":{
    "AdditionalPlantfood": 0,
    "Zombies": [
        {"Row": "3", "Type": "RTID(ztech_teleporter@CurrentLevel)"},
        {"Row": "5", "Type": "RTID(iceage_troglobite_2block@ZombieTypes)"},
        {"Row": "1", "Type": "RTID(tutorial_armor1@ZombieTypes)"},
        {"Type": "RTID(tutorial_balloon@ZombieTypes)"},
        {"Type": "RTID(tutorial_armor2@ZombieTypes)"},
        {"Type": "RTID(pirate_captain@ZombieTypes)"}
    ]
}},

{"aliases":["Wave13"],
"objclass": "SpawnZombiesJitteredWaveActionProps",
"objdata":{
    "AdditionalPlantfood": 0,
    "Zombies": [
        {"Row": "1", "Type": "RTID(tutorial@ZombieTypes)"},
        {"Row": "2", "Type": "RTID(tutorial_armor1@ZombieTypes)"},
        {"Row": "1", "Type": "RTID(tutorial_armor1@ZombieTypes)"},
        {"Row": "5", "Type": "RTID(tutorial@ZombieTypes)"},
        {"Type": "RTID(tutorial_balloon@ZombieTypes)"},
        {"Type": "RTID(tutorial_armor1@ZombieTypes)"},
        {"Type": "RTID(pirate_captain@ZombieTypes)"}
    ]
}},

{"aliases":["Wave14"],
"objclass": "SpawnZombiesJitteredWaveActionProps",
"objdata":{
    "AdditionalPlantfood": 0,
    "Zombies": [
        {"Row": "2", "Type": "RTID(tutorial_armor2@ZombieTypes)"},
        {"Row": "5", "Type": "RTID(tutorial@ZombieTypes)"},
        {"Type": "RTID(tutorial_armor1@ZombieTypes)"},
        {"Type": "RTID(tutorial_armor2@ZombieTypes)"},
        {"Type": "RTID(tutorial@ZombieTypes)"},
        {"Type": "RTID(tutorial_armor1@ZombieTypes)"}
    ]
}},

{"aliases":["Wave15"],
"objclass": "SpawnZombiesJitteredWaveActionProps",
"objdata":{
    "AdditionalPlantfood": 0,
    "Zombies": [
        {"Row": "3", "Type": "RTID(modern_newspaper@ZombieTypes)"},
        {"Row": "1", "Type": "RTID(tutorial_balloon@ZombieTypes)"},
        {"Row": "5", "Type": "RTID(tutorial@ZombieTypes)"},
        {"Type": "RTID(tutorial@ZombieTypes)"},
        {"Type": "RTID(tutorial@ZombieTypes)"},
        {"Type": "RTID(tutorial_armor1@ZombieTypes)"},
        {"Type": "RTID(tutorial_armor1@ZombieTypes)"}
    ]
}},

{"aliases":["Wave16"],
"objclass": "SpawnZombiesJitteredWaveActionProps",
"objdata":{
    "AdditionalPlantfood": 0,
    "Zombies": [
        {"Row": "3", "Type": "RTID(tutorial_armor1@ZombieTypes)"},
        {"Row": "2", "Type": "RTID(tutorial_armor1@ZombieTypes)"},
        {"Row": "1", "Type": "RTID(iceage_troglobite_2block@ZombieTypes)"},
        {"Row": "4", "Type": "RTID(tutorial_armor2@ZombieTypes)"},
        {"Type": "RTID(tutorial_balloon@ZombieTypes)"},
        {"Type": "RTID(iceage_troglobite_2block@ZombieTypes)"},
        {"Type": "RTID(tutorial_balloon@ZombieTypes)"}
    ]
}},

{"aliases":["Wave17"],
"objclass": "SpawnZombiesJitteredWaveActionProps",
"objdata":{
    "AdditionalPlantfood": 0,
    "Zombies": [
        {"Row": "1", "Type": "RTID(tutorial@ZombieTypes)"},
        {"Row": "5", "Type": "RTID(tutorial@ZombieTypes)"},
        {"Row": "3", "Type": "RTID(ztech_teleporter@CurrentLevel)"},
        {"Row": "1", "Type": "RTID(tutorial@ZombieTypes)"},
        {"Type": "RTID(tutorial_armor1@ZombieTypes)"},
        {"Type": "RTID(tutorial@ZombieTypes)"},
        {"Type": "RTID(pirate_captain@ZombieTypes)"},
        {"Type": "RTID(tutorial_armor1@ZombieTypes)"},
        {"Type": "RTID(tutorial@ZombieTypes)"}
    ]
}},

{"aliases":["Wave18"],
"objclass": "SpawnZombiesJitteredWaveActionProps",
"objdata":{
    "AdditionalPlantfood": 0,
    "Zombies": [
        {"Row": "1", "Type": "RTID(tutorial_armor1@ZombieTypes)"},
        {"Row": "3", "Type": "RTID(tutorial_balloon@ZombieTypes)"},
        {"Row": "4", "Type": "RTID(tutorial_armor1@ZombieTypes)"},
        {"Type": "RTID(modern_newspaper@ZombieTypes)"},
        {"Type": "RTID(pirate_captain@ZombieTypes)"},
        {"Type": "RTID(tutorial_armor2@ZombieTypes)"}
    ]
}},

{"aliases":["Wave19"],
"objclass": "SpawnZombiesJitteredWaveActionProps",
"objdata":{
    "AdditionalPlantfood": 0,
    "Zombies": [
        {"Row": "5", "Type": "RTID(tutorial_armor2@ZombieTypes)"},
        {"Row": "2", "Type": "RTID(tutorial_armor1@ZombieTypes)"},
        {"Row": "3", "Type": "RTID(ztech_teleporter@CurrentLevel)"},
        {"Type": "RTID(ztech_teleporter@CurrentLevel)"},
        {"Type": "RTID(tutorial_armor2@ZombieTypes)"},
        {"Type": "RTID(tutorial_armor1@ZombieTypes)"}
    ]
}},

{"aliases":["Wave20"],
"objclass": "SpawnZombiesJitteredWaveActionProps",
"objdata":{
    "AdditionalPlantfood": 0,
    "Zombies": [
        {"Row": "3", "Type": "RTID(tutorial_armor2@ZombieTypes)"},
        {"Row": "1", "Type": "RTID(tutorial_balloon@ZombieTypes)"},
        {"Row": "4", "Type": "RTID(tutorial@ZombieTypes)"},
        {"Row": "3", "Type": "RTID(tutorial_armor1@ZombieTypes)"},
        {"Type": "RTID(tutorial_armor1@ZombieTypes)"},
        {"Type": "RTID(modern_newspaper@ZombieTypes)"},
        {"Type": "RTID(tutorial@ZombieTypes)"},
        {"Type": "RTID(tutorial_armor1@ZombieTypes)"}
    ]
}},

{"aliases":["Wave21"],
"objclass": "SpawnZombiesJitteredWaveActionProps",
"objdata":{
    "AdditionalPlantfood": 0,
    "Zombies": [
        {"Row": "1", "Type": "RTID(ztech_teleporter@CurrentLevel)"},
        {"Row": "4", "Type": "RTID(iceage_troglobite_2block@ZombieTypes)"},
        {"Row": "2", "Type": "RTID(modern_newspaper@ZombieTypes)"},
        {"Type": "RTID(ztech_teleporter@CurrentLevel)"},
        {"Type": "RTID(tutorial_armor1@ZombieTypes)"},
        {"Type": "RTID(tutorial_armor1@ZombieTypes)"}
    ]
}},

{"aliases":["Wave22"],
"objclass": "SpawnZombiesJitteredWaveActionProps",
"objdata":{
    "AdditionalPlantfood": 0,
    "Zombies": [
        {"Row": "4", "Type": "RTID(tutorial_armor2@ZombieTypes)"},
        {"Row": "1", "Type": "RTID(tutorial@ZombieTypes)"},
        {"Row": "3", "Type": "RTID(tutorial@ZombieTypes)"},
        {"Row": "2", "Type": "RTID(tutorial@ZombieTypes)"},
        {"Row": "5", "Type": "RTID(tutorial_imp@ZombieTypes)"},
        {"Type": "RTID(tutorial_armor2@ZombieTypes)"},
        {"Type": "RTID(tutorial_armor1@ZombieTypes)"},
        {"Type": "RTID(tutorial_armor2@ZombieTypes)"},
        {"Type": "RTID(tutorial_imp@ZombieTypes)"},
        {"Type": "RTID(tutorial_armor1@ZombieTypes)"}
    ]
}},

{"aliases":["Wave23"],
"objclass": "SpawnZombiesJitteredWaveActionProps",
"objdata":{
    "AdditionalPlantfood": 0,
    "Zombies": [
        {"Row": "1", "Type": "RTID(ztech_teleporter@CurrentLevel)"},
        {"Row": "2", "Type": "RTID(tutorial_balloon@ZombieTypes)"},
        {"Row": "4", "Type": "RTID(tutorial_armor1@ZombieTypes)"},
        {"Row": "5", "Type": "RTID(tutorial_armor2@ZombieTypes)"},
        {"Type": "RTID(tutorial@ZombieTypes)"},
        {"Type": "RTID(tutorial_balloon@ZombieTypes)"},
        {"Type": "RTID(tutorial_armor2@ZombieTypes)"},
        {"Type": "RTID(tutorial_armor1@ZombieTypes)"},
        {"Type": "RTID(tutorial@ZombieTypes)"}
    ]
}},

{"aliases":["Wave24"],
"objclass": "SpawnZombiesJitteredWaveActionProps",
"objdata":{
    "AdditionalPlantfood": 0,
    "Zombies": [
        {"Row": "1", "Type": "RTID(tutorial_armor1@ZombieTypes)"},
        {"Row": "2", "Type": "RTID(tutorial_gargantuar@ZombieTypes)"},
        {"Row": "4", "Type": "RTID(tutorial_gargantuar@ZombieTypes)"},
        {"Row": "2", "Type": "RTID(iceage_troglobite_2block@ZombieTypes)"},
        {"Row": "5", "Type": "RTID(future_armor2@ZombieTypes)"},
        {"Type": "RTID(ztech_teleporter@CurrentLevel)"},
        {"Type": "RTID(pirate_captain@ZombieTypes)"},
        {"Type": "RTID(ztech_teleporter@CurrentLevel)"},
        {"Type": "RTID(tutorial_armor2@ZombieTypes)"}
    ]
}},
{
            "objclass": "ZombieType",
            "aliases": [
                "ztech_teleporter"
            ],
            "objdata": {
                "TypeName": "carnie_magician",
                "ZombieClass": "ZombieCarnieMagician",
                "Properties": "RTID(ZombieCarnieMagician@.)",
                "ResourceGroups": [
                    "ZombieCarnieDoveGroup",
                    "ZombieWestChickenGroup",
                    "ZombieCarnieMagicianGroup",
                    "ZombieZmechTeleportGroup",
"ZombieFutureBasicGroup"
                ],
                "Comment": " Need to be updated after art integration",
                "AudioGroups": [
                    "ZombieCarnieMagicianAudio"
                ],
                "AnimRigClass": "ZombieAnimRig_FutureBasic",
                "PopAnim": "POPANIM_ZOMBIE_ZOMBIE_FUTURE_BASIC_BRICK",
                "HomeWorld": "rift2",
                "AlmanacBackdropName": "warp",
                "Placeable": true
            }
        },
{
            "aliases": [
                "ZombieCarnieMagician"
            ],
            "objclass": "ZombieCarnieMagicianProps",
            "objdata": {
                "Actions": [
                    "RTID(ZombieCarnieMagicianTeleportActionOther@CurrentLevel)",
                    "RTID(ZombieCarnieMagicianTeleportActionSelf@CurrentLevel)",
                    "RTID(ZombieCarnieMagicianSpawnDove@ZombieActions)"
                ],
                "TeleportOtherStartTime": 999999999999999,
                "TeleportSelfStartTime": 15,
                "DoveSpawnStartTime": 99999999999999999999,
                "TimeBetweenTeleportOther": 9999999999999999,
                "TimeBetweenTeleportSelf": 99999999999999999,
                "TimeBetweenDoveSpawn": 99999999999,
                
                "ImmuneToPlantRestrictionSet": {
                    "List": [
                        "thymewarp",
                        "caulipower",
                        "imppear",
                        "hocus",
                        "witchhazel",
                        "hypnoshroom",
                        "shrinkingviolet",
                        "solarsage",
                        "sporeshroom"
                    ],
                    "ListType": "excludelist"
                },
                "StreetSize": {
                    "x": 3,
                    "y": 2
                },
                "ArtCenter": {
                    "x": 90,
                    "y": 125
                },
                "ShadowOffset": {
                    "x": 10,
                    "y": 0,
                    "z": 1.2
                },
                "AttackRect": {
                    "mHeight": 95,
                    "mWidth": 62,
                    "mX": 10,
                    "mY": 0
                },
                "HitRect": {
                    "mHeight": 95,
                    "mWidth": 62,
                    "mX": 10,
                    "mY": 10
                },
                "CanSpawnPlantFood": true,
                "Cost": 150,
                "EatDPS": 100,
                "GroundTrackName": "ground_swatch",
                "Hitpoints": 400,
                "ScaledProps": [
                    {
                        "Arg1": 1.3,
                        "Arg2": 0.05,
                        "Formula": "standard",
                        "Key": "Hitpoints"
                    },
                    {
                        "Formula": "constant",
                        "Key": "Speed"
                    }
                ],
                "Speed": 0.5,
                "WavePointCost": 900,
                "Weight": 3500,
"ZombieArmorProps": [
                      "RTID(RedYoshiArmor@CurrentLevel)"    
                ],

                "ZombieStats": [
                    {
                        "Type": "toughness",
                        "Value": "toughness5"
                    },
                    {
                        "Type": "speed",
                        "Value": "speed0"
                    }
                ]
            }
        },
{
            "objclass": "ZombieTeleportActionDefinition",
            "aliases": [
                "ZombieCarnieMagicianTeleportActionOther"
            ],
            "objdata": {
                "NumZombies": 1,
                "TilesToAdvance": 2.0,
                "WeightLeftmost": 20,
                "WeightRightmost": 35,
                "WeightRandom": 10,
                "TimeBeforeWarpStart": 0.0,
                "TimeOfWarpOut": 0,
                "TimeZombieIsGone": 0.5,
                "TimeOfWarpIn": 1,
                "Phase": "Attacking",
                "ColumnMin": 4,
                "DelayWarpIn": true,
                "RampUpAnimation": "walk",
                "LoopingAnimation": "",
                "RampDownAnimation": "idle",
                "AnimationSoundFX": "Play_Zomb_Carnival_Magician_Teleport",
                "NoRepeatTargets": true,
                "DoOnlySelfTeleport": false,
                "IgnoreSelfWhileTeleportingOther": true,
                "CanShiftLane": true,
                
                "comment": "Random number between 0 and 'MaxRowShift' is choosen to shift zombies to other lanes",
                "MaxRowShift": 3,
                "ShouldAshOnTeleportError": true,
                "ConditionsRemovedByWarping": [
                    "gummed"
                ],
                "ZombieTargetExcludeList": {
                    "ListType": "excludelist",
                    "List": [
                        "ZombieRomanShield",
                        "ZombieRomanTopShield",
                        "ZombieCamel",
                        "ZombieGargantuar",
                        "ZombieGeneralBase",
                        "ZombieZombossMech",
                        "ZombieCarnieCannon",
                        "ZombiePirateCannon",
                        "ZombieRomanBallista",
                        "ZombieBullVeteran",
                        "ZombieBull",
                        "ZombieTreasureYeti",
                        "ZombieCarnieDove",
                        "ZombiePirateParrot",
                        "ZombieBeachFisherman",
                        "ZombieZcorpRacerProps",
                        "ZombieZCorpConsultant",
                        "ZombieDarkKing"
                    ]
                }
            }
        },
        {
            "objclass": "ZombieTeleportActionDefinition",
            "aliases": [
                "ZombieCarnieMagicianTeleportActionSelf"
            ],
            "objdata": {
                "NumZombies": 1,
                "TilesToAdvance": 2.0,
                "WeightLeftmost": 50,
                "WeightRightmost": 50,
                "WeightRandom": 50,
                "TimeBeforeWarpStart": 0.0,
                "TimeOfWarpOut": 0,
                "TimeZombieIsGone": 0.5,
                "TimeOfWarpIn": 1,
                "Phase": "Attacking",
                "ColumnMin": 4,
                "DelayWarpIn": false,
                "RampUpAnimation": "idle",
                "LoopingAnimation": "",
                "RampDownAnimation": "idle",
                "AnimationSoundFX": "Play_Zomb_Carnival_Magician_Teleport",
                "NoRepeatTargets": true,
                "DoOnlySelfTeleport": true,
                "IgnoreSelfWhileTeleportingOther": false,
                "CanShiftLane": true,
                "comment": "Random number between 0 and 'MaxRowShift' is chosen to shift zombies to other lanes",
                "MaxRowShift": 3,
                "ShouldAshOnTeleportError": true,
                "ConditionsRemovedByWarping": [
                    "gummed"
                ]
            }
        },
{
            "objclass": "ArmorPropertySheet",
            "aliases": [
                "RedYoshiArmor"
            ],
            "objdata": {
                "ArmorType": "Bucket",
                "BaseHealth": 800.0,
                "ArmorFlags": [
                    "damageable",
                    "droppable",
                    "helm",
"metallic"
                ],
                "ArmorLayers": [
                    "zombie_armor_bucket_norm",
                    "zombie_armor_bucket_damage_01",
                    "zombie_armor_bucket_damage_02"
                ],
                "ArmorLayerHealth": [
                    0.666,
                    0.333
                ],
                "ImpactSoundEvent": "Play_impact_shieldhit"
            }
        },
        {}
    ],
    "version": 1
}