{"#comment": "FT-IV: Flourishing Holidays | ELM: Ver-10.2-Pre1 [RFL v1.2]",
"#zombies": "tutorial, tutorial_armor1, tutorial_armor2, foodfight_overstuff, future_jetpack_disco, future_armor2, tutorial_balloon, tutorial_imp, tutorial_gargantuar, modern_newspaper, modern_allstar, stpatrick_ballista, stpatrick_gargantuar, eighties_bass_basic, stpatrick_glitter, feastivus_poncho, feastivus_swashbuckler",
"objects": [{
    "objclass": "LevelDefinition",
    "objdata": {
    "StartingSun": 75,
    "Description": "{PLAYER}'s Flourished Town ",
    "FirstRewardParam": "moneybag",
    "LevelPowerupSet": "LevelPowerupsDisabled",
    "SuppressPlantfoodPurchase": true,
    "DisablePlantBoosts": true,
    "NormalPresentTable": "egypt_normal_01",
    "ShinyPresentTable": "egypt_shiny_01",
    "Loot": "RTID(DefaultLoot@LevelModules)",
    "ResourceGroupNames": [
        "DelayLoad_Background_Beach",
        "DelayLoad_Background_Beach_Compressed",
        "Tombstone_Dark_Special",
        "Tombstone_Dark_Effects"
    ],
    "Modules": [
        "RTID(OffScreenZombiesCoinOverride@LevelModules)",
        "RTID(HolidayMowers@LevelModules)",
        "RTID(StandardIntro@LevelModules)",
        "RTID(ZombieLevelSwaps@CurrentLevel)",
        "RTID(SeedBank@CurrentLevel)",
        "RTID(ChallengeModule@CurrentLevel)",
        "RTID(Escalation@CurrentLevel)",
        "RTID(NewWaves@CurrentLevel)",
        "RTID(ZombiesDeadWinCon@LevelModules)",
        "RTID(DefaultZombieWinCondition@LevelModules)"
    ],
    "Name": "FT-IV: Flourishing Holidays",
    "StageModule": "RTID(XmasNightStage@CurrentLevel)"
}},
{"aliases": ["SeedBank"],
"objclass": "SeedBankProperties",
"objdata": {
    "OverrideSeedSlotsCount": 5,
    "PresetPlantList": [
        
    ],
    "PlantIncludeList": [
        
    ],
    "PlantExcludeList": [
        
    ],
    "SelectionMethod": "chooser"
}},
{"aliases":["ChallengeModule"],
"objclass": "StarChallengeModuleProperties",
"objdata": {
    "Challenges": [[
        "RTID(BeatTheLevel@CurrentLevel)"
    ]],
    "ChallengesAlwaysAvailable": true
}},
{"aliases":["BeatTheLevel"],
"objclass": "StarChallengeBeatTheLevelProps",
"objdata": {
    "Description": "It's nighttime and that means no sun falls from the sky. \n Rule 2 in the READ THIS.txt file doesn't apply this level.\nSurvive with 5 seed slots",
    "DescriptiveName": "Custom Objective"
}},
{"aliases": ["ZombieLevelSwaps"],
"objclass": "LevelDifficultyScalingModuleProperties",
"objdata": {
    "DifficultyRulesType": "RiftDifficulty",
    "ZombieLevelSwaps": [
        {
            "Level": 0,
            "Swaps": [
                {
                    "From": "RTID(future_armor2@ZombieTypes)",
                    "To": [
                         "RTID(ztech_teleporter@.)"
                    ]
                },
                {
                    "From": "RTID(future_jetpack_disco@ZombieTypes)",
                    "To": [
                         "RTID(disco_zombie@.)"
                    ]
                },
                {
                    "From": "RTID(eighties_bass_basic@ZombieTypes)",
                    "To": [
                         "RTID(eighties_bass_c7@ZombieTypes)"
                    ]
                }
            ]
        }
    ]
}},
{"aliases": ["Escalation"],
"objclass": "LevelEscalationModuleProperties",
"objdata": {
    "FlagCount": 2,
    "WavesPerFlag": 12,
    "PlantfoodToSpawnCount": 0,
    "StartingPoints": 0,
    "PointIncrementPerWave": 0,
    "WaveManagerProps": "RTID(WaveManager@CurrentLevel)",
    "ZombiePool": [

    ]
}},
{"aliases": ["NewWaves"],
"objclass": "WaveManagerModuleProperties",
"objdata": {}
},
{"aliases": ["WaveManager"],
"objclass": "WaveManagerProperties",
"objdata": {
    "FlagWaveInterval": 12,
    "WaveCount": 24,
    "SuppressFlagZombie": false,
    "MinNextWaveHealthPercentage": 0.35,
    "MaxNextWaveHealthPercentage": 0.45,
    "ZombieCountdownFirstWaveSecs": 30,
    "ZombieCountdownFirstWaveConveyorSecs": 30,
    "Waves": [
        ["RTID(Wave1@.)"],
        ["RTID(Wave2@.)"],
        ["RTID(Wave3@.)"],
        ["RTID(Wave4@.)"],
        ["RTID(Wave5@.)"],
        ["RTID(Wave6@.)"],
        ["RTID(Wave7@.)"],
        ["RTID(Wave8@.)"],
        ["RTID(Wave9@.)"],
        ["RTID(Wave10@.)"],
        ["RTID(Wave11@.)"],
        ["RTID(Wave12@.)"],
        ["RTID(Wave13@.)"],
        ["RTID(Wave14@.)"],
        ["RTID(Wave15@.)"],
        ["RTID(Wave16@.)"],
        ["RTID(Wave17@.)"],
        ["RTID(Wave18@.)"],
        ["RTID(Wave19@.)"],
        ["RTID(Wave20@.)"],
        ["RTID(Wave21@.)"],
        ["RTID(Wave22@.)"],
        ["RTID(Wave23@.)"],
        ["RTID(Wave24@.)"]
    ]
}},
{"aliases":["Wave1"],
"objclass": "SpawnZombiesJitteredWaveActionProps",
"objdata":{
    "AdditionalPlantfood": 0,
    "Zombies": [
        {"Row": "3", "Type": "RTID(tutorial_imp@ZombieTypes)"}
    ]
}},

{"aliases":["Wave2"],
"objclass": "SpawnZombiesJitteredWaveActionProps",
"objdata":{
    "AdditionalPlantfood": 0,
    "Zombies": [
        {"Type": "RTID(tutorial@ZombieTypes)"}
    ]
}},

{"aliases":["Wave3"],
"objclass": "SpawnZombiesJitteredWaveActionProps",
"objdata":{
    "AdditionalPlantfood": 0,
    "Zombies": [
        {"Type": "RTID(tutorial_imp@ZombieTypes)"},
        {"Type": "RTID(tutorial_imp@ZombieTypes)"}
    ]
}},

{"aliases":["Wave4"],
"objclass": "SpawnZombiesJitteredWaveActionProps",
"objdata":{
    "AdditionalPlantfood": 0,
    "Zombies": [
        {"Row": "2", "Type": "RTID(tutorial_armor1@ZombieTypes)"},
        {"Type": "RTID(tutorial@ZombieTypes)"},
        {"Type": "RTID(tutorial@ZombieTypes)"}
    ]
}},

{"aliases":["Wave5"],
"objclass": "SpawnZombiesJitteredWaveActionProps",
"objdata":{
    "AdditionalPlantfood": 0,
    "Zombies": [
        {"Row": "4", "Type": "RTID(tutorial_armor2@ZombieTypes)"},
        {"Row": "1", "Type": "RTID(tutorial@ZombieTypes)"},
        {"Type": "RTID(tutorial_armor1@ZombieTypes)"},
        {"Type": "RTID(tutorial_imp@ZombieTypes)"}
    ]
}},

{"aliases":["Wave6"],
"objclass": "SpawnZombiesJitteredWaveActionProps",
"objdata":{
    "AdditionalPlantfood": 0,
    "Zombies": [
        {"Row": "2", "Type": "RTID(tutorial@ZombieTypes)"},
        {"Row": "4", "Type": "RTID(tutorial@ZombieTypes)"},
        {"Type": "RTID(tutorial_armor1@ZombieTypes)"},
        {"Type": "RTID(tutorial_armor1@ZombieTypes)"}
    ]
}},

{"aliases":["Wave7"],
"objclass": "SpawnZombiesJitteredWaveActionProps",
"objdata":{
    "AdditionalPlantfood": 0,
    "Zombies": [
        {"Row": "2", "Type": "RTID(tutorial_balloon@ZombieTypes)"},
        {"Row": "4", "Type": "RTID(tutorial_balloon@ZombieTypes)"},
        {"Type": "RTID(tutorial@ZombieTypes)"},
        {"Type": "RTID(tutorial@ZombieTypes)"},
        {"Type": "RTID(tutorial@ZombieTypes)"}
    ]
}},

{"aliases":["Wave8"],
"objclass": "SpawnZombiesJitteredWaveActionProps",
"objdata":{
    "AdditionalPlantfood": 0,
    "Zombies": [
        {"Row": "2", "Type": "RTID(tutorial_armor2@ZombieTypes)"},
        {"Row": "1", "Type": "RTID(tutorial_armor1@ZombieTypes)"},
        {"Row": "4", "Type": "RTID(tutorial_armor1@ZombieTypes)"},
        {"Type": "RTID(future_armor2@ZombieTypes)"},
        {"Type": "RTID(tutorial_armor1@ZombieTypes)"}
    ]
}},

{"aliases":["Wave9"],
"objclass": "SpawnZombiesJitteredWaveActionProps",
"objdata":{
    "AdditionalPlantfood": 0,
    "Zombies": [
        {"Row": "2", "Type": "RTID(tutorial_balloon@ZombieTypes)"},
        {"Row": "1", "Type": "RTID(tutorial@ZombieTypes)"},
        {"Row": "5", "Type": "RTID(tutorial@ZombieTypes)"},
        {"Type": "RTID(tutorial@ZombieTypes)"},
        {"Type": "RTID(tutorial_armor1@ZombieTypes)"}
    ]
}},

{"aliases":["Wave10"],
"objclass": "SpawnZombiesJitteredWaveActionProps",
"objdata":{
    "AdditionalPlantfood": 0,
    "Zombies": [
        {"Row": "1", "Type": "RTID(tutorial@ZombieTypes)"},
        {"Row": "2", "Type": "RTID(modern_newspaper@ZombieTypes)"},
        {"Row": "4", "Type": "RTID(tutorial@ZombieTypes)"},
        {"Type": "RTID(feastivus_poncho@ZombieTypes)"},
        {"Type": "RTID(tutorial_balloon@ZombieTypes)"}
    ]
}},

{"aliases":["Wave11"],
"objclass": "SpawnZombiesJitteredWaveActionProps",
"objdata":{
    "AdditionalPlantfood": 0,
    "Zombies": [
        {"Row": "1", "Type": "RTID(tutorial@ZombieTypes)"},
        {"Row": "2", "Type": "RTID(feastivus_swashbuckler@ZombieTypes)"},
        {"Row": "4", "Type": "RTID(tutorial@ZombieTypes)"},
        {"Type": "RTID(future_armor2@ZombieTypes)"}
    ]
}},

{"aliases":["Wave12"],
"objclass": "SpawnZombiesJitteredWaveActionProps",
"objdata":{
    "AdditionalPlantfood": 1,
    "Zombies": [
        {"Row": "3", "Type": "RTID(future_jetpack_disco@ZombieTypes)"},
        {"Row": "1", "Type": "RTID(tutorial_balloon@ZombieTypes)"},
        {"Row": "5", "Type": "RTID(tutorial_armor1@ZombieTypes)"},
        {"Row": "2", "Type": "RTID(tutorial@ZombieTypes)"},
        {"Row": "4", "Type": "RTID(tutorial_balloon@ZombieTypes)"},
        {"Type": "RTID(future_armor2@ZombieTypes)"},
        {"Type": "RTID(modern_newspaper@ZombieTypes)"}
    ]
}},

{"aliases":["Wave13"],
"objclass": "SpawnZombiesJitteredWaveActionProps",
"objdata":{
    "AdditionalPlantfood": 0,
    "Zombies": [
        {"Row": "3", "Type": "RTID(tutorial_armor2@ZombieTypes)"},
        {"Row": "5", "Type": "RTID(tutorial_balloon@ZombieTypes)"},
        {"Row": "1", "Type": "RTID(tutorial_armor1@ZombieTypes)"},
        {"Type": "RTID(modern_newspaper@ZombieTypes)"},
        {"Type": "RTID(modern_newspaper@ZombieTypes)"}
    ]
}},

{"aliases":["Wave14"],
"objclass": "SpawnZombiesJitteredWaveActionProps",
"objdata":{
    "AdditionalPlantfood": 0,
    "Zombies": [
        {"Row": "3", "Type": "RTID(modern_allstar@ZombieTypes)"},
        {"Row": "5", "Type": "RTID(tutorial@ZombieTypes)"},
        {"Row": "1", "Type": "RTID(tutorial@ZombieTypes)"},
        {"Row": "3", "Type": "RTID(tutorial_armor1@ZombieTypes)"},
        {"Type": "RTID(tutorial_imp@ZombieTypes)"}
    ]
}},

{"aliases":["Wave15"],
"objclass": "SpawnZombiesJitteredWaveActionProps",
"objdata":{
    "AdditionalPlantfood": 0,
    "Zombies": [
        {"Row": "5", "Type": "RTID(future_jetpack_disco@ZombieTypes)"},
        {"Row": "4", "Type": "RTID(tutorial_armor1@ZombieTypes)"},
        {"Row": "1", "Type": "RTID(tutorial_armor1@ZombieTypes)"},
        {"Type": "RTID(eighties_bass_basic@ZombieTypes)"}
    ]
}},

{"aliases":["Wave16"],
"objclass": "SpawnZombiesJitteredWaveActionProps",
"objdata":{
    "AdditionalPlantfood": 0,
    "Zombies": [
        {"Row": "2", "Type": "RTID(stpatrick_glitter@ZombieTypes)"},
        {"Row": "2", "Type": "RTID(tutorial_armor2@ZombieTypes)"},
        {"Row": "5", "Type": "RTID(tutorial_armor1@ZombieTypes)"},
        {"Type": "RTID(tutorial@ZombieTypes)"}
    ]
}},

{"aliases":["Wave17"],
"objclass": "SpawnZombiesJitteredWaveActionProps",
"objdata":{
    "AdditionalPlantfood": 0,
    "Zombies": [
        {"Row": "1", "Type": "RTID(tutorial_armor1@ZombieTypes)"},
        {"Row": "3", "Type": "RTID(foodfight_overstuff@ZombieTypes)"},
        {"Row": "1", "Type": "RTID(stpatrick_ballista@ZombieTypes)"},
        {"Row": "5", "Type": "RTID(tutorial_armor1@ZombieTypes)"},
        {"Type": "RTID(tutorial_armor1@ZombieTypes)"}
    ]
}},

{"aliases":["Wave18"],
"objclass": "SpawnZombiesJitteredWaveActionProps",
"objdata":{
    "AdditionalPlantfood": 0,
    "Zombies": [
        {"Row": "5", "Type": "RTID(tutorial_armor1@ZombieTypes)"},
        {"Row": "4", "Type": "RTID(tutorial_balloon@ZombieTypes)"},
        {"Row": "1", "Type": "RTID(future_jetpack_disco@ZombieTypes)"},
        {"Type": "RTID(tutorial_armor2@ZombieTypes)"},
        {"Type": "RTID(tutorial_armor2@ZombieTypes)"},
        {"Type": "RTID(tutorial_balloon@ZombieTypes)"}
    ]
}},

{"aliases":["Wave19"],
"objclass": "SpawnZombiesJitteredWaveActionProps",
"objdata":{
    "AdditionalPlantfood": 0,
    "Zombies": [
        {"Row": "2", "Type": "RTID(tutorial_armor1@ZombieTypes)"},
        {"Row": "4", "Type": "RTID(modern_allstar@ZombieTypes)"},
        {"Row": "1", "Type": "RTID(modern_newspaper@ZombieTypes)"},
        {"Type": "RTID(tutorial_armor1@ZombieTypes)"},
        {"Type": "RTID(tutorial_armor1@ZombieTypes)"},
        {"Type": "RTID(tutorial_armor1@ZombieTypes)"}
    ]
}},

{"aliases":["Wave20"],
"objclass": "SpawnZombiesJitteredWaveActionProps",
"objdata":{
    "AdditionalPlantfood": 0,
    "Zombies": [
        {"Row": "3", "Type": "RTID(tutorial_gargantuar@ZombieTypes)"},
        {"Row": "1", "Type": "RTID(tutorial_armor2@ZombieTypes)"},
        {"Row": "5", "Type": "RTID(tutorial_armor2@ZombieTypes)"},
        {"Type": "RTID(eighties_bass_basic@ZombieTypes)"},
        {"Type": "RTID(feastivus_poncho@ZombieTypes)"},
        {"Type": "RTID(feastivus_poncho@ZombieTypes)"}
    ]
}},

{"aliases":["Wave21"],
"objclass": "SpawnZombiesJitteredWaveActionProps",
"objdata":{
    "AdditionalPlantfood": 0,
    "Zombies": [
        {"Row": "2", "Type": "RTID(tutorial_armor1@ZombieTypes)"},
        {"Row": "4", "Type": "RTID(future_armor2@ZombieTypes)"},
        {"Row": "1", "Type": "RTID(tutorial_balloon@ZombieTypes)"},
        {"Row": "3", "Type": "RTID(tutorial_armor2@ZombieTypes)"},
        {"Type": "RTID(tutorial_armor1@ZombieTypes)"},
        {"Type": "RTID(tutorial_armor1@ZombieTypes)"},
        {"Type": "RTID(tutorial_armor1@ZombieTypes)"}
    ]
}},

{"aliases":["Wave22"],
"objclass": "SpawnZombiesJitteredWaveActionProps",
"objdata":{
    "AdditionalPlantfood": 0,
    "Zombies": [
        {"Row": "2", "Type": "RTID(future_armor2@ZombieTypes)"},
        {"Row": "4", "Type": "RTID(future_armor2@ZombieTypes)"},
        {"Row": "1", "Type": "RTID(tutorial@ZombieTypes)"},
        {"Type": "RTID(tutorial_balloon@ZombieTypes)"},
        {"Type": "RTID(feastivus_poncho@ZombieTypes)"},
        {"Type": "RTID(tutorial@ZombieTypes)"},
        {"Type": "RTID(stpatrick_glitter@ZombieTypes)"}
    ]
}},

{"aliases":["Wave23"],
"objclass": "SpawnZombiesJitteredWaveActionProps",
"objdata":{
    "AdditionalPlantfood": 0,
    "Zombies": [
        {"Row": "2", "Type": "RTID(stpatrick_glitter@ZombieTypes)"},
        {"Row": "2", "Type": "RTID(tutorial_armor1@ZombieTypes)"},
        {"Row": "5", "Type": "RTID(tutorial_armor1@ZombieTypes)"},
        {"Row": "1", "Type": "RTID(tutorial_armor1@ZombieTypes)"},
        {"Type": "RTID(tutorial_balloon@ZombieTypes)"},
        {"Type": "RTID(future_jetpack_disco@ZombieTypes)"}
    ]
}},

{"aliases":["Wave24"],
"objclass": "SpawnZombiesJitteredWaveActionProps",
"objdata":{
    "AdditionalPlantfood": 1,
    "Zombies": [
        {"Row": "1", "Type": "RTID(tutorial_armor2@ZombieTypes)"},
        {"Row": "3", "Type": "RTID(modern_allstar@ZombieTypes)"},
        {"Row": "5", "Type": "RTID(tutorial_armor1@ZombieTypes)"},
        {"Row": "1", "Type": "RTID(tutorial_balloon@ZombieTypes)"},
        {"Row": "2", "Type": "RTID(tutorial_armor1@ZombieTypes)"},
        {"Row": "3", "Type": "RTID(stpatrick_gargantuar@ZombieTypes)"},
        {"Row": "5", "Type": "RTID(stpatrick_ballista@ZombieTypes)"},
        {"Row": "1", "Type": "RTID(future_jetpack_disco@ZombieTypes)"},
        {"Row": "4", "Type": "RTID(tutorial@ZombieTypes)"},
        {"Row": "4", "Type": "RTID(tutorial_balloon@ZombieTypes)"}
    ]
}},
{
            "objclass": "ZombieType",
            "aliases": [
                "ztech_teleporter"
            ],
            "objdata": {
                "TypeName": "carnie_magician",
                "ZombieClass": "ZombieCarnieMagician",
                "Properties": "RTID(ZombieCarnieMagician@.)",
                "ResourceGroups": [
                    "ZombieCarnieDoveGroup",
                    "ZombieWestChickenGroup",
                    "ZombieCarnieMagicianGroup",
                    "ZombieZmechTeleportGroup",
"ZombieFutureBasicGroup"
                ],
                "Comment": " Need to be updated after art integration",
                "AudioGroups": [
                    "ZombieCarnieMagicianAudio"
                ],
                "AnimRigClass": "ZombieAnimRig_FutureBasic",
                "PopAnim": "POPANIM_ZOMBIE_ZOMBIE_FUTURE_BASIC_BRICK",
                "HomeWorld": "rift2",
                "AlmanacBackdropName": "warp",
                "Placeable": true
            }
        },
{
            "aliases": [
                "ZombieCarnieMagician"
            ],
            "objclass": "ZombieCarnieMagicianProps",
            "objdata": {
                "Actions": [
                    "RTID(ZombieCarnieMagicianTeleportActionOther@CurrentLevel)",
                    "RTID(ZombieCarnieMagicianTeleportActionSelf@CurrentLevel)",
                    "RTID(ZombieCarnieMagicianSpawnDove@ZombieActions)"
                ],
                "TeleportOtherStartTime": 999999999999999,
                "TeleportSelfStartTime": 15,
                "DoveSpawnStartTime": 99999999999999999999,
                "TimeBetweenTeleportOther": 9999999999999999,
                "TimeBetweenTeleportSelf": 99999999999999999,
                "TimeBetweenDoveSpawn": 99999999999,
                
                "ImmuneToPlantRestrictionSet": {
                    "List": [
                        "thymewarp",
                        "caulipower",
                        "imppear",
                        "hocus",
                        "witchhazel",
                        "hypnoshroom",
                        "shrinkingviolet",
                        "solarsage",
                        "sporeshroom"
                    ],
                    "ListType": "excludelist"
                },
                "StreetSize": {
                    "x": 3,
                    "y": 2
                },
                "ArtCenter": {
                    "x": 90,
                    "y": 125
                },
                "ShadowOffset": {
                    "x": 10,
                    "y": 0,
                    "z": 1.2
                },
                "AttackRect": {
                    "mHeight": 95,
                    "mWidth": 62,
                    "mX": 10,
                    "mY": 0
                },
                "HitRect": {
                    "mHeight": 95,
                    "mWidth": 62,
                    "mX": 10,
                    "mY": 10
                },
                "CanSpawnPlantFood": true,
                "Cost": 150,
                "EatDPS": 100,
                "GroundTrackName": "ground_swatch",
                "Hitpoints": 400,
                "ScaledProps": [
                    {
                        "Arg1": 1.3,
                        "Arg2": 0.05,
                        "Formula": "standard",
                        "Key": "Hitpoints"
                    },
                    {
                        "Formula": "constant",
                        "Key": "Speed"
                    }
                ],
                "Speed": 0.5,
                "WavePointCost": 900,
                "Weight": 3500,
"ZombieArmorProps": [
                      "RTID(RedYoshiArmor@CurrentLevel)"    
                ],

                "ZombieStats": [
                    {
                        "Type": "toughness",
                        "Value": "toughness5"
                    },
                    {
                        "Type": "speed",
                        "Value": "speed0"
                    }
                ]
            }
        },
{
            "objclass": "ZombieTeleportActionDefinition",
            "aliases": [
                "ZombieCarnieMagicianTeleportActionOther"
            ],
            "objdata": {
                "NumZombies": 1,
                "TilesToAdvance": 2.0,
                "WeightLeftmost": 20,
                "WeightRightmost": 35,
                "WeightRandom": 10,
                "TimeBeforeWarpStart": 0.0,
                "TimeOfWarpOut": 0,
                "TimeZombieIsGone": 0.5,
                "TimeOfWarpIn": 1,
                "Phase": "Attacking",
                "ColumnMin": 4,
                "DelayWarpIn": true,
                "RampUpAnimation": "walk",
                "LoopingAnimation": "",
                "RampDownAnimation": "idle",
                "AnimationSoundFX": "Play_Zomb_Carnival_Magician_Teleport",
                "NoRepeatTargets": true,
                "DoOnlySelfTeleport": false,
                "IgnoreSelfWhileTeleportingOther": true,
                "CanShiftLane": true,
                
                "comment": "Random number between 0 and 'MaxRowShift' is choosen to shift zombies to other lanes",
                "MaxRowShift": 3,
                "ShouldAshOnTeleportError": true,
                "ConditionsRemovedByWarping": [
                    "gummed"
                ],
                "ZombieTargetExcludeList": {
                    "ListType": "excludelist",
                    "List": [
                        "ZombieRomanShield",
                        "ZombieRomanTopShield",
                        "ZombieCamel",
                        "ZombieGargantuar",
                        "ZombieGeneralBase",
                        "ZombieZombossMech",
                        "ZombieCarnieCannon",
                        "ZombiePirateCannon",
                        "ZombieRomanBallista",
                        "ZombieBullVeteran",
                        "ZombieBull",
                        "ZombieTreasureYeti",
                        "ZombieCarnieDove",
                        "ZombiePirateParrot",
                        "ZombieBeachFisherman",
                        "ZombieZcorpRacerProps",
                        "ZombieZCorpConsultant",
                        "ZombieDarkKing"
                    ]
                }
            }
        },
        {
            "objclass": "ZombieTeleportActionDefinition",
            "aliases": [
                "ZombieCarnieMagicianTeleportActionSelf"
            ],
            "objdata": {
                "NumZombies": 1,
                "TilesToAdvance": 2.0,
                "WeightLeftmost": 50,
                "WeightRightmost": 50,
                "WeightRandom": 50,
                "TimeBeforeWarpStart": 0.0,
                "TimeOfWarpOut": 0,
                "TimeZombieIsGone": 0.5,
                "TimeOfWarpIn": 1,
                "Phase": "Attacking",
                "ColumnMin": 4,
                "DelayWarpIn": false,
                "RampUpAnimation": "idle",
                "LoopingAnimation": "",
                "RampDownAnimation": "idle",
                "AnimationSoundFX": "Play_Zomb_Carnival_Magician_Teleport",
                "NoRepeatTargets": true,
                "DoOnlySelfTeleport": true,
                "IgnoreSelfWhileTeleportingOther": false,
                "CanShiftLane": true,
                "comment": "Random number between 0 and 'MaxRowShift' is chosen to shift zombies to other lanes",
                "MaxRowShift": 3,
                "ShouldAshOnTeleportError": true,
                "ConditionsRemovedByWarping": [
                    "gummed"
                ]
            }
        },
{
            "objclass": "ArmorPropertySheet",
            "aliases": [
                "RedYoshiArmor"
            ],
            "objdata": {
                "ArmorType": "Bucket",
                "BaseHealth": 800.0,
                "ArmorFlags": [
                    "damageable",
                    "droppable",
                    "helm",
"metallic"
                ],
                "ArmorLayers": [
                    "zombie_armor_bucket_norm",
                    "zombie_armor_bucket_damage_01",
                    "zombie_armor_bucket_damage_02"
                ],
                "ArmorLayerHealth": [
                    0.666,
                    0.333
                ],
                "ImpactSoundEvent": "Play_impact_shieldhit"
            }
        },
{
            "objclass": "ZombieType",
            "aliases": [
                "disco_zombie"
            ],
            "objdata": {
                "TypeName": "future_jetpack_disco",
                "ZombieClass": "ZombieCarnieMagician",
                "Properties": "RTID(ZombieDisco@CurrentLevel)",
                 "ResourceGroups": [
                "ZombieFutureMechDiscoGroup"

                ],
                "AudioGroups": [
                    "ZombieFutureJetpackAudio"
                ],
                "AnimRigClass": "ZombieAnimRig_FutureJetpack",
                "PopAnim": "POPANIM_ZOMBIE_ZOMBIE_FUTURE_JETPACK",
                "HomeWorld": "future",
                "Placeable": true
            }
        },
{
            "aliases": [
                "ZombieDisco"
            ],
            "objclass": "ZombieCarnieMagicianProps",
            "objdata": {
                "Actions": [
                    "RTID(ZombieGeneralZmechJetpackSummonPhase1Action@CurrentLevel)"
                ],
                "TeleportOtherStartTime": 10,
                "TeleportSelfStartTime": 999999,
                "DoveSpawnStartTime": 9999999,
                "TimeBetweenTeleportOther": 10,
                "TimeBetweenTeleportSelf": 20,
                "TimeBetweenDoveSpawn": 23,
                "TeleportationFailPercentage": 5,
                "ImmuneToPlantRestrictionSet": {
                    "List": [
                        "thymewarp",
                        "caulipower",
                        "imppear",
                        "hocus",
                        "witchhazel",
                        "hypnoshroom",
                        "shrinkingviolet",
                        "solarsage",
                        "sporeshroom"
                    ],
                    "ListType": "excludelist"
                },
                "StreetSize": {
                    "x": 3,
                    "y": 2
                },
                "ArtCenter": {
                    "x": 90,
                    "y": 125
                },
                "ShadowOffset": {
                    "x": 10,
                    "y": 0,
                    "z": 1.2
                },
                "AttackRect": {
                    "mHeight": 95,
                    "mWidth": 62,
                    "mX": 10,
                    "mY": 0
                },
                "HitRect": {
                    "mHeight": 95,
                    "mWidth": 62,
                    "mX": 10,
                    "mY": 10
                },
                "CanSpawnPlantFood": true,
                "Cost": 150,
                "EatDPS": 100,
                "GroundTrackName": "ground_swatch",
                "Hitpoints": 1250,
                "ScaledProps": [
                    {
                        "Arg1": 1.3,
                        "Arg2": 0.05,
                        "Formula": "standard",
                        "Key": "Hitpoints"
                    },
                    {
                        "Formula": "constant",
                        "Key": "Speed"
                    }
                ],
                "Speed": 0.15,
                "WavePointCost": 900,
                "Weight": 3500,
                "ZombieStats": [
                    {
                        "Type": "toughness",
                        "Value": "toughness5"
                    },
                    {
                        "Type": "speed",
                        "Value": "speed0"
                    }
                ]
            }
        },
{
            "objclass": "ZombieDropZombiesOnBoardActionDefinition",
            "aliases": [
                "ZombieGeneralZmechJetpackSummonPhase1Action"
            ],
            "objdata": {
                "Weight": 0,
                "RepeatMin": 0,
                "RepeatMax": 0,
                "ColumnEnd": "0",
                "ColumnStart": "0",
                "MinSpawn": "4",
                "MaxSpawn": "4",
                "CenterOnInstigator": true,
                "ZombieNames": [
                    "eighties"

                ],
                "ZombieWeights": [
                    25
                ],
                "TimeBeforeSpawn": 1.5,
                "ZombieFallTime": 1.0,
                "Phase": "Attacking",
                "RiseFromGround": "true",
                "RampUpAnimation": "fly_up",
                "LoopingAnimation": "idle",
                "RampDownAnimation": "walk",
                "EffectTypeToShow": ""
            }},
 
  
                
      
           
{"aliases": ["XmasNightStage"],
"objclass": "JoustStageProperties",
"objdata": {
    "ResourceGroupNames": [
        "DelayLoad_Background_Snow_Night",
        "AudioTutorial",
        "Dirt_Spawn_Grass",
        "AudioHoliday",
        "AudioModern",
        "PlantExplodeONutAudio"
    ],
    "GroupsToUnloadForAds": ["DelayLoad_Background_Snow_Night"],
    "StagePrefix": "feastivus",
    "BackgroundResourceGroup": "DelayLoad_Background_Snow_Night",
    "BackgroundImagePrefix": "IMAGE_BACKGROUNDS_SNOW_NIGHT",
    "LevelPowerupSet": "LevelPowerupsDefault",
    "BasicZombieTypeName": "feastivus",
    "FlagZombieTypeName": "feastivus_flag",
    "MusicSuffix": "Holiday",
    "AmbientAudioSuffix": "Amb_Tutorial_Garden_BG_LP",
    "DirtSpawnEffectName": "POPANIM_EFFECTS_DIRT_SPAWN_GRASS",
    "DisabledStreetCells": [
        {"mX": 0, "mY": 0},
        {"mX": 0, "mY": 1},
        {"mX": 0, "mY": 2},
        {"mX": 0, "mY": 3},
        {"mX": 0, "mY": 4},
        {"mX": 0, "mY": 5},
        {"mX": 0, "mY": 6},
        {"mX": 0, "mY": 7},
        {"mX": 0, "mY": 8},
        {"mX": 0, "mY": 9},
        {"mX": 1, "mY": 0},
        {"mX": 1, "mY": 1},
        {"mX": 1, "mY": 2},
        {"mX": 1, "mY": 3},
        {"mX": 1, "mY": 4},
        {"mX": 1, "mY": 5},
        {"mX": 1, "mY": 6},
        {"mX": 1, "mY": 7},
        {"mX": 1, "mY": 8},
        {"mX": 1, "mY": 9},
        {"mX": 2, "mY": 0},
        {"mX": 2, "mY": 1},
        {"mX": 2, "mY": 2},
        {"mX": 2, "mY": 3},
        {"mX": 2, "mY": 4},
        {"mX": 2, "mY": 5},
        {"mX": 2, "mY": 6},
        {"mX": 2, "mY": 7},
        {"mX": 2, "mY": 8},
        {"mX": 2, "mY": 9},
        {"mX": 3, "mY": 9},
        {"mX": 5, "mY": 9},
        {"mX": 7, "mY": 9},
        {"mX": 7, "mY": 8},
        {"mX": 7, "mY": 7},
        {"mX": 8, "mY": 9},
        {"mX": 8, "mY": 8},
        {"mX": 8, "mY": 7}
    ]
}},
        {}
    ],
    "version": 1
}