{"#comment": "FT-IX: BT Gargantuar's Return | ELM: Ver-10.2-Pre1 [RFL v1.2]",
"#zombies": "tutorial, tutorial_armor1, tutorial_armor2, beach_gargantuar, modern_allstar, modern_newspaper, future_armor2, future_jetpack_disco, west_bull, tutorial_balloon, steam_mechanic, dino_eggstealer",
"objects": [{
    "objclass": "LevelDefinition",
    "objdata": {
    "StartingSun": 50,
    "Description": "{PLAYER}'s Flourished Town",
    "FirstRewardParam": "moneybag",
    "LevelPowerupSet": "LevelPowerupsDisabled",
    "SuppressPlantfoodPurchase": true,
    "DisablePlantBoosts": true,
    "NormalPresentTable": "egypt_normal_01",
    "ShinyPresentTable": "egypt_shiny_01",
    "Loot": "RTID(DefaultLoot@LevelModules)",
    "ResourceGroupNames": [
        "DelayLoad_Background_Beach",
        "DelayLoad_Background_Beach_Compressed",
        "Tombstone_Dark_Special",
        "Tombstone_Dark_Effects"
    ],
    "Modules": [
        "RTID(OffScreenZombiesCoinOverride@LevelModules)",
        "RTID(ModernMowers@LevelModules)",
        "RTID(StandardIntro@LevelModules)",
        "RTID(ZombieLevelSwaps@CurrentLevel)",
        "RTID(SeedBank@CurrentLevel)",
        "RTID(DefaultSunDropper@LevelModules)",
        "RTID(ChallengeModule@CurrentLevel)",
        "RTID(Escalation@CurrentLevel)",
        "RTID(NewWaves@CurrentLevel)",
        "RTID(ZombiesDeadWinCon@LevelModules)",
        "RTID(DefaultZombieWinCondition@LevelModules)"
    ],
    "Name": "FT-IX: BT Gargantuar's Return",
    "StageModule": "RTID(ModernStage@.)",
    "MusicType": "MiniGame_A"
}},
{"aliases": ["SeedBank"],
"objclass": "SeedBankProperties",
"objdata": {
    "PresetPlantList": [
        {"PlantType": "sunflower", "Level":-1},
        {"PlantType": "melonpult", "Level":-1},
        {"PlantType": "spikeweed", "Level":-1},
        {"PlantType": "iceburg", "Level":-1},
        {"PlantType": "puffshroom", "Level":-1},
        {"PlantType": "squash", "Level":-1}
    ],
    "SelectionMethod": "preset"
}},
{"aliases":["ChallengeModule"],
"objclass": "StarChallengeModuleProperties",
"objdata": {
    "Challenges": [[
        "RTID(BeatTheLevel@CurrentLevel)"
    ]],
    "ChallengesAlwaysAvailable": true
}},
{"aliases":["BeatTheLevel"],
"objclass": "StarChallengeBeatTheLevelProps",
"objdata": {
    "Description": "Survive the zombie attack with the given plants",
    "DescriptiveName": "Custom Objective"
}},
{"aliases": ["ZombieLevelSwaps"],
"objclass": "LevelDifficultyScalingModuleProperties",
"objdata": {
    "DifficultyRulesType": "RiftDifficulty",
    "ZombieLevelSwaps": [
        {
            "Level": 0,
            "Swaps": [
                {
                    "From": "RTID(future_armor2@ZombieTypes)",
                    "To": [
                         "RTID(ztech_teleporter@.)"
                    ]
                },
                {
                    "From": "RTID(future_jetpack_disco@ZombieTypes)",
                    "To": [
                         "RTID(disco_zombie@.)"
                    ]
                },
                {
                    "From": "RTID(beach_gargantuar@ZombieTypes)",
                    "To": [
                         "RTID(deepsea@.)"
                    ]
                }
            ]
        }
    ]
}},
{"aliases": ["Escalation"],
"objclass": "LevelEscalationModuleProperties",
"objdata": {
    "FlagCount": 2,
    "WavesPerFlag": 8,
    "PlantfoodToSpawnCount": 0,
    "StartingPoints": 0,
    "PointIncrementPerWave": 0,
    "WaveManagerProps": "RTID(WaveManager@CurrentLevel)",
    "ZombiePool": [
        "RTID(tutorial@ZombieTypes)"
    ]
}},
{"aliases": ["NewWaves"],
"objclass": "WaveManagerModuleProperties",
"objdata": {}
},
{"aliases": ["WaveManager"],
"objclass": "WaveManagerProperties",
"objdata": {
    "FlagWaveInterval": 8,
    "WaveCount": 16,
    "SuppressFlagZombie": false,
    "MinNextWaveHealthPercentage": 0.35,
    "MaxNextWaveHealthPercentage": 0.45,
    "Waves": [
        ["RTID(Wave1@.)"],
        ["RTID(Wave2@.)"],
        ["RTID(Wave3@.)"],
        ["RTID(Wave4@.)"],
        ["RTID(Wave5@.)"],
        ["RTID(Wave6@.)"],
        ["RTID(Wave7@.)"],
        ["RTID(Wave8@.)"],
        ["RTID(Wave9@.)"],
        ["RTID(Wave10@.)"],
        ["RTID(Wave11@.)"],
        ["RTID(Wave12@.)"],
        ["RTID(Wave13@.)"],
        ["RTID(Wave14@.)"],
        ["RTID(Wave15@.)"],
        ["RTID(Wave16@.)"]
    ]
}},
{"aliases":["Wave1"],
"objclass": "SpawnZombiesJitteredWaveActionProps",
"objdata":{
    "AdditionalPlantfood": 0,
    "Zombies": [
        {"Row": "1", "Type": "RTID(tutorial@ZombieTypes)"},
        {"Type": "RTID(tutorial@ZombieTypes)"}
    ]
}},

{"aliases":["Wave2"],
"objclass": "SpawnZombiesJitteredWaveActionProps",
"objdata":{
    "AdditionalPlantfood": 0,
    "Zombies": [
        {"Type": "RTID(tutorial@ZombieTypes)"},
        {"Type": "RTID(tutorial@ZombieTypes)"}
    ]
}},

{"aliases":["Wave3"],
"objclass": "SpawnZombiesJitteredWaveActionProps",
"objdata":{
    "AdditionalPlantfood": 0,
    "Zombies": [
        {"Type": "RTID(tutorial_armor1@ZombieTypes)"}
    ]
}},

{"aliases":["Wave4"],
"objclass": "SpawnZombiesJitteredWaveActionProps",
"objdata":{
    "AdditionalPlantfood": 1,
    "Zombies": [
        {"Type": "RTID(tutorial_armor1@ZombieTypes)"},
        {"Type": "RTID(tutorial_armor1@ZombieTypes)"}
    ]
}},

{"aliases":["Wave5"],
"objclass": "SpawnZombiesJitteredWaveActionProps",
"objdata":{
    "AdditionalPlantfood": 0,
    "Zombies": [
        {"Type": "RTID(tutorial_armor2@ZombieTypes)"}
    ]
}},

{"aliases":["Wave6"],
"objclass": "SpawnZombiesJitteredWaveActionProps",
"objdata":{
    "AdditionalPlantfood": 0,
    "Zombies": [
        {"Type": "RTID(tutorial_balloon@ZombieTypes)"},
        {"Type": "RTID(tutorial@ZombieTypes)"},
        {"Type": "RTID(tutorial@ZombieTypes)"}
    ]
}},

{"aliases":["Wave7"],
"objclass": "SpawnZombiesJitteredWaveActionProps",
"objdata":{
    "AdditionalPlantfood": 0,
    "Zombies": [
        {"Type": "RTID(tutorial_balloon@ZombieTypes)"},
        {"Type": "RTID(tutorial_balloon@ZombieTypes)"}
    ]
}},

{"aliases":["Wave8"],
"objclass": "SpawnZombiesJitteredWaveActionProps",
"objdata":{
    "AdditionalPlantfood": 0,
    "Zombies": [
        {"Row": "2", "Type": "RTID(west_bull@ZombieTypes)"},
        {"Type": "RTID(tutorial_armor2@ZombieTypes)"},
        {"Type": "RTID(modern_newspaper@ZombieTypes)"},
        {"Type": "RTID(modern_allstar@ZombieTypes)"},
        {"Type": "RTID(tutorial_balloon@ZombieTypes)"},
        {"Type": "RTID(tutorial_armor2@ZombieTypes)"}
    ]
}},

{"aliases":["Wave9"],
"objclass": "SpawnZombiesJitteredWaveActionProps",
"objdata":{
    "AdditionalPlantfood": 0,
    "Zombies": [
        {"Type": "RTID(tutorial_armor1@ZombieTypes)"},
        {"Type": "RTID(modern_newspaper@ZombieTypes)"},
        {"Type": "RTID(future_armor2@ZombieTypes)"}
    ]
}},

{"aliases":["Wave10"],
"objclass": "SpawnZombiesJitteredWaveActionProps",
"objdata":{
    "AdditionalPlantfood": 1,
    "Zombies": [
        {"Type": "RTID(modern_allstar@ZombieTypes)"},
        {"Type": "RTID(future_jetpack_disco@ZombieTypes)"},
        {"Type": "RTID(future_jetpack_disco@ZombieTypes)"}
    ]
}},

{"aliases":["Wave11"],
"objclass": "SpawnZombiesJitteredWaveActionProps",
"objdata":{
    "AdditionalPlantfood": 0,
    "Zombies": [
        {"Type": "RTID(steam_mechanic@ZombieTypes)"},
        {"Type": "RTID(dino_eggstealer@ZombieTypes)"}
    ]
}},

{"aliases":["Wave12"],
"objclass": "SpawnZombiesJitteredWaveActionProps",
"objdata":{
    "AdditionalPlantfood": 0,
    "Zombies": [
        {"Type": "RTID(west_bull@ZombieTypes)"},
        {"Type": "RTID(future_armor2@ZombieTypes)"},
        {"Type": "RTID(west_bull@ZombieTypes)"}
    ]
}},

{"aliases":["Wave13"],
"objclass": "SpawnZombiesJitteredWaveActionProps",
"objdata":{
    "AdditionalPlantfood": 0,
    "Zombies": [
        {"Type": "RTID(tutorial_armor2@ZombieTypes)"},
        {"Type": "RTID(tutorial_armor1@ZombieTypes)"},
        {"Type": "RTID(tutorial_armor2@ZombieTypes)"}
    ]
}},

{"aliases":["Wave14"],
"objclass": "SpawnZombiesJitteredWaveActionProps",
"objdata":{
    "AdditionalPlantfood": 0,
    "Zombies": [
        {"Row": "2", "Type": "RTID(modern_newspaper@ZombieTypes)"},
        {"Type": "RTID(future_armor2@ZombieTypes)"},
        {"Type": "RTID(modern_newspaper@ZombieTypes)"},
        {"Type": "RTID(tutorial_armor2@ZombieTypes)"}
    ]
}},

{"aliases":["Wave15"],
"objclass": "SpawnZombiesJitteredWaveActionProps",
"objdata":{
    "AdditionalPlantfood": 0,
    "Zombies": [
        {"Type": "RTID(dino_eggstealer@ZombieTypes)"},
        {"Type": "RTID(tutorial@ZombieTypes)"},
        {"Type": "RTID(tutorial_armor1@ZombieTypes)"},
        {"Type": "RTID(steam_mechanic@ZombieTypes)"},
        {"Type": "RTID(steam_mechanic@ZombieTypes)"}
    ]
}},

{"aliases":["Wave16"],
"objclass": "SpawnZombiesJitteredWaveActionProps",
"objdata":{
    "AdditionalPlantfood": 0,
    "Zombies": [
        {"Row": "2", "Type": "RTID(beach_gargantuar@ZombieTypes)"},
        {"Row": "4", "Type": "RTID(beach_gargantuar@ZombieTypes)"},
        {"Type": "RTID(modern_allstar@ZombieTypes)"},
        {"Type": "RTID(future_jetpack_disco@ZombieTypes)"},
        {"Type": "RTID(modern_newspaper@ZombieTypes)"},
        {"Type": "RTID(future_jetpack_disco@ZombieTypes)"},
        {"Type": "RTID(west_bull@ZombieTypes)"},
        {"Type": "RTID(west_bull@ZombieTypes)"}
    ]
}},
{
            "objclass": "ZombieType",
            "aliases": [
                "ztech_teleporter"
            ],
            "objdata": {
                "TypeName": "carnie_magician",
                "ZombieClass": "ZombieCarnieMagician",
                "Properties": "RTID(ZombieCarnieMagician@.)",
                "ResourceGroups": [
                    "ZombieCarnieDoveGroup",
                    "ZombieWestChickenGroup",
                    "ZombieCarnieMagicianGroup",
                    "ZombieZmechTeleportGroup",
"ZombieFutureBasicGroup"
                ],
                "Comment": " Need to be updated after art integration",
                "AudioGroups": [
                    "ZombieCarnieMagicianAudio"
                ],
                "AnimRigClass": "ZombieAnimRig_FutureBasic",
                "PopAnim": "POPANIM_ZOMBIE_ZOMBIE_FUTURE_BASIC_BRICK",
                "HomeWorld": "rift2",
                "AlmanacBackdropName": "warp",
                "Placeable": true
            }
        },
{
            "aliases": [
                "ZombieCarnieMagician"
            ],
            "objclass": "ZombieCarnieMagicianProps",
            "objdata": {
                "Actions": [
                    "RTID(ZombieCarnieMagicianTeleportActionOther@CurrentLevel)",
                    "RTID(ZombieCarnieMagicianTeleportActionSelf@CurrentLevel)",
                    "RTID(ZombieCarnieMagicianSpawnDove@ZombieActions)"
                ],
                "TeleportOtherStartTime": 999999999999999,
                "TeleportSelfStartTime": 15,
                "DoveSpawnStartTime": 99999999999999999999,
                "TimeBetweenTeleportOther": 9999999999999999,
                "TimeBetweenTeleportSelf": 99999999999999999,
                "TimeBetweenDoveSpawn": 99999999999,
                
                "ImmuneToPlantRestrictionSet": {
                    "List": [
                        "thymewarp",
                        "caulipower",
                        "imppear",
                        "hocus",
                        "witchhazel",
                        "hypnoshroom",
                        "shrinkingviolet",
                        "solarsage",
                        "sporeshroom"
                    ],
                    "ListType": "excludelist"
                },
                "StreetSize": {
                    "x": 3,
                    "y": 2
                },
                "ArtCenter": {
                    "x": 90,
                    "y": 125
                },
                "ShadowOffset": {
                    "x": 10,
                    "y": 0,
                    "z": 1.2
                },
                "AttackRect": {
                    "mHeight": 95,
                    "mWidth": 62,
                    "mX": 10,
                    "mY": 0
                },
                "HitRect": {
                    "mHeight": 95,
                    "mWidth": 62,
                    "mX": 10,
                    "mY": 10
                },
                "CanSpawnPlantFood": true,
                "Cost": 150,
                "EatDPS": 100,
                "GroundTrackName": "ground_swatch",
                "Hitpoints": 400,
                "ScaledProps": [
                    {
                        "Arg1": 1.3,
                        "Arg2": 0.05,
                        "Formula": "standard",
                        "Key": "Hitpoints"
                    },
                    {
                        "Formula": "constant",
                        "Key": "Speed"
                    }
                ],
                "Speed": 0.5,
                "WavePointCost": 900,
                "Weight": 3500,
"ZombieArmorProps": [
                      "RTID(RedYoshiArmor@CurrentLevel)"    
                ],

                "ZombieStats": [
                    {
                        "Type": "toughness",
                        "Value": "toughness5"
                    },
                    {
                        "Type": "speed",
                        "Value": "speed0"
                    }
                ]
            }
        },
{
            "objclass": "ZombieTeleportActionDefinition",
            "aliases": [
                "ZombieCarnieMagicianTeleportActionOther"
            ],
            "objdata": {
                "NumZombies": 1,
                "TilesToAdvance": 2.0,
                "WeightLeftmost": 20,
                "WeightRightmost": 35,
                "WeightRandom": 10,
                "TimeBeforeWarpStart": 0.0,
                "TimeOfWarpOut": 0,
                "TimeZombieIsGone": 0.5,
                "TimeOfWarpIn": 1,
                "Phase": "Attacking",
                "ColumnMin": 4,
                "DelayWarpIn": true,
                "RampUpAnimation": "walk",
                "LoopingAnimation": "",
                "RampDownAnimation": "idle",
                "AnimationSoundFX": "Play_Zomb_Carnival_Magician_Teleport",
                "NoRepeatTargets": true,
                "DoOnlySelfTeleport": false,
                "IgnoreSelfWhileTeleportingOther": true,
                "CanShiftLane": true,
                
                "comment": "Random number between 0 and 'MaxRowShift' is choosen to shift zombies to other lanes",
                "MaxRowShift": 3,
                "ShouldAshOnTeleportError": true,
                "ConditionsRemovedByWarping": [
                    "gummed"
                ],
                "ZombieTargetExcludeList": {
                    "ListType": "excludelist",
                    "List": [
                        "ZombieRomanShield",
                        "ZombieRomanTopShield",
                        "ZombieCamel",
                        "ZombieGargantuar",
                        "ZombieGeneralBase",
                        "ZombieZombossMech",
                        "ZombieCarnieCannon",
                        "ZombiePirateCannon",
                        "ZombieRomanBallista",
                        "ZombieBullVeteran",
                        "ZombieBull",
                        "ZombieTreasureYeti",
                        "ZombieCarnieDove",
                        "ZombiePirateParrot",
                        "ZombieBeachFisherman",
                        "ZombieZcorpRacerProps",
                        "ZombieZCorpConsultant",
                        "ZombieDarkKing"
                    ]
                }
            }
        },
        {
            "objclass": "ZombieTeleportActionDefinition",
            "aliases": [
                "ZombieCarnieMagicianTeleportActionSelf"
            ],
            "objdata": {
                "NumZombies": 1,
                "TilesToAdvance": 2.0,
                "WeightLeftmost": 50,
                "WeightRightmost": 50,
                "WeightRandom": 50,
                "TimeBeforeWarpStart": 0.0,
                "TimeOfWarpOut": 0,
                "TimeZombieIsGone": 0.5,
                "TimeOfWarpIn": 1,
                "Phase": "Attacking",
                "ColumnMin": 4,
                "DelayWarpIn": false,
                "RampUpAnimation": "idle",
                "LoopingAnimation": "",
                "RampDownAnimation": "idle",
                "AnimationSoundFX": "Play_Zomb_Carnival_Magician_Teleport",
                "NoRepeatTargets": true,
                "DoOnlySelfTeleport": true,
                "IgnoreSelfWhileTeleportingOther": false,
                "CanShiftLane": true,
                "comment": "Random number between 0 and 'MaxRowShift' is chosen to shift zombies to other lanes",
                "MaxRowShift": 3,
                "ShouldAshOnTeleportError": true,
                "ConditionsRemovedByWarping": [
                    "gummed"
                ]
            }
        },
{
            "objclass": "ArmorPropertySheet",
            "aliases": [
                "RedYoshiArmor"
            ],
            "objdata": {
                "ArmorType": "Bucket",
                "BaseHealth": 800.0,
                "ArmorFlags": [
                    "damageable",
                    "droppable",
                    "helm",
"metallic"
                ],
                "ArmorLayers": [
                    "zombie_armor_bucket_norm",
                    "zombie_armor_bucket_damage_01",
                    "zombie_armor_bucket_damage_02"
                ],
                "ArmorLayerHealth": [
                    0.666,
                    0.333
                ],
                "ImpactSoundEvent": "Play_impact_shieldhit"
            }
        },
{
            "objclass": "ZombieType",
            "aliases": [
                "disco_zombie"
            ],
            "objdata": {
                "TypeName": "future_jetpack_disco",
                "ZombieClass": "ZombieCarnieMagician",
                "Properties": "RTID(ZombieDisco@CurrentLevel)",
                 "ResourceGroups": [
                "ZombieFutureMechDiscoGroup"

                ],
                "AudioGroups": [
                    "ZombieFutureJetpackAudio"
                ],
                "AnimRigClass": "ZombieAnimRig_FutureJetpack",
                "PopAnim": "POPANIM_ZOMBIE_ZOMBIE_FUTURE_JETPACK",
                "HomeWorld": "future",
                "Placeable": true
            }
        },
{
            "aliases": [
                "ZombieDisco"
            ],
            "objclass": "ZombieCarnieMagicianProps",
            "objdata": {
                "Actions": [
                    "RTID(ZombieGeneralZmechJetpackSummonPhase1Action@CurrentLevel)"
                ],
                "TeleportOtherStartTime": 10,
                "TeleportSelfStartTime": 999999,
                "DoveSpawnStartTime": 9999999,
                "TimeBetweenTeleportOther": 10,
                "TimeBetweenTeleportSelf": 20,
                "TimeBetweenDoveSpawn": 23,
                "TeleportationFailPercentage": 5,
                "ImmuneToPlantRestrictionSet": {
                    "List": [
                        "thymewarp",
                        "caulipower",
                        "imppear",
                        "hocus",
                        "witchhazel",
                        "hypnoshroom",
                        "shrinkingviolet",
                        "solarsage",
                        "sporeshroom"
                    ],
                    "ListType": "excludelist"
                },
                "StreetSize": {
                    "x": 3,
                    "y": 2
                },
                "ArtCenter": {
                    "x": 90,
                    "y": 125
                },
                "ShadowOffset": {
                    "x": 10,
                    "y": 0,
                    "z": 1.2
                },
                "AttackRect": {
                    "mHeight": 95,
                    "mWidth": 62,
                    "mX": 10,
                    "mY": 0
                },
                "HitRect": {
                    "mHeight": 95,
                    "mWidth": 62,
                    "mX": 10,
                    "mY": 10
                },
                "CanSpawnPlantFood": true,
                "Cost": 150,
                "EatDPS": 100,
                "GroundTrackName": "ground_swatch",
                "Hitpoints": 1250,
                "ScaledProps": [
                    {
                        "Arg1": 1.3,
                        "Arg2": 0.05,
                        "Formula": "standard",
                        "Key": "Hitpoints"
                    },
                    {
                        "Formula": "constant",
                        "Key": "Speed"
                    }
                ],
                "Speed": 0.15,
                "WavePointCost": 900,
                "Weight": 3500,
                "ZombieStats": [
                    {
                        "Type": "toughness",
                        "Value": "toughness5"
                    },
                    {
                        "Type": "speed",
                        "Value": "speed0"
                    }
                ]
            }
        },
{
            "objclass": "ZombieDropZombiesOnBoardActionDefinition",
            "aliases": [
                "ZombieGeneralZmechJetpackSummonPhase1Action"
            ],
            "objdata": {
                "Weight": 0,
                "RepeatMin": 0,
                "RepeatMax": 0,
                "ColumnEnd": "0",
                "ColumnStart": "0",
                "MinSpawn": "4",
                "MaxSpawn": "4",
                "CenterOnInstigator": true,
                "ZombieNames": [
                    "eighties"

                ],
                "ZombieWeights": [
                    25
                ],
                "TimeBeforeSpawn": 1.5,
                "ZombieFallTime": 1.0,
                "Phase": "Attacking",
                "RiseFromGround": "true",
                "RampUpAnimation": "fly_up",
                "LoopingAnimation": "idle",
                "RampDownAnimation": "walk",
                "EffectTypeToShow": ""
            }},
{
                        "objclass": "ZombieType",
                        "aliases": [
                                "deepsea"
                        ],
                        "objdata": {
                                "TypeName": "eighties_gargantuar",
                                "ZombieClass": "ZombieEightiesGargantuar",
                                "Properties": "RTID(ZombieDeepSeaGargantuar@CurrentLevel)",
                                "ResourceGroups": [
					"ZombieBeachGargantuarGroup",
					"ZombieBeachImpGroup",
					"ZombieGargantuarEffects"
                                ],
                                "AudioGroups": [
                                        "ZombieGlobalGargantuarAudio",
					"ZombieBeachGargantuarAudio",
                                        "ZombieEightiesGargantuarAudio"
                                ],
                                "AnimRigClass": "ZombieAnimRig_EightiesGargantuar",
                                "PopAnim": "POPANIM_ZOMBIE_BEACH_GARGANTUAR",
                                "HomeWorld": "tutorial"
                        }
                },
                {
                        "aliases": [
                                "ZombieDeepSeaGargantuar"
                        ],
                        "objclass": "ZombieEightiesGargantuarProps",
                        "objdata": {
                                "AlmanacOffset": {
                                        "x": 20,
                                        "y": 70
                                },
                                "AlmanacScale": 0.8,
                                "ArbitrarySmashDelay": 4,
                                "ArbitrarySmashDelayVariance": 1.5,
                                "ArmDropFraction": -1,
                                "ArtCenter": {
                                        "x": 90,
                                        "y": 125
                                },
                                "AttackRect": {
                                        "mHeight": 95,
                                        "mWidth": 30,
                                        "mX": 0,
                                        "mY": 10
                                },
                                "CanBeFlickedOff": false,
                                "CanSpawnPlantFood": false,
                                "Cost": 150,
                                "EatDPS": 0,
                                "ExplodesWhenMowed": true,
                                "FlickIsLaneRestricted": true,
                                "GroundTrackName": "ground_swatch",
                                "HealthThresholdToImpAmmoLayers": [],
                                "HitRect": {
                                        "mHeight": 95,
                                        "mWidth": 62,
                                        "mX": 10,
                                        "mY": 10
                                },
                                "Hitpoints": 4000,
                                "HypnoshroomEffectOffset": {
                                        "x": 0,
                                        "y": 120
                                },
                                "ImpApex": 250,
                                "ImpFlightTime": 1.5,
                                "ImpSpawnOffset": {
                                        "x": -100,
                                        "y": 2,
                                        "z": 115
                                },
                                "ImpTargetColumn": 3,
                                "ImpType": "beach_imp",
                                "IsValidPinchTarget": false,
                                "JamStyle": "jam_metal",
                                "MinPosXThrowImp": 400,
                                "ScaledProps": [
                                        {
                                                "Arg1": 1.3,
                                                "Arg2": 0.05,
                                                "Formula": "standard",
                                                "Key": "Hitpoints"
                                        },
                                        {
                                                "Arg1": 1.3,
                                                "Arg2": 0.05,
                                                "Formula": "standard",
                                                "Key": "EatDPS"
                                        },
                                        {
                                                "Formula": "constant",
                                                "Key": "Speed"
                                        },
                                        {
                                                "Formula": "constant",
                                                "Key": "WavePointCost"
                                        },
                                        {
                                                "Arg1": 1.3,
                                                "Arg2": 0.05,
                                                "Formula": "standard",
                                                "Key": "SmashDamage"
                                        }
                                ],
                                "ShadowOffset": {
                                        "x": 5,
                                        "y": 0,
                                        "z": 1.4
                                },
                                "ShockWaveSpawnOffset": {
                                        "x": -50,
                                        "y": -20
                                },
                                "Size": "large",
                                "SkipHeadDropState": false,
                                "SmashDamage": 1500,
                                "SmashDuration": 2,
                                "SoundOnAsh": "Play_Zomb_Global_Gargantuar_Mvmt_Death_Ash",
                                "SoundOnElectrocute": "Play_Zomb_Global_Gargantuar_Mvmt_Shock",
                                "SoundOnIdle": "Play_Zomb_Egypt_Gargantuar_Mvmt_Idle",
                                "Speed": 0.12,
                                "StaticArtImageAsset": "IMAGE_GARGANTUAR",
                                "ThrowImpDuration": 1,
"HealthPercentThrowImp": -1,
                                "WavePointCost": 2000,
                                "Weight": 3000,
                                "ZombieStats": [
                                        {
                                                "Type": "toughness",
                                                "Value": "toughness7"
                                        },
                                        {
                                                "Type": "speed",
                                                "Value": "speed3"
                                        }
                                ]
                        }
                },
{"aliases": ["ModernStage"],
"objclass": "JoustStageProperties",
"objdata": {
    "ResourceGroupNames": [
        "DelayLoad_Background_Modern_Compressed",
        "Dirt_Spawn_Grass",
        "AudioModern",
        "ModernGroansAudio"
    ],
    "GroupsToUnloadForAds": ["DelayLoad_Background_Modern_Compressed"],
    "StagePrefix": "modern",
    "BackgroundResourceGroup": "DelayLoad_Background_Modern_Compressed",
    "BackgroundImagePrefix": "IMAGE_BACKGROUNDS_MODERN",
    "LevelPowerupSet": "LevelPowerupsDefault",
    "BasicZombieTypeName": "tutorial",
    "FlagZombieTypeName": "tutorial_flag",
    "FlagVeteranZombieTypeNames": ["tutorial_flag_veteran"],
    "Armor1ZombieTypeName": "tutorial_armor1",
    "Armor2ZombieTypeName": "tutorial_armor2",
    "RailcartDefaultTypeName": "railcart_egypt",
    "GravestoneDefaultTypeName": "gravestone_tutorial",
    "DirtSpawnEffectName": "POPANIM_EFFECTS_DIRT_SPAWN_GRASS",
    "MusicSuffix": "Modern",
    "DisabledStreetCells": [
        {"mX": 0, "mY": 0},
        {"mX": 0, "mY": 1},
        {"mX": 0, "mY": 2},
        {"mX": 0, "mY": 3},
        {"mX": 0, "mY": 4},
        {"mX": 0, "mY": 5},
        {"mX": 0, "mY": 6},
        {"mX": 0, "mY": 7},
        {"mX": 0, "mY": 8},
        {"mX": 0, "mY": 9},
        {"mX": 1, "mY": 0},
        {"mX": 1, "mY": 1},
        {"mX": 1, "mY": 2},
        {"mX": 1, "mY": 3},
        {"mX": 1, "mY": 4},
        {"mX": 1, "mY": 5},
        {"mX": 1, "mY": 6},
        {"mX": 1, "mY": 7},
        {"mX": 1, "mY": 8},
        {"mX": 1, "mY": 9},
        {"mX": 2, "mY": 0},
        {"mX": 2, "mY": 1},
        {"mX": 2, "mY": 2},
        {"mX": 2, "mY": 3},
        {"mX": 2, "mY": 4},
        {"mX": 2, "mY": 5},
        {"mX": 2, "mY": 6},
        {"mX": 2, "mY": 7},
        {"mX": 2, "mY": 8},
        {"mX": 2, "mY": 9},
        {"mX": 5, "mY": 9},
        {"mX": 6, "mY": 0},
        {"mX": 6, "mY": 1},
        {"mX": 6, "mY": 2},
        {"mX": 6, "mY": 3},
        {"mX": 6, "mY": 4},
        {"mX": 6, "mY": 5},
        {"mX": 6, "mY": 6},
        {"mX": 6, "mY": 7},
        {"mX": 6, "mY": 8},
        {"mX": 6, "mY": 9},
        {"mX": 7, "mY": 0},
        {"mX": 7, "mY": 6},
        {"mX": 7, "mY": 7},
        {"mX": 7, "mY": 8},
        {"mX": 7, "mY": 9},
        {"mX": 8, "mY": 0},
        {"mX": 8, "mY": 6},
        {"mX": 8, "mY": 7},
        {"mX": 8, "mY": 8},
        {"mX": 8, "mY": 9}
    ]
}},
        {}
    ],
    "version": 1
}