{"#comment": "FT-VII: Yoshi's Flower Garden  | ELM: Ver-10.2-Pre1 [RFL v1.2]",
"#zombies": "tutorial, tutorial_armor1, tutorial_armor2, dino_armor3, future_armor2, dino_pterry, dino_bully_veteran, dino, dino_armor1, dino_armor2, future_jetpack, modern_allstar, tutorial_balloon, dark_imp_dragon, future_jetpack_disco, halloween_breakdancer",
"objects": [{
    "objclass": "LevelDefinition",
    "objdata": {
    "StartingSun": 50,
    "Description": "{PLAYER}'s Beautiful Town ",
    "FirstRewardParam": "moneybag",
    "LevelPowerupSet": "LevelPowerupsDisabled",
    "SuppressPlantfoodPurchase": true,
    "DisablePlantBoosts": true,
    "NormalPresentTable": "egypt_normal_01",
    "ShinyPresentTable": "egypt_shiny_01",
    "Loot": "RTID(DefaultLoot@LevelModules)",
    "ResourceGroupNames": [
        "DelayLoad_Background_Beach",
        "DelayLoad_Background_Beach_Compressed",
        "Tombstone_Dark_Special",
        "Tombstone_Dark_Effects"
    ],
    "Modules": [
        "RTID(OffScreenZombiesCoinOverride@LevelModules)",
        "RTID(DinoMowers@LevelModules)",
        "RTID(StandardIntro@LevelModules)",
        "RTID(GI@CurrentLevel)",
        "RTID(ZombieLevelSwaps@CurrentLevel)",
        "RTID(SeedBank@CurrentLevel)",
        "RTID(DefaultSunDropper@LevelModules)",
        "RTID(ChallengeModule@CurrentLevel)",
        "RTID(Escalation@CurrentLevel)",
        "RTID(NewWaves@CurrentLevel)",
        "RTID(ZombiesDeadWinCon@LevelModules)",
        "RTID(DefaultZombieWinCondition@LevelModules)"
    ],
    "Name": "FT-VII: Yoshi's Flower Garden ",
    "StageModule": "RTID(DinoStage@LevelModules)",
    "MusicType": "MiniGame_B"
}},
{"aliases": ["SeedBank"],
"objclass": "SeedBankProperties",
"objdata": {
    "PresetPlantList": [
        
    ],
    "PlantIncludeList": [
        
    ],
    "PlantExcludeList": [
        
    ],
    "SelectionMethod": "chooser"
}},
{"aliases":["ChallengeModule"],
"objclass": "StarChallengeModuleProperties",
"objdata": {
    "Challenges": [[
        "RTID(FlowerLine@CurrentLevel)"
    ]],
    "ChallengesAlwaysAvailable": true
}},
{"aliases":["FlowerLine"],
"objclass": "StarChallengeZombieDistanceProps",
"objdata": { "TargetDistance": 3.0 }
},
{"aliases":["GI"],
"objclass":"InitialGridItemProperties",
"objdata":{
    "InitialGridItemPlacements": [
        {"GridX": 3, "GridY": 0, "TypeName":"tar"},
        {"GridX": 7, "GridY": 0, "TypeName":"tar"},
        {"GridX": 5, "GridY": 2, "TypeName":"tar"}
    ]
}},
{"aliases": ["ZombieLevelSwaps"],
"objclass": "LevelDifficultyScalingModuleProperties",
"objdata": {
    "DifficultyRulesType": "RiftDifficulty",
    "ZombieLevelSwaps": [
        {
            "Level": 0,
            "Swaps": [
                {
                    "From": "RTID(future_armor2@ZombieTypes)",
                    "To": [
                         "RTID(ztech_teleporter@.)"
                    ]
                },
                {
                    "From": "RTID(future_jetpack_disco@ZombieTypes)",
                    "To": [
                         "RTID(disco_zombie@.)"
                    ]
                },
                {
                    "From": "RTID(halloween_breakdancer@ZombieTypes)",
                    "To": [
                         "RTID(ft_ghost@.)"
                    ]
                }
            ]
        }
    ]
}},
{"aliases": ["Escalation"],
"objclass": "LevelEscalationModuleProperties",
"objdata": {
    "FlagCount": 2,
    "WavesPerFlag": 10,
    "PlantfoodToSpawnCount": 0,
    "StartingPoints": 0,
    "PointIncrementPerWave": 0,
    "WaveManagerProps": "RTID(WaveManager@CurrentLevel)",
    "ZombiePool": [
        "RTID(tutorial@ZombieTypes)"
    ]
}},
{"aliases": ["NewWaves"],
"objclass": "WaveManagerModuleProperties",
"objdata": {}
},
{"aliases": ["WaveManager"],
"objclass": "WaveManagerProperties",
"objdata": {
    "FlagWaveInterval": 10,
    "WaveCount": 20,
    "SuppressFlagZombie": false,
    "MinNextWaveHealthPercentage": 0.35,
    "MaxNextWaveHealthPercentage": 0.45,
    "Waves": [
        ["RTID(Wave1@.)"],
        ["RTID(Wave2@.)"],
        ["RTID(Wave3@.)"],
        ["RTID(Wave4@.)"],
        ["RTID(Wave5@.)"],
        ["RTID(Wave6@.)"],
        ["RTID(Wave7@.)", "RTID(Dino_P1@.)", "RTID(Dino_P4@.)"],
        ["RTID(Wave8@.)"],
        ["RTID(Wave9@.)"],
        ["RTID(Wave10@.)", "RTID(Dino_R1@.)", "RTID(Dino_S3@.)"],
        ["RTID(Wave11@.)"],
        ["RTID(Wave12@.)"],
        ["RTID(Wave13@.)", "RTID(Dino_T3@.)"],
        ["RTID(Wave14@.)"],
        ["RTID(Wave15@.)"],
        ["RTID(Wave16@.)", "RTID(Dino_R4@.)", "RTID(Dino_P2@.)"],
        ["RTID(Wave17@.)"],
        ["RTID(Wave18@.)"],
        ["RTID(Wave19@.)"],
        ["RTID(Wave20@.)", "RTID(Dino_P1@.)", "RTID(Dino_P5@.)", "RTID(Dino_S2@.)", "RTID(Dino_S4@.)", "RTID(Dino_T3@.)"]
    ]
}},
{"aliases":["Wave1"],
"objclass": "SpawnZombiesJitteredWaveActionProps",
"objdata":{
    "AdditionalPlantfood": 0,
    "Zombies": [
        {"Row": "1", "Type": "RTID(tutorial@ZombieTypes)"},
        {"Type": "RTID(dino@ZombieTypes)"}
    ]
}},

{"aliases":["Wave2"],
"objclass": "SpawnZombiesJitteredWaveActionProps",
"objdata":{
    "AdditionalPlantfood": 0,
    "Zombies": [
        {"Row": "2", "Type": "RTID(tutorial@ZombieTypes)"},
        {"Type": "RTID(dino@ZombieTypes)"},
        {"Type": "RTID(dino@ZombieTypes)"}
    ]
}},

{"aliases":["Wave3"],
"objclass": "SpawnZombiesJitteredWaveActionProps",
"objdata":{
    "AdditionalPlantfood": 1,
    "Zombies": [
        {"Type": "RTID(tutorial_armor1@ZombieTypes)"},
        {"Type": "RTID(dino@ZombieTypes)"}
    ]
}},

{"aliases":["Wave4"],
"objclass": "SpawnZombiesJitteredWaveActionProps",
"objdata":{
    "AdditionalPlantfood": 0,
    "Zombies": [
        {"Type": "RTID(future_jetpack@ZombieTypes)"},
        {"Type": "RTID(tutorial_armor1@ZombieTypes)"},
        {"Type": "RTID(dino@ZombieTypes)"}
    ]
}},

{"aliases":["Wave5"],
"objclass": "SpawnZombiesJitteredWaveActionProps",
"objdata":{
    "AdditionalPlantfood": 0,
    "Zombies": [
        {"Type": "RTID(dino_armor1@ZombieTypes)"},
        {"Type": "RTID(tutorial_armor1@ZombieTypes)"}
    ]
}},

{"aliases":["Wave6"],
"objclass": "SpawnZombiesJitteredWaveActionProps",
"objdata":{
    "AdditionalPlantfood": 0,
    "Zombies": [
        {"Type": "RTID(tutorial_balloon@ZombieTypes)"},
        {"Type": "RTID(dino@ZombieTypes)"},
        {"Type": "RTID(dino@ZombieTypes)"}
    ]
}},

{"aliases":["Wave7"],
"objclass": "SpawnZombiesJitteredWaveActionProps",
"objdata":{
    "AdditionalPlantfood": 0,
    "Zombies": [
        {"Row": "4", "Type": "RTID(dino_armor1@ZombieTypes)"},
        {"Row": "1", "Type": "RTID(dino_armor1@ZombieTypes)"},
        {"Type": "RTID(tutorial@ZombieTypes)"},
        {"Type": "RTID(tutorial@ZombieTypes)"}
    ]
}},

{"aliases":["Wave8"],
"objclass": "SpawnZombiesJitteredWaveActionProps",
"objdata":{
    "AdditionalPlantfood": 0,
    "Zombies": [
        {"Row": "4", "Type": "RTID(future_jetpack@ZombieTypes)"},
        {"Row": "1", "Type": "RTID(future_jetpack@ZombieTypes)"},
        {"Type": "RTID(tutorial_armor2@ZombieTypes)"}
    ]
}},

{"aliases":["Wave9"],
"objclass": "SpawnZombiesJitteredWaveActionProps",
"objdata":{
    "AdditionalPlantfood": 0,
    "Zombies": [
        {"Row": "2", "Type": "RTID(dark_imp_dragon@ZombieTypes)"},
        {"Row": "4", "Type": "RTID(dark_imp_dragon@ZombieTypes)"},
        {"Type": "RTID(future_jetpack_disco@ZombieTypes)"}
    ]
}},

{"aliases":["Wave10"],
"objclass": "SpawnZombiesJitteredWaveActionProps",
"objdata":{
    "AdditionalPlantfood": 0,
    "Zombies": [
        {"Row": "1", "Type": "RTID(dino@ZombieTypes)"},
        {"Row": "3", "Type": "RTID(dino_armor1@ZombieTypes)"},
        {"Row": "5", "Type": "RTID(dino_armor3@ZombieTypes)"},
        {"Type": "RTID(future_armor2@ZombieTypes)"},
        {"Type": "RTID(dino_armor2@ZombieTypes)"},
        {"Type": "RTID(dino_pterry@ZombieTypes)"},
        {"Type": "RTID(tutorial_balloon@ZombieTypes)"}
    ]
}},

{"aliases":["Wave11"],
"objclass": "SpawnZombiesJitteredWaveActionProps",
"objdata":{
    "AdditionalPlantfood": 1,
    "Zombies": [
        {"Row": "1", "Type": "RTID(tutorial_armor1@ZombieTypes)"},
        {"Row": "2", "Type": "RTID(dino_bully_veteran@ZombieTypes)"},
        {"Row": "1", "Type": "RTID(halloween_breakdancer@ZombieTypes)"},
        {"Row": "3", "Type": "RTID(dino@ZombieTypes)"},
        {"Row": "2", "Type": "RTID(tutorial@ZombieTypes)"}
    ]
}},

{"aliases":["Wave12"],
"objclass": "SpawnZombiesJitteredWaveActionProps",
"objdata":{
    "AdditionalPlantfood": 0,
    "Zombies": [
        {"Row": "3", "Type": "RTID(future_armor2@ZombieTypes)"},
        {"Row": "1", "Type": "RTID(future_armor2@ZombieTypes)"},
        {"Type": "RTID(tutorial@ZombieTypes)"},
        {"Type": "RTID(tutorial_armor1@ZombieTypes)"},
        {"Type": "RTID(tutorial_armor2@ZombieTypes)"}
    ]
}},

{"aliases":["Wave13"],
"objclass": "SpawnZombiesJitteredWaveActionProps",
"objdata":{
    "AdditionalPlantfood": 0,
    "Zombies": [
        {"Row": "2", "Type": "RTID(dino_armor3@ZombieTypes)"},
        {"Type": "RTID(halloween_breakdancer@ZombieTypes)"},
        {"Type": "RTID(dino_pterry@ZombieTypes)"},
        {"Type": "RTID(modern_allstar@ZombieTypes)"}
    ]
}},

{"aliases":["Wave14"],
"objclass": "SpawnZombiesJitteredWaveActionProps",
"objdata":{
    "AdditionalPlantfood": 0,
    "Zombies": [
        {"Row": "3", "Type": "RTID(future_jetpack@ZombieTypes)"},
        {"Row": "4", "Type": "RTID(future_jetpack@ZombieTypes)"},
        {"Row": "1", "Type": "RTID(future_jetpack@ZombieTypes)"},
        {"Type": "RTID(future_jetpack_disco@ZombieTypes)"},
        {"Type": "RTID(modern_allstar@ZombieTypes)"}
    ]
}},

{"aliases":["Wave15"],
"objclass": "SpawnZombiesJitteredWaveActionProps",
"objdata":{
    "AdditionalPlantfood": 0,
    "Zombies": [
        {"Row": "3", "Type": "RTID(tutorial_armor2@ZombieTypes)"},
        {"Row": "2", "Type": "RTID(future_armor2@ZombieTypes)"},
        {"Row": "5", "Type": "RTID(dino_pterry@ZombieTypes)"},
        {"Type": "RTID(dino_armor3@ZombieTypes)"},
        {"Type": "RTID(dino_armor3@ZombieTypes)"}
    ]
}},

{"aliases":["Wave16"],
"objclass": "SpawnZombiesJitteredWaveActionProps",
"objdata":{
    "AdditionalPlantfood": 0,
    "Zombies": [
        {"Row": "2", "Type": "RTID(dino_armor1@ZombieTypes)"},
        {"Row": "5", "Type": "RTID(dino_armor1@ZombieTypes)"},
        {"Type": "RTID(dark_imp_dragon@ZombieTypes)"},
        {"Type": "RTID(tutorial_armor1@ZombieTypes)"},
        {"Type": "RTID(tutorial_armor2@ZombieTypes)"},
        {"Type": "RTID(future_jetpack_disco@ZombieTypes)"}
    ]
}},

{"aliases":["Wave17"],
"objclass": "SpawnZombiesJitteredWaveActionProps",
"objdata":{
    "AdditionalPlantfood": 0,
    "Zombies": [
        {"Row": "2", "Type": "RTID(future_jetpack@ZombieTypes)"},
        {"Row": "4", "Type": "RTID(modern_allstar@ZombieTypes)"},
        {"Type": "RTID(future_armor2@ZombieTypes)"},
        {"Type": "RTID(tutorial_balloon@ZombieTypes)"},
        {"Type": "RTID(dino_bully_veteran@ZombieTypes)"}
    ]
}},

{"aliases":["Wave18"],
"objclass": "SpawnZombiesJitteredWaveActionProps",
"objdata":{
    "AdditionalPlantfood": 0,
    "Zombies": [
        {"Row": "2", "Type": "RTID(dino_pterry@ZombieTypes)"},
        {"Row": "4", "Type": "RTID(tutorial_armor1@ZombieTypes)"},
        {"Row": "1", "Type": "RTID(tutorial@ZombieTypes)"},
        {"Type": "RTID(dino_pterry@ZombieTypes)"},
        {"Type": "RTID(tutorial_armor2@ZombieTypes)"},
        {"Type": "RTID(future_jetpack_disco@ZombieTypes)"}
    ]
}},

{"aliases":["Wave19"],
"objclass": "SpawnZombiesJitteredWaveActionProps",
"objdata":{
    "AdditionalPlantfood": 0,
    "Zombies": [
        {"Row": "2", "Type": "RTID(halloween_breakdancer@ZombieTypes)"},
        {"Row": "2", "Type": "RTID(tutorial@ZombieTypes)"},
        {"Row": "4", "Type": "RTID(dino_armor1@ZombieTypes)"},
        {"Row": "2", "Type": "RTID(tutorial@ZombieTypes)"},
        {"Type": "RTID(tutorial_armor2@ZombieTypes)"},
        {"Type": "RTID(tutorial_armor1@ZombieTypes)"},
        {"Type": "RTID(dino_armor3@ZombieTypes)"}
    ]
}},

{"aliases":["Wave20"],
"objclass": "SpawnZombiesJitteredWaveActionProps",
"objdata":{
    "AdditionalPlantfood": 0,
    "Zombies": [
        {"Row": "1", "Type": "RTID(dino_armor1@ZombieTypes)"},
        {"Row": "4", "Type": "RTID(tutorial_balloon@ZombieTypes)"},
        {"Row": "1", "Type": "RTID(tutorial_armor1@ZombieTypes)"},
        {"Row": "3", "Type": "RTID(tutorial_armor2@ZombieTypes)"},
        {"Row": "5", "Type": "RTID(dino_armor2@ZombieTypes)"},
        {"Row": "2", "Type": "RTID(dino_armor1@ZombieTypes)"},
        {"Row": "4", "Type": "RTID(tutorial_armor1@ZombieTypes)"},
        {"Type": "RTID(dino_bully_veteran@ZombieTypes)"},
        {"Type": "RTID(halloween_breakdancer@ZombieTypes)"},
        {"Type": "RTID(modern_allstar@ZombieTypes)"}
    ]
}},
{"aliases":["Dino_P1"],
"objclass": "DinoWaveActionProps",
"objdata": {
    "DinoRow": 0,
    "DinoType": "ptero"
}},
{"aliases":["Dino_P4"],
"objclass": "DinoWaveActionProps",
"objdata": {
    "DinoRow": 3,
    "DinoType": "ptero"
}},
{"aliases":["Dino_R1"],
"objclass": "DinoWaveActionProps",
"objdata": {
    "DinoRow": 0,
    "DinoType": "raptor"
}},
{"aliases":["Dino_S3"],
"objclass": "DinoWaveActionProps",
"objdata": {
    "DinoRow": 2,
    "DinoType": "stego"
}},
{"aliases":["Dino_T3"],
"objclass": "DinoWaveActionProps",
"objdata": {
    "DinoRow": 2,
    "DinoType": "tyranno"
}},
{"aliases":["Dino_R4"],
"objclass": "DinoWaveActionProps",
"objdata": {
    "DinoRow": 3,
    "DinoType": "raptor"
}},
{"aliases":["Dino_P2"],
"objclass": "DinoWaveActionProps",
"objdata": {
    "DinoRow": 1,
    "DinoType": "ptero"
}},
{"aliases":["Dino_P5"],
"objclass": "DinoWaveActionProps",
"objdata": {
    "DinoRow": 4,
    "DinoType": "ptero"
}},
{"aliases":["Dino_S2"],
"objclass": "DinoWaveActionProps",
"objdata": {
    "DinoRow": 1,
    "DinoType": "stego"
}},
{"aliases":["Dino_S4"],
"objclass": "DinoWaveActionProps",
"objdata": {
    "DinoRow": 3,
    "DinoType": "stego"
}},
{
            "objclass": "ZombieType",
            "aliases": [
                "ztech_teleporter"
            ],
            "objdata": {
                "TypeName": "carnie_magician",
                "ZombieClass": "ZombieCarnieMagician",
                "Properties": "RTID(ZombieCarnieMagician@.)",
                "ResourceGroups": [
                    "ZombieCarnieDoveGroup",
                    "ZombieWestChickenGroup",
                    "ZombieCarnieMagicianGroup",
                    "ZombieZmechTeleportGroup",
"ZombieFutureBasicGroup"
                ],
                "Comment": " Need to be updated after art integration",
                "AudioGroups": [
                    "ZombieCarnieMagicianAudio"
                ],
                "AnimRigClass": "ZombieAnimRig_FutureBasic",
                "PopAnim": "POPANIM_ZOMBIE_ZOMBIE_FUTURE_BASIC_BRICK",
                "HomeWorld": "rift2",
                "AlmanacBackdropName": "warp",
                "Placeable": true
            }
        },
{
            "aliases": [
                "ZombieCarnieMagician"
            ],
            "objclass": "ZombieCarnieMagicianProps",
            "objdata": {
                "Actions": [
                    "RTID(ZombieCarnieMagicianTeleportActionOther@CurrentLevel)",
                    "RTID(ZombieCarnieMagicianTeleportActionSelf@CurrentLevel)",
                    "RTID(ZombieCarnieMagicianSpawnDove@ZombieActions)"
                ],
                "TeleportOtherStartTime": 999999999999999,
                "TeleportSelfStartTime": 15,
                "DoveSpawnStartTime": 99999999999999999999,
                "TimeBetweenTeleportOther": 9999999999999999,
                "TimeBetweenTeleportSelf": 99999999999999999,
                "TimeBetweenDoveSpawn": 99999999999,
                
                "ImmuneToPlantRestrictionSet": {
                    "List": [
                        "thymewarp",
                        "caulipower",
                        "imppear",
                        "hocus",
                        "witchhazel",
                        "hypnoshroom",
                        "shrinkingviolet",
                        "solarsage",
                        "sporeshroom"
                    ],
                    "ListType": "excludelist"
                },
                "StreetSize": {
                    "x": 3,
                    "y": 2
                },
                "ArtCenter": {
                    "x": 90,
                    "y": 125
                },
                "ShadowOffset": {
                    "x": 10,
                    "y": 0,
                    "z": 1.2
                },
                "AttackRect": {
                    "mHeight": 95,
                    "mWidth": 62,
                    "mX": 10,
                    "mY": 0
                },
                "HitRect": {
                    "mHeight": 95,
                    "mWidth": 62,
                    "mX": 10,
                    "mY": 10
                },
                "CanSpawnPlantFood": true,
                "Cost": 150,
                "EatDPS": 100,
                "GroundTrackName": "ground_swatch",
                "Hitpoints": 400,
                "ScaledProps": [
                    {
                        "Arg1": 1.3,
                        "Arg2": 0.05,
                        "Formula": "standard",
                        "Key": "Hitpoints"
                    },
                    {
                        "Formula": "constant",
                        "Key": "Speed"
                    }
                ],
                "Speed": 0.5,
                "WavePointCost": 900,
                "Weight": 3500,
"ZombieArmorProps": [
                      "RTID(RedYoshiArmor@CurrentLevel)"    
                ],

                "ZombieStats": [
                    {
                        "Type": "toughness",
                        "Value": "toughness5"
                    },
                    {
                        "Type": "speed",
                        "Value": "speed0"
                    }
                ]
            }
        },
{
            "objclass": "ZombieTeleportActionDefinition",
            "aliases": [
                "ZombieCarnieMagicianTeleportActionOther"
            ],
            "objdata": {
                "NumZombies": 1,
                "TilesToAdvance": 2.0,
                "WeightLeftmost": 20,
                "WeightRightmost": 35,
                "WeightRandom": 10,
                "TimeBeforeWarpStart": 0.0,
                "TimeOfWarpOut": 0,
                "TimeZombieIsGone": 0.5,
                "TimeOfWarpIn": 1,
                "Phase": "Attacking",
                "ColumnMin": 4,
                "DelayWarpIn": true,
                "RampUpAnimation": "walk",
                "LoopingAnimation": "",
                "RampDownAnimation": "idle",
                "AnimationSoundFX": "Play_Zomb_Carnival_Magician_Teleport",
                "NoRepeatTargets": true,
                "DoOnlySelfTeleport": false,
                "IgnoreSelfWhileTeleportingOther": true,
                "CanShiftLane": true,
                
                "comment": "Random number between 0 and 'MaxRowShift' is choosen to shift zombies to other lanes",
                "MaxRowShift": 3,
                "ShouldAshOnTeleportError": true,
                "ConditionsRemovedByWarping": [
                    "gummed"
                ],
                "ZombieTargetExcludeList": {
                    "ListType": "excludelist",
                    "List": [
                        "ZombieRomanShield",
                        "ZombieRomanTopShield",
                        "ZombieCamel",
                        "ZombieGargantuar",
                        "ZombieGeneralBase",
                        "ZombieZombossMech",
                        "ZombieCarnieCannon",
                        "ZombiePirateCannon",
                        "ZombieRomanBallista",
                        "ZombieBullVeteran",
                        "ZombieBull",
                        "ZombieTreasureYeti",
                        "ZombieCarnieDove",
                        "ZombiePirateParrot",
                        "ZombieBeachFisherman",
                        "ZombieZcorpRacerProps",
                        "ZombieZCorpConsultant",
                        "ZombieDarkKing"
                    ]
                }
            }
        },
        {
            "objclass": "ZombieTeleportActionDefinition",
            "aliases": [
                "ZombieCarnieMagicianTeleportActionSelf"
            ],
            "objdata": {
                "NumZombies": 1,
                "TilesToAdvance": 2.0,
                "WeightLeftmost": 50,
                "WeightRightmost": 50,
                "WeightRandom": 50,
                "TimeBeforeWarpStart": 0.0,
                "TimeOfWarpOut": 0,
                "TimeZombieIsGone": 0.5,
                "TimeOfWarpIn": 1,
                "Phase": "Attacking",
                "ColumnMin": 4,
                "DelayWarpIn": false,
                "RampUpAnimation": "idle",
                "LoopingAnimation": "",
                "RampDownAnimation": "idle",
                "AnimationSoundFX": "Play_Zomb_Carnival_Magician_Teleport",
                "NoRepeatTargets": true,
                "DoOnlySelfTeleport": true,
                "IgnoreSelfWhileTeleportingOther": false,
                "CanShiftLane": true,
                "comment": "Random number between 0 and 'MaxRowShift' is chosen to shift zombies to other lanes",
                "MaxRowShift": 3,
                "ShouldAshOnTeleportError": true,
                "ConditionsRemovedByWarping": [
                    "gummed"
                ]
            }
        },
{
            "objclass": "ArmorPropertySheet",
            "aliases": [
                "RedYoshiArmor"
            ],
            "objdata": {
                "ArmorType": "Bucket",
                "BaseHealth": 800.0,
                "ArmorFlags": [
                    "damageable",
                    "droppable",
                    "helm",
"metallic"
                ],
                "ArmorLayers": [
                    "zombie_armor_bucket_norm",
                    "zombie_armor_bucket_damage_01",
                    "zombie_armor_bucket_damage_02"
                ],
                "ArmorLayerHealth": [
                    0.666,
                    0.333
                ],
                "ImpactSoundEvent": "Play_impact_shieldhit"
            }
        },
{
            "objclass": "ZombieType",
            "aliases": [
                "disco_zombie"
            ],
            "objdata": {
                "TypeName": "future_jetpack_disco",
                "ZombieClass": "ZombieCarnieMagician",
                "Properties": "RTID(ZombieDisco@CurrentLevel)",
                 "ResourceGroups": [
                "ZombieFutureMechDiscoGroup"

                ],
                "AudioGroups": [
                    "ZombieFutureJetpackAudio"
                ],
                "AnimRigClass": "ZombieAnimRig_FutureJetpack",
                "PopAnim": "POPANIM_ZOMBIE_ZOMBIE_FUTURE_JETPACK",
                "HomeWorld": "future",
                "Placeable": true
            }
        },
{
            "aliases": [
                "ZombieDisco"
            ],
            "objclass": "ZombieCarnieMagicianProps",
            "objdata": {
                "Actions": [
                    "RTID(ZombieGeneralZmechJetpackSummonPhase1Action@CurrentLevel)"
                ],
                "TeleportOtherStartTime": 10,
                "TeleportSelfStartTime": 999999,
                "DoveSpawnStartTime": 9999999,
                "TimeBetweenTeleportOther": 10,
                "TimeBetweenTeleportSelf": 20,
                "TimeBetweenDoveSpawn": 23,
                "TeleportationFailPercentage": 5,
                "ImmuneToPlantRestrictionSet": {
                    "List": [
                        "thymewarp",
                        "caulipower",
                        "imppear",
                        "hocus",
                        "witchhazel",
                        "hypnoshroom",
                        "shrinkingviolet",
                        "solarsage",
                        "sporeshroom"
                    ],
                    "ListType": "excludelist"
                },
                "StreetSize": {
                    "x": 3,
                    "y": 2
                },
                "ArtCenter": {
                    "x": 90,
                    "y": 125
                },
                "ShadowOffset": {
                    "x": 10,
                    "y": 0,
                    "z": 1.2
                },
                "AttackRect": {
                    "mHeight": 95,
                    "mWidth": 62,
                    "mX": 10,
                    "mY": 0
                },
                "HitRect": {
                    "mHeight": 95,
                    "mWidth": 62,
                    "mX": 10,
                    "mY": 10
                },
                "CanSpawnPlantFood": true,
                "Cost": 150,
                "EatDPS": 100,
                "GroundTrackName": "ground_swatch",
                "Hitpoints": 1250,
                "ScaledProps": [
                    {
                        "Arg1": 1.3,
                        "Arg2": 0.05,
                        "Formula": "standard",
                        "Key": "Hitpoints"
                    },
                    {
                        "Formula": "constant",
                        "Key": "Speed"
                    }
                ],
                "Speed": 0.15,
                "WavePointCost": 900,
                "Weight": 3500,
                "ZombieStats": [
                    {
                        "Type": "toughness",
                        "Value": "toughness5"
                    },
                    {
                        "Type": "speed",
                        "Value": "speed0"
                    }
                ]
            }
        },
{
            "objclass": "ZombieDropZombiesOnBoardActionDefinition",
            "aliases": [
                "ZombieGeneralZmechJetpackSummonPhase1Action"
            ],
            "objdata": {
                "Weight": 0,
                "RepeatMin": 0,
                "RepeatMax": 0,
                "ColumnEnd": "0",
                "ColumnStart": "0",
                "MinSpawn": "4",
                "MaxSpawn": "4",
                "CenterOnInstigator": true,
                "ZombieNames": [
                    "eighties"

                ],
                "ZombieWeights": [
                    25
                ],
                "TimeBeforeSpawn": 1.5,
                "ZombieFallTime": 1.0,
                "Phase": "Attacking",
                "RiseFromGround": "true",
                "RampUpAnimation": "fly_up",
                "LoopingAnimation": "idle",
                "RampDownAnimation": "walk",
                "EffectTypeToShow": ""
            }},
{
            "objclass": "ZombieType",
            "aliases": [
                "ft_ghost"
            ],
            "objdata": {
                "TypeName": "caketank",
                "ZombieClass": "ZombieCakeTank",
                "Properties": "RTID(YoshiWasHere@CurrentLevel)",
                "ResourceGroups": [
                    "ZombieCakeTankGroup",
"ZombieEightiesBreakDancerGroup"
                ],
                "AudioGroups": [
                    "ZombieSteamGentlemanAudio"
                ],
                "AnimRigClass": "ZombieAnimRig_CakeTank",
                "PopAnim": "POPANIM_ZOMBIE_ZOMBIE_80S_BREAKDANCER",
                "HomeWorld": "tutorial",
                "Placeable": true
            }
        },
{
            "aliases": [
                "YoshiWasHere"
            ],
            "objclass": "ZombieCakeTankProps",
            "objdata": {
                "Actions": [
                    "RTID(ZombieGeneralWalkOn@ZombieActions)",
                    "RTID(ZombieGeneralIdle@ZombieActions)",
                    "RTID(ZombieGeneralDying@ZombieActions)",
                    "RTID(ZombieCakeTankDamageReact1Action@CurrentLevel)"
                   ], 
                "LifetimeSeconds": 9999999999,
                "GeneralPhase": 0,
                "ScoreOverride": 100000,
                "ArtCenter": {
                    "x": 90,
                    "y": 120
                },
                "ShadowOffset": {
                    "x": 10,
                    "y": 0,
                    "z": 1.2
                },
                "AttackRect": {
                    "mHeight": 95,
                    "mWidth": 110,
                    "mX": 0,
                    "mY": 0
                },
                "HitRect": {
                    "mHeight": 95,
                    "mWidth": 110,
                    "mX": 0,
                    "mY": 10
                },
                "CrosshairAnimation": "missile_lock_reticle",
                "CrosshairPopAnim": "POPANIM_EFFECTS_ZOMBOSS_MISSILE_EXPLOSION_FUTURE",
                "FoeEatDamageReflectPct": 0.5,
                "RocketAnimation": "missile",
                "RocketExplosionAnimation": "missile_explosion",
                "CraterLifetime": 5,
                "CanSpawnPlantFood": true,
                "Cost": 150,
                "EatDPS": 100,
                "GroundTrackName": "ground_swatch",
                "Hitpoints": 550,
                "ScaledProps": [
                    {
                        "Arg1": 1.3,
                        "Arg2": 0.05,
                        "Formula": "standard",
                        "Key": "Hitpoints"
                    },
                    {
                        "Formula": "constant",
                        "Key": "Speed"
                    }
                ],
                "CustomDamageSteps": [
                    {
                        "MaxDamagePercent": 1
                    },
                    {
                        "MaxDamagePercent": 0,
                        "ActionOnStart": "RTID(ZombieCakeTankDamageReact1Action@CurrentLevel)"
                    }
                ],
                "CollideHypnotizedZombies": "ignore",
                "Speed": 0.5,
                "WavePointCost": 900,
                "Weight": 3500,
                "ZombieStats": [
                    {
                        "Type": "toughness",
                        "Value": "toughness5"
                    },
                    {
                        "Type": "speed",
                        "Value": "speed0"
                    }
                ]
            }
        },
{
            "objclass": "ZombieDropActionDefinition",
            "aliases": [
                "ZombieCakeTankDamageReact1Action"
            ],
            "objdata": {
                "Weight": 1,
                "RepeatMin": 0,
                "RepeatMax": 0,
                "Phase": "None",
                "PhaseAfter": "Dying",
                "Invulnerable": "true",
                "Animation": "IDLE",
                "AwardDrop": "RTID(SpookyMonth@CurrentLevel)",
                "EffectPam": "",
                "EffectAnim": "break_power_tier4",
                "EffectOffsetX": 30,
                "EffectOffsetY": -90
            }
        },
 {
            "objclass": "ZombieDropProps",
            "aliases": [
                "SpookyMonth"
            ],
            "objdata": {
                "Zombies": [
                    {
                        "Type": "halloween_breakdancer",
                        "Hypnotized": false,
                        "TossGridXDelta": -1.25,
                                                "TossGridYDelta": 0,
                                                "SpawnGridXDelta": -1.25,
                                                "SpawnGridYDelta": 0,
                                                "SpawnGridZDelta": 2.5,
                                                "TossDuration": 2.0,
                                                "TossApexHeight": 200
                    }
                ]
            }
        },
{
            "objclass": "ZombiePlayAnimationActionDefinition",
            "aliases": [
                "ZombieGeneralDying"
            ],
            "objdata": {
                "Weight": 1,
                "RepeatMin": 0,
                "RepeatMax": 0,
                "Phase": "Dying",
                "PhaseAfter": "Destroy",
                "AnimationToPlay": "die"
            }
        },
        {}
    ],
    "version": 1
}        