{"#comment": "FT-VI: A Funky Ghost Town | ELM: Ver-10.2-Pre1 [RFL v1.2]",
"#zombies": "tutorial, tutorial_armor1, tutorial_armor2, halloween_breakdancer, halloween_relichunter, halloween_octopus, dark_gravedropper, tomb_raiser, west_bull, lostcity_crystalskull, poncho, halloween_excavator",
"objects": [{
    "objclass": "LevelDefinition",
    "objdata": {
    "StartingSun": 50,
    "Description": "{PLAYER}'s Beautiful Town ",
    "FirstRewardParam": "moneybag",
    "NormalPresentTable": "egypt_normal_01",
    "ShinyPresentTable": "egypt_shiny_01",
    "Loot": "RTID(DefaultLoot@LevelModules)",
    "ResourceGroupNames": [
        "DelayLoad_Background_Beach",
        "DelayLoad_Background_Beach_Compressed",
        "Tombstone_Dark_Special",
        "Tombstone_Dark_Effects"
    ],
    "Modules": [
        "RTID(OffScreenZombiesCoinOverride@LevelModules)",
        "RTID(HolidayMowers@LevelModules)",
        "RTID(StandardIntro@LevelModules)",
        "RTID(GI@CurrentLevel)",
        "RTID(IPP@CurrentLevel)",
        "RTID(ZombieLevelSwaps@CurrentLevel)",
        "RTID(SeedBank@CurrentLevel)",
        "RTID(DefaultSunDropper@LevelModules)",
        "RTID(ChallengeModule@CurrentLevel)",
        "RTID(Escalation@CurrentLevel)",
        "RTID(NewWaves@CurrentLevel)",
        "RTID(RTID(JamActvatorDarkAltverz@LevelModules))",
        "RTID(ZombiesDeadWinCon@LevelModules)",
        "RTID(DefaultZombieWinCondition@LevelModules)"
    ],
    "Name": "FT-VI: A Funky Ghost Town",
    "StageModule": "RTID(HalloweenStage@LevelModules)"
}},
{"aliases": ["SeedBank"],
"objclass": "SeedBankProperties",
"objdata": {
    "PresetPlantList": [
        
    ],
    "PlantIncludeList": [
        
    ],
    "PlantExcludeList": [
        
    ],
    "SelectionMethod": "chooser"
}},
{"aliases":["ChallengeModule"],
"objclass": "StarChallengeModuleProperties",
"objdata": {
    "Challenges": [[
        "RTID(BeatTheLevel@CurrentLevel)"
    ]],
    "ChallengesAlwaysAvailable": true
}},
{"aliases":["BeatTheLevel"],
"objclass": "StarChallengeBeatTheLevelProps",
"objdata": {
    "Description": "The slider tile under the lawn is where the ghost will launch to.\n Read the READ THIS.txt file for challenges!",
    "DescriptiveName": "Custom Objective"
}},
{"aliases":["GI"],
"objclass":"InitialGridItemProperties",
"objdata":{
    "InitialGridItemPlacements": [
        {"GridX": 4, "GridY": 5, "TypeName":"slider_up_modern"}
    ]
}},
{"aliases":["IPP"],
"objclass": "InitialPlantProperties",
"objdata": {
    "InitialPlantPlacements": [
        {"GridX": 3, "GridY": 2, "Level": -1, "TypeName":"bonkchoy"},
        {"GridX": 4, "GridY": 2, "Level": -1, "TypeName":"wallnut"}
    ]
}},
{"aliases": ["ZombieLevelSwaps"],
"objclass": "LevelDifficultyScalingModuleProperties",
"objdata": {
    "DifficultyRulesType": "RiftDifficulty",
    "ZombieLevelSwaps": [
        {
            "Level": 0,
            "Swaps": [
                {
                    "From": "RTID(tutorial@ZombieTypes)",
                    "To": [
                         "RTID(tutorial@ZombieTypes)",
                         "RTID(halloween@ZombieTypes)"
                    ]
                },
                {
                    "From": "RTID(tutorial_armor1@ZombieTypes)",
                    "To": [
                         "RTID(tutorial_armor1@ZombieTypes)",
                         "RTID(halloween_armor1@ZombieTypes)"
                    ]
                },
                {
                    "From": "RTID(tutorial_armor2@ZombieTypes)",
                    "To": [
                         "RTID(tutorial_armor2@ZombieTypes)",
                         "RTID(halloween_armor2@ZombieTypes)"
                    ]
                },
                {
                    "From": "RTID(halloween_breakdancer@ZombieTypes)",
                    "To": [
                         "RTID(ft_ghost@.)"
                    ]
                }
            ]
        }
    ]
}},
{"aliases": ["Escalation"],
"objclass": "LevelEscalationModuleProperties",
"objdata": {
    "FlagCount": 2,
    "WavesPerFlag": 10,
    "PlantfoodToSpawnCount": 0,
    "StartingPoints": 0,
    "PointIncrementPerWave": 0,
    "WaveManagerProps": "RTID(WaveManager@CurrentLevel)",
    "ZombiePool": [
        "RTID(tutorial@ZombieTypes)"
    ]
}},
{"aliases": ["NewWaves"],
"objclass": "WaveManagerModuleProperties",
"objdata": {}
},
{"aliases": ["WaveManager"],
"objclass": "WaveManagerProperties",
"objdata": {
    "FlagWaveInterval": 10,
    "WaveCount": 20,
    "SuppressFlagZombie": false,
    "Waves": [
        ["RTID(Wave1@.)", "RTID(jam_8bit@.)"],
        ["RTID(Wave2@.)"],
        ["RTID(Wave3@.)"],
        ["RTID(Wave4@.)"],
        ["RTID(Wave5@.)"],
        ["RTID(Wave6@.)"],
        ["RTID(Wave7@.)"],
        ["RTID(Wave8@.)"],
        ["RTID(Wave9@.)"],
        ["RTID(Wave10@.)"],
        ["RTID(Wave11@.)"],
        ["RTID(Wave12@.)"],
        ["RTID(Wave13@.)"],
        ["RTID(Wave14@.)"],
        ["RTID(Wave15@.)"],
        ["RTID(Wave16@.)"],
        ["RTID(Wave17@.)"],
        ["RTID(Wave18@.)"],
        ["RTID(Wave19@.)"],
        ["RTID(Wave20@.)"]
    ]
}},
{"aliases":["Wave1"],
"objclass": "SpawnZombiesJitteredWaveActionProps",
"objdata":{
    "AdditionalPlantfood": 0,
    "Zombies": [
        {"Row": "3", "Type": "RTID(halloween_breakdancer@ZombieTypes)"}
    ]
}},

{"aliases":["Wave2"],
"objclass": "SpawnZombiesJitteredWaveActionProps",
"objdata":{
    "AdditionalPlantfood": 0,
    "Zombies": [
        {"Type": "RTID(tutorial@ZombieTypes)"}
    ]
}},

{"aliases":["Wave3"],
"objclass": "SpawnZombiesJitteredWaveActionProps",
"objdata":{
    "AdditionalPlantfood": 0,
    "Zombies": [
        {"Type": "RTID(tutorial@ZombieTypes)"},
        {"Type": "RTID(tutorial@ZombieTypes)"}
    ]
}},

{"aliases":["Wave4"],
"objclass": "SpawnZombiesJitteredWaveActionProps",
"objdata":{
    "AdditionalPlantfood": 0,
    "Zombies": [
        {"Type": "RTID(tutorial_armor1@ZombieTypes)"}
    ]
}},

{"aliases":["Wave5"],
"objclass": "SpawnZombiesJitteredWaveActionProps",
"objdata":{
    "AdditionalPlantfood": 1,
    "Zombies": [
        {"Row": "1", "Type": "RTID(tutorial@ZombieTypes)"},
        {"Row": "5", "Type": "RTID(tutorial@ZombieTypes)"},
        {"Type": "RTID(tomb_raiser@ZombieTypes)"}
    ]
}},

{"aliases":["Wave6"],
"objclass": "SpawnZombiesJitteredWaveActionProps",
"objdata":{
    "AdditionalPlantfood": 0,
    "Zombies": [
        {"Row": "2", "Type": "RTID(tutorial_armor1@ZombieTypes)"},
        {"Row": "1", "Type": "RTID(tutorial@ZombieTypes)"},
        {"Row": "5", "Type": "RTID(tutorial@ZombieTypes)"},
        {"Type": "RTID(poncho@ZombieTypes)"}
    ]
}},

{"aliases":["Wave7"],
"objclass": "SpawnZombiesJitteredWaveActionProps",
"objdata":{
    "AdditionalPlantfood": 0,
    "Zombies": [
        {"Type": "RTID(poncho@ZombieTypes)"},
        {"Type": "RTID(tutorial_armor1@ZombieTypes)"},
        {"Type": "RTID(tutorial@ZombieTypes)"}
    ]
}},

{"aliases":["Wave8"],
"objclass": "SpawnZombiesJitteredWaveActionProps",
"objdata":{
    "AdditionalPlantfood": 0,
    "Zombies": [
        {"Type": "RTID(tutorial_armor2@ZombieTypes)"},
        {"Type": "RTID(tutorial@ZombieTypes)"}
    ]
}},

{"aliases":["Wave9"],
"objclass": "SpawnZombiesJitteredWaveActionProps",
"objdata":{
    "AdditionalPlantfood": 0,
    "Zombies": [
        {"Row": "2", "Type": "RTID(halloween_breakdancer@ZombieTypes)"},
        {"Type": "RTID(lostcity_crystalskull@ZombieTypes)"},
        {"Type": "RTID(tutorial@ZombieTypes)"},
        {"Type": "RTID(tutorial@ZombieTypes)"}
    ]
}},

{"aliases":["Wave10"],
"objclass": "SpawnZombiesJitteredWaveActionProps",
"objdata":{
    "AdditionalPlantfood": 0,
    "Zombies": [
        {"Row": "2", "Type": "RTID(tutorial_armor1@ZombieTypes)"},
        {"Row": "5", "Type": "RTID(tutorial_armor1@ZombieTypes)"},
        {"Row": "1", "Type": "RTID(tomb_raiser@ZombieTypes)"},
        {"Type": "RTID(halloween_breakdancer@ZombieTypes)"},
        {"Type": "RTID(west_bull@ZombieTypes)"},
        {"Type": "RTID(tutorial_armor2@ZombieTypes)"}
    ]
}},

{"aliases":["Wave11"],
"objclass": "SpawnZombiesJitteredWaveActionProps",
"objdata":{
    "AdditionalPlantfood": 0,
    "Zombies": [
        {"Row": "2", "Type": "RTID(halloween_relichunter@ZombieTypes)"},
        {"Row": "4", "Type": "RTID(dark_gravedropper@ZombieTypes)"},
        {"Row": "1", "Type": "RTID(tutorial@ZombieTypes)"},
        {"Type": "RTID(tutorial_armor1@ZombieTypes)"}
    ]
}},

{"aliases":["Wave12"],
"objclass": "SpawnZombiesJitteredWaveActionProps",
"objdata":{
    "AdditionalPlantfood": 0,
    "Zombies": [
        {"Row": "2", "Type": "RTID(halloween_octopus@ZombieTypes)"},
        {"Row": "5", "Type": "RTID(tutorial@ZombieTypes)"},
        {"Row": "1", "Type": "RTID(tutorial_armor1@ZombieTypes)"},
        {"Row": "4", "Type": "RTID(tutorial_armor1@ZombieTypes)"},
        {"Row": "2", "Type": "RTID(tutorial@ZombieTypes)"}
    ]
}},

{"aliases":["Wave13"],
"objclass": "SpawnZombiesJitteredWaveActionProps",
"objdata":{
    "AdditionalPlantfood": 0,
    "Zombies": [
        {"Row": "5", "Type": "RTID(tutorial@ZombieTypes)"},
        {"Row": "5", "Type": "RTID(halloween_breakdancer@ZombieTypes)"},
        {"Type": "RTID(halloween_relichunter@ZombieTypes)"},
        {"Type": "RTID(tutorial@ZombieTypes)"},
        {"Type": "RTID(tutorial@ZombieTypes)"}
    ]
}},

{"aliases":["Wave14"],
"objclass": "SpawnZombiesJitteredWaveActionProps",
"objdata":{
    "AdditionalPlantfood": 0,
    "Zombies": [
        {"Row": "5", "Type": "RTID(dark_gravedropper@ZombieTypes)"},
        {"Row": "4", "Type": "RTID(halloween_octopus@ZombieTypes)"},
        {"Type": "RTID(tutorial_armor2@ZombieTypes)"},
        {"Type": "RTID(tutorial_armor2@ZombieTypes)"}
    ]
}},

{"aliases":["Wave15"],
"objclass": "SpawnZombiesJitteredWaveActionProps",
"objdata":{
    "AdditionalPlantfood": 0,
    "Zombies": [
        {"Row": "3", "Type": "RTID(lostcity_crystalskull@ZombieTypes)"},
        {"Row": "2", "Type": "RTID(poncho@ZombieTypes)"},
        {"Row": "5", "Type": "RTID(halloween_excavator@ZombieTypes)"},
        {"Row": "1", "Type": "RTID(tutorial_armor1@ZombieTypes)"},
        {"Row": "4", "Type": "RTID(tutorial_armor1@ZombieTypes)"}
    ]
}},

{"aliases":["Wave16"],
"objclass": "SpawnZombiesJitteredWaveActionProps",
"objdata":{
    "AdditionalPlantfood": 1,
    "Zombies": [
        {"Row": "2", "Type": "RTID(tutorial@ZombieTypes)"},
        {"Row": "4", "Type": "RTID(tutorial@ZombieTypes)"},
        {"Row": "1", "Type": "RTID(tutorial@ZombieTypes)"},
        {"Row": "4", "Type": "RTID(halloween_breakdancer@ZombieTypes)"},
        {"Row": "1", "Type": "RTID(halloween_breakdancer@ZombieTypes)"},
        {"Row": "3", "Type": "RTID(tutorial_armor2@ZombieTypes)"}
    ]
}},

{"aliases":["Wave17"],
"objclass": "SpawnZombiesJitteredWaveActionProps",
"objdata":{
    "AdditionalPlantfood": 0,
    "Zombies": [
        {"Row": "2", "Type": "RTID(west_bull@ZombieTypes)"},
        {"Row": "1", "Type": "RTID(halloween_relichunter@ZombieTypes)"},
        {"Row": "3", "Type": "RTID(tutorial_armor1@ZombieTypes)"},
        {"Row": "5", "Type": "RTID(halloween_excavator@ZombieTypes)"},
        {"Row": "3", "Type": "RTID(tomb_raiser@ZombieTypes)"}
    ]
}},

{"aliases":["Wave18"],
"objclass": "SpawnZombiesJitteredWaveActionProps",
"objdata":{
    "AdditionalPlantfood": 0,
    "Zombies": [
        {"Row": "3", "Type": "RTID(halloween_octopus@ZombieTypes)"},
        {"Row": "4", "Type": "RTID(west_bull@ZombieTypes)"},
        {"Row": "2", "Type": "RTID(lostcity_crystalskull@ZombieTypes)"},
        {"Row": "1", "Type": "RTID(halloween_excavator@ZombieTypes)"},
        {"Row": "4", "Type": "RTID(poncho@ZombieTypes)"},
        {"Row": "5", "Type": "RTID(poncho@ZombieTypes)"}
    ]
}},

{"aliases":["Wave19"],
"objclass": "SpawnZombiesJitteredWaveActionProps",
"objdata":{
    "AdditionalPlantfood": 0,
    "Zombies": [
        {"Row": "2", "Type": "RTID(tutorial_armor2@ZombieTypes)"},
        {"Row": "1", "Type": "RTID(dark_gravedropper@ZombieTypes)"},
        {"Row": "4", "Type": "RTID(halloween_octopus@ZombieTypes)"},
        {"Row": "3", "Type": "RTID(poncho@ZombieTypes)"},
        {"Row": "1", "Type": "RTID(halloween_relichunter@ZombieTypes)"}
    ]
}},

{"aliases":["Wave20"],
"objclass": "SpawnZombiesJitteredWaveActionProps",
"objdata":{
    "AdditionalPlantfood": 0,
    "Zombies": [
        {"Row": "1", "Type": "RTID(tomb_raiser@ZombieTypes)"},
        {"Row": "5", "Type": "RTID(tomb_raiser@ZombieTypes)"},
        {"Row": "3", "Type": "RTID(halloween_octopus@ZombieTypes)"},
        {"Row": "1", "Type": "RTID(tutorial_armor1@ZombieTypes)"},
{"Row": "2", "Type": "RTID(tutorial_armor1@ZombieTypes)"},
{"Row": "4", "Type": "RTID(tutorial_armor1@ZombieTypes)"},
{"Row": "5", "Type": "RTID(tutorial_armor1@ZombieTypes)"},
        {"Row": "4", "Type": "RTID(west_bull@ZombieTypes)"},
        {"Type": "RTID(halloween_breakdancer@ZombieTypes)"},
        {"Type": "RTID(poncho@ZombieTypes)"},
        {"Type": "RTID(halloween_breakdancer@ZombieTypes)"},
        {"Type": "RTID(tutorial_armor2@ZombieTypes)"},
        {"Type": "RTID(poncho@ZombieTypes)"}
    ]
}},
{"aliases":["jam_8bit"],"objclass": "SpawnZombiesJitteredWaveActionProps","objdata": {"NotificationEvents": ["jam_8bit"]}},
{
            "objclass": "ZombieType",
            "aliases": [
                "ft_ghost"
            ],
            "objdata": {
                "TypeName": "caketank",
                "ZombieClass": "ZombieCakeTank",
                "Properties": "RTID(YoshiWasHere@CurrentLevel)",
                "ResourceGroups": [
                    "ZombieCakeTankGroup",
"ZombieEightiesBreakDancerGroup"
                ],
                "AudioGroups": [
                    "ZombieSteamGentlemanAudio"
                ],
                "AnimRigClass": "ZombieAnimRig_CakeTank",
                "PopAnim": "POPANIM_ZOMBIE_ZOMBIE_80S_BREAKDANCER",
                "HomeWorld": "tutorial",
                "Placeable": true
            }
        },
{
            "aliases": [
                "YoshiWasHere"
            ],
            "objclass": "ZombieCakeTankProps",
            "objdata": {
                "Actions": [
                    "RTID(ZombieGeneralWalkOn@ZombieActions)",
                    "RTID(ZombieGeneralIdle@ZombieActions)",
                    "RTID(ZombieGeneralDying@ZombieActions)",
                    "RTID(ZombieCakeTankDamageReact1Action@CurrentLevel)"
                   ], 
                "LifetimeSeconds": 9999999999,
                "GeneralPhase": 0,
                "ScoreOverride": 100000,
                "ArtCenter": {
                    "x": 90,
                    "y": 120
                },
                "ShadowOffset": {
                    "x": 10,
                    "y": 0,
                    "z": 1.2
                },
                "AttackRect": {
                    "mHeight": 95,
                    "mWidth": 110,
                    "mX": 0,
                    "mY": 0
                },
                "HitRect": {
                    "mHeight": 95,
                    "mWidth": 110,
                    "mX": 0,
                    "mY": 10
                },
                "CrosshairAnimation": "missile_lock_reticle",
                "CrosshairPopAnim": "POPANIM_EFFECTS_ZOMBOSS_MISSILE_EXPLOSION_FUTURE",
                "FoeEatDamageReflectPct": 0.5,
                "RocketAnimation": "missile",
                "RocketExplosionAnimation": "missile_explosion",
                "CraterLifetime": 5,
                "CanSpawnPlantFood": true,
                "Cost": 150,
                "EatDPS": 100,
                "GroundTrackName": "ground_swatch",
                "Hitpoints": 550,
                "ScaledProps": [
                    {
                        "Arg1": 1.3,
                        "Arg2": 0.05,
                        "Formula": "standard",
                        "Key": "Hitpoints"
                    },
                    {
                        "Formula": "constant",
                        "Key": "Speed"
                    }
                ],
                "CustomDamageSteps": [
                    {
                        "MaxDamagePercent": 1
                    },
                    {
                        "MaxDamagePercent": 0,
                        "ActionOnStart": "RTID(ZombieCakeTankDamageReact1Action@CurrentLevel)"
                    }
                ],
                "CollideHypnotizedZombies": "ignore",
                "Speed": 0.5,
                "WavePointCost": 900,
                "Weight": 3500,
                "ZombieStats": [
                    {
                        "Type": "toughness",
                        "Value": "toughness5"
                    },
                    {
                        "Type": "speed",
                        "Value": "speed0"
                    }
                ]
            }
        },
{
            "objclass": "ZombieDropActionDefinition",
            "aliases": [
                "ZombieCakeTankDamageReact1Action"
            ],
            "objdata": {
                "Weight": 1,
                "RepeatMin": 0,
                "RepeatMax": 0,
                "Phase": "None",
                "PhaseAfter": "Dying",
                "Invulnerable": "true",
                "Animation": "IDLE",
                "AwardDrop": "RTID(SpookyMonth@CurrentLevel)",
                "EffectPam": "",
                "EffectAnim": "break_power_tier4",
                "EffectOffsetX": 30,
                "EffectOffsetY": -90
            }
        },
 {
            "objclass": "ZombieDropProps",
            "aliases": [
                "SpookyMonth"
            ],
            "objdata": {
                "Zombies": [
                    {
                        "Type": "halloween_breakdancer",
                        "Hypnotized": false,
                        "TossGridXDelta": -1.25,
                                                "TossGridYDelta": 0,
                                                "SpawnGridXDelta": -1.25,
                                                "SpawnGridYDelta": 0,
                                                "SpawnGridZDelta": 2.5,
                                                "TossDuration": 2.0,
                                                "TossApexHeight": 200
                    }
                ]
            }
        },
{
            "objclass": "ZombiePlayAnimationActionDefinition",
            "aliases": [
                "ZombieGeneralDying"
            ],
            "objdata": {
                "Weight": 1,
                "RepeatMin": 0,
                "RepeatMax": 0,
                "Phase": "Dying",
                "PhaseAfter": "Destroy",
                "AnimationToPlay": "die"
            }
        },
        {}
    ],
    "version": 1
}