{"#comment": "FT-VIII: Protect 'n Chill | ELM: Ver-10.2-Pre1 [RFL v1.2]",
"#zombies": "tutorial, tutorial_armor1, tutorial_armor2, future_armor2, future_jetpack_disco, barrelroller, poncho, prospector, camel_onehump, cannon, cowboy_armor4, west_bull, tutorial_balloon, modern_newspaper, modern_allstar",
"objects": [{
    "objclass": "LevelDefinition",
    "objdata": {
    "StartingSun": 50,
    "Description": "{PLAYER}'s Flourished Town ",
    "FirstRewardParam": "moneybag",
    "LevelPowerupSet": "LevelPowerupsDisabled",
    "SuppressPlantfoodPurchase": true,
    "DisablePlantBoosts": true,
    "NormalPresentTable": "egypt_normal_01",
    "ShinyPresentTable": "egypt_shiny_01",
    "Loot": "RTID(DefaultLoot@LevelModules)",
    "ResourceGroupNames": [
        "DelayLoad_Background_Beach",
        "DelayLoad_Background_Beach_Compressed",
        "Tombstone_Dark_Special",
        "Tombstone_Dark_Effects"
    ],
    "Modules": [
        "RTID(OffScreenZombiesCoinOverride@LevelModules)",
        "RTID(WestMowers@LevelModules)",
        "RTID(StandardIntro@LevelModules)",
        "RTID(IPP_Protect@CurrentLevel)",
        "RTID(Rails@CurrentLevel)",
        "RTID(ZombieLevelSwaps@CurrentLevel)",
        "RTID(SeedBank@CurrentLevel)",
        "RTID(DefaultSunDropper@LevelModules)",
        "RTID(ChallengeModule@CurrentLevel)",
        "RTID(Escalation@CurrentLevel)",
        "RTID(NewWaves@CurrentLevel)",
        "RTID(ZombiesDeadWinCon@LevelModules)",
        "RTID(DefaultZombieWinCondition@LevelModules)"
    ],
    "Name": "FT-VIII: Protect 'n Chill",
    "StageModule": "RTID(WestStage@LevelModules)"
}},
{"aliases": ["SeedBank"],
"objclass": "SeedBankProperties",
"objdata": {
    "PresetPlantList": [
        {"PlantType": "snowpea", "Level":0}
    ],
    "PlantIncludeList": [
        
    ],
    "PlantExcludeList": [
        
    ],
    "SelectionMethod": "chooser"
}},
{"aliases":["ChallengeModule"],
"objclass": "StarChallengeModuleProperties",
"objdata": {
    "Challenges": [[
        "RTID(BeatTheLevel@CurrentLevel)",
        "RTID(ApplyZombieConditions@CurrentLevel)"
    ]],
    "ChallengesAlwaysAvailable": true
}},
{"aliases":["BeatTheLevel"],
"objclass": "StarChallengeBeatTheLevelProps",
"objdata": {
    "Description": "Survive and protect the endangered plants",
    "DescriptiveName": "Custom Objective"
}},
{"aliases":["ApplyZombieConditions"],
"objclass": "ApplyZombieConditionsChallengeProps",
"objdata": {
    "IncludeBurnedToAsh": false,
    "IncludeElectrified": false,
    "ConditionToInflict": [
        "chilled"
    ],
    "NumZombieConditionsToApply": 90
}},
{"aliases":["IPP_Protect"],
"objclass": "ProtectThePlantChallengeProperties",
"objdata": {
    "Plants": [
        {"GridX": 0, "GridY": 0, "Level": 0, "PlantType":"electricblueberry"},
        {"GridX": 3, "GridY": 0, "Level": 0, "PlantType":"snowpea"},
        {"GridX": 3, "GridY": 4, "Level": 0, "PlantType":"splitpea"}
    ], 
    "MustProtectCount": 3
}},
{"aliases": ["Rails"],
"objclass": "RailcartProperties",
"objdata": {
    "RailcartType": "railcart_cowboy",
        "Railcarts": [
            {"Column": 0, "Row": 0},
            {"Column": 3, "Row": 0},
            {"Column": 3, "Row": 4}
        ],
        "Rails": [
            {"Column": 0, "RowEnd": 0, "RowStart": 0},
            {"Column": 3, "RowEnd": 0, "RowStart": 0},
            {"Column": 0, "RowEnd": 1, "RowStart": 1},
            {"Column": 3, "RowEnd": 1, "RowStart": 1},
            {"Column": 0, "RowEnd": 2, "RowStart": 2},
            {"Column": 3, "RowEnd": 2, "RowStart": 2},
            {"Column": 0, "RowEnd": 3, "RowStart": 3},
            {"Column": 3, "RowEnd": 3, "RowStart": 3},
            {"Column": 0, "RowEnd": 4, "RowStart": 4},
            {"Column": 3, "RowEnd": 4, "RowStart": 4}
        ]
}},
{"aliases": ["ZombieLevelSwaps"],
"objclass": "LevelDifficultyScalingModuleProperties",
"objdata": {
    "DifficultyRulesType": "RiftDifficulty",
    "ZombieLevelSwaps": [
        {
            "Level": 0,
            "Swaps": [
                {
                    "From": "RTID(tutorial@ZombieTypes)",
                    "To": [
                         "RTID(tutorial@ZombieTypes)",
                         "RTID(mummy@ZombieTypes)",
                         "RTID(pirate@ZombieTypes)",
                         "RTID(cowboy@ZombieTypes)"
                    ]
                },
                {
                    "From": "RTID(tutorial_armor1@ZombieTypes)",
                    "To": [
                         "RTID(tutorial_armor1@ZombieTypes)",
                         "RTID(mummy_armor1@ZombieTypes)",
                         "RTID(pirate_armor1@ZombieTypes)"
                    ]
                },
                {
                    "From": "RTID(tutorial_armor2@ZombieTypes)",
                    "To": [
                         "RTID(tutorial_armor2@ZombieTypes)",
                         "RTID(pirate_armor2@ZombieTypes)",
                         "RTID(cowboy_armor2@ZombieTypes)"
                    ]
                },
                {
                    "From": "RTID(cowboy_armor4@ZombieTypes)",
                    "To": [
                         "RTID(cowboy_armor4@ZombieTypes)",
                         "RTID(tutorial_armor4@ZombieTypes)"
                    ]
                },
                {
                    "From": "RTID(future_armor2@ZombieTypes)",
                    "To": [
                         "RTID(ztech_teleporter@.)"
                    ]
                },
                {
                    "From": "RTID(future_jetpack_disco@ZombieTypes)",
                    "To": [
                         "RTID(disco_zombie@.)"
                    ]
                }
            ]
        }
    ]
}},
{"aliases": ["Escalation"],
"objclass": "LevelEscalationModuleProperties",
"objdata": {
    "FlagCount": 2,
    "WavesPerFlag": 8,
    "PlantfoodToSpawnCount": 0,
    "StartingPoints": 0,
    "PointIncrementPerWave": 0,
    "WaveManagerProps": "RTID(WaveManager@CurrentLevel)",
    "ZombiePool": [
        "RTID(tutorial@ZombieTypes)"
    ]
}},
{"aliases": ["NewWaves"],
"objclass": "WaveManagerModuleProperties",
"objdata": {}
},
{"aliases": ["WaveManager"],
"objclass": "WaveManagerProperties",
"objdata": {
    "FlagWaveInterval": 8,
    "FlagWaveVeteranOverrideTypes": [ 1, 1 ],
    "WaveCount": 16,
    "SuppressFlagZombie": false,
    "MinNextWaveHealthPercentage": 0.35,
    "MaxNextWaveHealthPercentage": 0.45,
    "Waves": [
        ["RTID(Wave1@.)"],
        ["RTID(Wave2@.)"],
        ["RTID(Wave3@.)"],
        ["RTID(Wave4@.)"],
        ["RTID(Wave5@.)"],
        ["RTID(Wave6@.)"],
        ["RTID(Wave7@.)"],
        ["RTID(Wave8@.)"],
        ["RTID(Wave9@.)"],
        ["RTID(Wave10@.)"],
        ["RTID(Wave11@.)"],
        ["RTID(Wave12@.)"],
        ["RTID(Wave13@.)"],
        ["RTID(Wave14@.)"],
        ["RTID(Wave15@.)"],
        ["RTID(Wave16@.)"]
    ]
}},
{"aliases":["Wave1"],
"objclass": "SpawnZombiesJitteredWaveActionProps",
"objdata":{
    "AdditionalPlantfood": 0,
    "Zombies": [
        {"Row": "1", "Type": "RTID(tutorial@ZombieTypes)"},
        {"Type": "RTID(tutorial@ZombieTypes)"}
    ]
}},

{"aliases":["Wave2"],
"objclass": "SpawnZombiesJitteredWaveActionProps",
"objdata":{
    "AdditionalPlantfood": 0,
    "Zombies": [
        {"Type": "RTID(tutorial@ZombieTypes)"},
        {"Type": "RTID(tutorial@ZombieTypes)"},
        {"Type": "RTID(tutorial@ZombieTypes)"}
    ]
}},

{"aliases":["Wave3"],
"objclass": "SpawnZombiesJitteredWaveActionProps",
"objdata":{
    "AdditionalPlantfood": 0,
    "Zombies": [
        {"Type": "RTID(tutorial_armor1@ZombieTypes)"},
        {"Type": "RTID(tutorial@ZombieTypes)"}
    ]
}},

{"aliases":["Wave4"],
"objclass": "SpawnZombiesJitteredWaveActionProps",
"objdata":{
    "AdditionalPlantfood": 0,
    "Zombies": [
        {"Type": "RTID(prospector@ZombieTypes)"},
        {"Type": "RTID(poncho@ZombieTypes)"}
    ]
}},

{"aliases":["Wave5"],
"objclass": "SpawnZombiesJitteredWaveActionProps",
"objdata":{
    "AdditionalPlantfood": 0,
    "Zombies": [
        {"Type": "RTID(tutorial_balloon@ZombieTypes)"},
        {"Type": "RTID(tutorial@ZombieTypes)"},
        {"Type": "RTID(tutorial@ZombieTypes)"}
    ]
}},

{"aliases":["Wave6"],
"objclass": "SpawnZombiesJitteredWaveActionProps",
"objdata":{
    "AdditionalPlantfood": 1,
    "Zombies": [
        {"Type": "RTID(tutorial@ZombieTypes)"},
        {"Type": "RTID(tutorial_balloon@ZombieTypes)"},
        {"Type": "RTID(prospector@ZombieTypes)"}
    ]
}},

{"aliases":["Wave7"],
"objclass": "SpawnZombiesJitteredWaveActionProps",
"objdata":{
    "AdditionalPlantfood": 0,
    "Zombies": [
        {"Type": "RTID(tutorial_armor2@ZombieTypes)"},
        {"Type": "RTID(tutorial@ZombieTypes)"},
        {"Type": "RTID(tutorial@ZombieTypes)"}
    ]
}},

{"aliases":["Wave8"],
"objclass": "SpawnZombiesJitteredWaveActionProps",
"objdata":{
    "AdditionalPlantfood": 0,
    "Zombies": [
        {"Row": "1", "Type": "RTID(tutorial_armor1@ZombieTypes)"},
        {"Row": "4", "Type": "RTID(barrelroller@ZombieTypes)"},
        {"Row": "2", "Type": "RTID(tutorial@ZombieTypes)"},
{"Type": "RTID(prospector@ZombieTypes)"},
{"Type": "RTID(prospector@ZombieTypes)"},
{"Type": "RTID(prospector@ZombieTypes)"},
        {"Type": "RTID(cannon@ZombieTypes)"}
    ]
}},

{"aliases":["Wave9"],
"objclass": "SpawnZombiesJitteredWaveActionProps",
"objdata":{
    "AdditionalPlantfood": 0,
    "Zombies": [
        {"Row": "5", "Type": "RTID(modern_newspaper@ZombieTypes)"},
        {"Type": "RTID(poncho@ZombieTypes)"},
        {"Type": "RTID(poncho@ZombieTypes)"},
        {"Type": "RTID(camel_onehump@ZombieTypes)"},
        {"Type": "RTID(future_jetpack_disco@ZombieTypes)"}
    ]
}},

{"aliases":["Wave10"],
"objclass": "SpawnZombiesJitteredWaveActionProps",
"objdata":{
    "AdditionalPlantfood": 0,
    "Zombies": [
        {"Type": "RTID(future_armor2@ZombieTypes)"},
        {"Type": "RTID(camel_onehump@ZombieTypes)"},
        {"Type": "RTID(prospector@ZombieTypes)"},
        {"Type": "RTID(west_bull@ZombieTypes)"}
    ]
}},

{"aliases":["Wave11"],
"objclass": "SpawnZombiesJitteredWaveActionProps",
"objdata":{
    "AdditionalPlantfood": 0,
    "Zombies": [
        {"Type": "RTID(camel_onehump@ZombieTypes)"},
        {"Type": "RTID(tutorial_balloon@ZombieTypes)"},
        {"Type": "RTID(cannon@ZombieTypes)"},
        {"Type": "RTID(tutorial_balloon@ZombieTypes)"}
    ]
}},

{"aliases":["Wave12"],
"objclass": "SpawnZombiesJitteredWaveActionProps",
"objdata":{
    "AdditionalPlantfood": 0,
    "Zombies": [
        {"Type": "RTID(tutorial_armor2@ZombieTypes)"},
        {"Type": "RTID(tutorial_armor2@ZombieTypes)"},
        {"Type": "RTID(tutorial_balloon@ZombieTypes)"},
        {"Type": "RTID(modern_allstar@ZombieTypes)"}
    ]
}},

{"aliases":["Wave13"],
"objclass": "SpawnZombiesJitteredWaveActionProps",
"objdata":{
    "AdditionalPlantfood": 1,
    "Zombies": [
        {"Type": "RTID(barrelroller@ZombieTypes)"},
        {"Type": "RTID(poncho@ZombieTypes)"},
        {"Type": "RTID(poncho@ZombieTypes)"},
        {"Type": "RTID(tutorial_balloon@ZombieTypes)"},
        {"Type": "RTID(future_armor2@ZombieTypes)"}
    ]
}},

{"aliases":["Wave14"],
"objclass": "SpawnZombiesJitteredWaveActionProps",
"objdata":{
    "AdditionalPlantfood": 0,
    "Zombies": [
        {"Row": "2", "Type": "RTID(tutorial_armor1@ZombieTypes)"},
        {"Row": "4", "Type": "RTID(cannon@ZombieTypes)"},
        {"Type": "RTID(cannon@ZombieTypes)"},
        {"Type": "RTID(cowboy_armor4@ZombieTypes)"},
        {"Type": "RTID(west_bull@ZombieTypes)"}
    ]
}},

{"aliases":["Wave15"],
"objclass": "SpawnZombiesJitteredWaveActionProps",
"objdata":{
    "AdditionalPlantfood": 0,
    "Zombies": [
        {"Row": "2", "Type": "RTID(tutorial@ZombieTypes)"},
        {"Row": "5", "Type": "RTID(tutorial@ZombieTypes)"},
        {"Row": "3", "Type": "RTID(tutorial_armor1@ZombieTypes)"},
        {"Type": "RTID(future_jetpack_disco@ZombieTypes)"},
        {"Type": "RTID(poncho@ZombieTypes)"},
        {"Type": "RTID(tutorial_balloon@ZombieTypes)"}
    ]
}},

{"aliases":["Wave16"],
"objclass": "SpawnZombiesJitteredWaveActionProps",
"objdata":{
    "AdditionalPlantfood": 0,
    "Zombies": [
        {"Row": "4", "Type": "RTID(tutorial_armor1@ZombieTypes)"},
        {"Row": "2", "Type": "RTID(tutorial_armor1@ZombieTypes)"},
        {"Row": "1", "Type": "RTID(tutorial_armor2@ZombieTypes)"},
        {"Type": "RTID(west_bull@ZombieTypes)"},
        {"Type": "RTID(barrelroller@ZombieTypes)"},
        {"Type": "RTID(tutorial_balloon@ZombieTypes)"},
        {"Type": "RTID(future_jetpack_disco@ZombieTypes)"},
        {"Type": "RTID(cowboy_armor4@ZombieTypes)"},
        {"Type": "RTID(modern_allstar@ZombieTypes)"},
{"Type": "RTID(prospector@ZombieTypes)"},
{"Type": "RTID(prospector@ZombieTypes)"},
{"Type": "RTID(prospector@ZombieTypes)"},
{"Type": "RTID(prospector@ZombieTypes)"},
{"Type": "RTID(prospector@ZombieTypes)"},
        {"Type": "RTID(future_armor2@ZombieTypes)"}
    ]
}},
{
            "objclass": "ZombieType",
            "aliases": [
                "ztech_teleporter"
            ],
            "objdata": {
                "TypeName": "carnie_magician",
                "ZombieClass": "ZombieCarnieMagician",
                "Properties": "RTID(ZombieCarnieMagician@.)",
                "ResourceGroups": [
                    "ZombieCarnieDoveGroup",
                    "ZombieWestChickenGroup",
                    "ZombieCarnieMagicianGroup",
                    "ZombieZmechTeleportGroup",
"ZombieFutureBasicGroup"
                ],
                "Comment": " Need to be updated after art integration",
                "AudioGroups": [
                    "ZombieCarnieMagicianAudio"
                ],
                "AnimRigClass": "ZombieAnimRig_FutureBasic",
                "PopAnim": "POPANIM_ZOMBIE_ZOMBIE_FUTURE_BASIC_BRICK",
                "HomeWorld": "rift2",
                "AlmanacBackdropName": "warp",
                "Placeable": true
            }
        },
{
            "aliases": [
                "ZombieCarnieMagician"
            ],
            "objclass": "ZombieCarnieMagicianProps",
            "objdata": {
                "Actions": [
                    "RTID(ZombieCarnieMagicianTeleportActionOther@CurrentLevel)",
                    "RTID(ZombieCarnieMagicianTeleportActionSelf@CurrentLevel)",
                    "RTID(ZombieCarnieMagicianSpawnDove@ZombieActions)"
                ],
                "TeleportOtherStartTime": 999999999999999,
                "TeleportSelfStartTime": 15,
                "DoveSpawnStartTime": 99999999999999999999,
                "TimeBetweenTeleportOther": 9999999999999999,
                "TimeBetweenTeleportSelf": 99999999999999999,
                "TimeBetweenDoveSpawn": 99999999999,
                
                "ImmuneToPlantRestrictionSet": {
                    "List": [
                        "thymewarp",
                        "caulipower",
                        "imppear",
                        "hocus",
                        "witchhazel",
                        "hypnoshroom",
                        "shrinkingviolet",
                        "solarsage",
                        "sporeshroom"
                    ],
                    "ListType": "excludelist"
                },
                "StreetSize": {
                    "x": 3,
                    "y": 2
                },
                "ArtCenter": {
                    "x": 90,
                    "y": 125
                },
                "ShadowOffset": {
                    "x": 10,
                    "y": 0,
                    "z": 1.2
                },
                "AttackRect": {
                    "mHeight": 95,
                    "mWidth": 62,
                    "mX": 10,
                    "mY": 0
                },
                "HitRect": {
                    "mHeight": 95,
                    "mWidth": 62,
                    "mX": 10,
                    "mY": 10
                },
                "CanSpawnPlantFood": true,
                "Cost": 150,
                "EatDPS": 100,
                "GroundTrackName": "ground_swatch",
                "Hitpoints": 400,
                "ScaledProps": [
                    {
                        "Arg1": 1.3,
                        "Arg2": 0.05,
                        "Formula": "standard",
                        "Key": "Hitpoints"
                    },
                    {
                        "Formula": "constant",
                        "Key": "Speed"
                    }
                ],
                "Speed": 0.5,
                "WavePointCost": 900,
                "Weight": 3500,
"ZombieArmorProps": [
                      "RTID(RedYoshiArmor@CurrentLevel)"    
                ],

                "ZombieStats": [
                    {
                        "Type": "toughness",
                        "Value": "toughness5"
                    },
                    {
                        "Type": "speed",
                        "Value": "speed0"
                    }
                ]
            }
        },
{
            "objclass": "ZombieTeleportActionDefinition",
            "aliases": [
                "ZombieCarnieMagicianTeleportActionOther"
            ],
            "objdata": {
                "NumZombies": 1,
                "TilesToAdvance": 2.0,
                "WeightLeftmost": 20,
                "WeightRightmost": 35,
                "WeightRandom": 10,
                "TimeBeforeWarpStart": 0.0,
                "TimeOfWarpOut": 0,
                "TimeZombieIsGone": 0.5,
                "TimeOfWarpIn": 1,
                "Phase": "Attacking",
                "ColumnMin": 4,
                "DelayWarpIn": true,
                "RampUpAnimation": "walk",
                "LoopingAnimation": "",
                "RampDownAnimation": "idle",
                "AnimationSoundFX": "Play_Zomb_Carnival_Magician_Teleport",
                "NoRepeatTargets": true,
                "DoOnlySelfTeleport": false,
                "IgnoreSelfWhileTeleportingOther": true,
                "CanShiftLane": true,
                
                "comment": "Random number between 0 and 'MaxRowShift' is choosen to shift zombies to other lanes",
                "MaxRowShift": 3,
                "ShouldAshOnTeleportError": true,
                "ConditionsRemovedByWarping": [
                    "gummed"
                ],
                "ZombieTargetExcludeList": {
                    "ListType": "excludelist",
                    "List": [
                        "ZombieRomanShield",
                        "ZombieRomanTopShield",
                        "ZombieCamel",
                        "ZombieGargantuar",
                        "ZombieGeneralBase",
                        "ZombieZombossMech",
                        "ZombieCarnieCannon",
                        "ZombiePirateCannon",
                        "ZombieRomanBallista",
                        "ZombieBullVeteran",
                        "ZombieBull",
                        "ZombieTreasureYeti",
                        "ZombieCarnieDove",
                        "ZombiePirateParrot",
                        "ZombieBeachFisherman",
                        "ZombieZcorpRacerProps",
                        "ZombieZCorpConsultant",
                        "ZombieDarkKing"
                    ]
                }
            }
        },
        {
            "objclass": "ZombieTeleportActionDefinition",
            "aliases": [
                "ZombieCarnieMagicianTeleportActionSelf"
            ],
            "objdata": {
                "NumZombies": 1,
                "TilesToAdvance": 2.0,
                "WeightLeftmost": 50,
                "WeightRightmost": 50,
                "WeightRandom": 50,
                "TimeBeforeWarpStart": 0.0,
                "TimeOfWarpOut": 0,
                "TimeZombieIsGone": 0.5,
                "TimeOfWarpIn": 1,
                "Phase": "Attacking",
                "ColumnMin": 4,
                "DelayWarpIn": false,
                "RampUpAnimation": "idle",
                "LoopingAnimation": "",
                "RampDownAnimation": "idle",
                "AnimationSoundFX": "Play_Zomb_Carnival_Magician_Teleport",
                "NoRepeatTargets": true,
                "DoOnlySelfTeleport": true,
                "IgnoreSelfWhileTeleportingOther": false,
                "CanShiftLane": true,
                "comment": "Random number between 0 and 'MaxRowShift' is chosen to shift zombies to other lanes",
                "MaxRowShift": 3,
                "ShouldAshOnTeleportError": true,
                "ConditionsRemovedByWarping": [
                    "gummed"
                ]
            }
        },
{
            "objclass": "ArmorPropertySheet",
            "aliases": [
                "RedYoshiArmor"
            ],
            "objdata": {
                "ArmorType": "Bucket",
                "BaseHealth": 800.0,
                "ArmorFlags": [
                    "damageable",
                    "droppable",
                    "helm",
"metallic"
                ],
                "ArmorLayers": [
                    "zombie_armor_bucket_norm",
                    "zombie_armor_bucket_damage_01",
                    "zombie_armor_bucket_damage_02"
                ],
                "ArmorLayerHealth": [
                    0.666,
                    0.333
                ],
                "ImpactSoundEvent": "Play_impact_shieldhit"
            }
        },
{
            "objclass": "ZombieType",
            "aliases": [
                "disco_zombie"
            ],
            "objdata": {
                "TypeName": "future_jetpack_disco",
                "ZombieClass": "ZombieCarnieMagician",
                "Properties": "RTID(ZombieDisco@CurrentLevel)",
                 "ResourceGroups": [
                "ZombieFutureMechDiscoGroup"

                ],
                "AudioGroups": [
                    "ZombieFutureJetpackAudio"
                ],
                "AnimRigClass": "ZombieAnimRig_FutureJetpack",
                "PopAnim": "POPANIM_ZOMBIE_ZOMBIE_FUTURE_JETPACK",
                "HomeWorld": "future",
                "Placeable": true
            }
        },
{
            "aliases": [
                "ZombieDisco"
            ],
            "objclass": "ZombieCarnieMagicianProps",
            "objdata": {
                "Actions": [
                    "RTID(ZombieGeneralZmechJetpackSummonPhase1Action@CurrentLevel)"
                ],
                "TeleportOtherStartTime": 10,
                "TeleportSelfStartTime": 999999,
                "DoveSpawnStartTime": 9999999,
                "TimeBetweenTeleportOther": 10,
                "TimeBetweenTeleportSelf": 20,
                "TimeBetweenDoveSpawn": 23,
                "TeleportationFailPercentage": 5,
                "ImmuneToPlantRestrictionSet": {
                    "List": [
                        "thymewarp",
                        "caulipower",
                        "imppear",
                        "hocus",
                        "witchhazel",
                        "hypnoshroom",
                        "shrinkingviolet",
                        "solarsage",
                        "sporeshroom"
                    ],
                    "ListType": "excludelist"
                },
                "StreetSize": {
                    "x": 3,
                    "y": 2
                },
                "ArtCenter": {
                    "x": 90,
                    "y": 125
                },
                "ShadowOffset": {
                    "x": 10,
                    "y": 0,
                    "z": 1.2
                },
                "AttackRect": {
                    "mHeight": 95,
                    "mWidth": 62,
                    "mX": 10,
                    "mY": 0
                },
                "HitRect": {
                    "mHeight": 95,
                    "mWidth": 62,
                    "mX": 10,
                    "mY": 10
                },
                "CanSpawnPlantFood": true,
                "Cost": 150,
                "EatDPS": 100,
                "GroundTrackName": "ground_swatch",
                "Hitpoints": 1250,
                "ScaledProps": [
                    {
                        "Arg1": 1.3,
                        "Arg2": 0.05,
                        "Formula": "standard",
                        "Key": "Hitpoints"
                    },
                    {
                        "Formula": "constant",
                        "Key": "Speed"
                    }
                ],
                "Speed": 0.15,
                "WavePointCost": 900,
                "Weight": 3500,
                "ZombieStats": [
                    {
                        "Type": "toughness",
                        "Value": "toughness5"
                    },
                    {
                        "Type": "speed",
                        "Value": "speed0"
                    }
                ]
            }
        },
{
            "objclass": "ZombieDropZombiesOnBoardActionDefinition",
            "aliases": [
                "ZombieGeneralZmechJetpackSummonPhase1Action"
            ],
            "objdata": {
                "Weight": 0,
                "RepeatMin": 0,
                "RepeatMax": 0,
                "ColumnEnd": "0",
                "ColumnStart": "0",
                "MinSpawn": "4",
                "MaxSpawn": "4",
                "CenterOnInstigator": true,
                "ZombieNames": [
                    "eighties"

                ],
                "ZombieWeights": [
                    25
                ],
                "TimeBeforeSpawn": 1.5,
                "ZombieFallTime": 1.0,
                "Phase": "Attacking",
                "RiseFromGround": "true",
                "RampUpAnimation": "fly_up",
                "LoopingAnimation": "idle",
                "RampDownAnimation": "walk",
                "EffectTypeToShow": ""
            }},
        {}
    ],
    "version": 1
}