{"#comment": "FT-X: Z-tech's Vengeance  | ELM: Ver-10.2-Pre1 [RFL v1.2]",
"#zombies": "tutorial, tutorial_armor1, tutorial_armor2, future_jetpack_disco, future_armor2, halloween_breakdancer, modern_allstar, modern_newspaper, tutorial_balloon, steam_furnace, zmech_template_1, iceage_chief, eighties_boombox_8bit, zcorp_racer_chair, tutorial_gargantuar, dino_pterry, stpatrick_ballista, valentines_seagull",
"objects": [{
    "objclass": "LevelDefinition",
    "objdata": {
    "StartingSun": 300,
    "Description": "{PLAYER}'s Zmech Battle",
    "FirstRewardParam": "moneybag",
    "LevelPowerupSet": "LevelPowerupsDisabled",
    "SuppressPlantfoodPurchase": true,
    "DisablePlantBoosts": true,
    "NormalPresentTable": "egypt_normal_01",
    "ShinyPresentTable": "egypt_shiny_01",
    "Loot": "RTID(DefaultLoot@LevelModules)",
    "ResourceGroupNames": [
        "DelayLoad_Background_Beach",
        "DelayLoad_Background_Beach_Compressed",
        "Tombstone_Dark_Special",
"ZombieZmechAudio",
                    "ZombossFutureAudio",
"ZombieZmechGroup",
                    "ZombieZmechTeleportGroup",
                    "ZombieFutureZombossEffectsGroup",
                    "ScorchedEarthGroup",
                    "ZombieFutureImpGroup",
                    "ZombieFutureJetpackGroup",
                    "ZombieFutureJetpackVeteranGroup",
                    "ZombieFutureMechDiscoGroup",
        "Tombstone_Dark_Effects"
    ],
    "Modules": [
        "RTID(OffScreenZombiesCoinOverride@LevelModules)",
        "RTID(StandardIntro@LevelModules)",
        "RTID(ZombieLevelSwaps@CurrentLevel)",
        "RTID(HolidayDrinksValenbrainz@LevelModules)",
        "RTID(SeedBank@CurrentLevel)",
        "RTID(DefaultSunDropper@LevelModules)",
        "RTID(ChallengeModule@CurrentLevel)",
        "RTID(Escalation@CurrentLevel)",
        "RTID(NewWaves@CurrentLevel)",
        "RTID(ZombiesDeadWinCon@LevelModules)",
"RTID(GI@CurrentLevel)",
        "RTID(DefaultZombieWinCondition@LevelModules)"
    ],
    "Name": "FT-X: Z-tech's Vengeance ",
    "StageModule": "RTID(HeroesStage@LevelModules)",
    "MusicType": "MiniGame_MiniBoss"
}},
{"aliases": ["SeedBank"],
"objclass": "SeedBankProperties",
"objdata": {
    "PresetPlantList": [
        
    ],
    "PlantIncludeList": [
        "sunflower",
        "peashooter",
        "wallnut",
        "tallnut",
        "explodeonut",
        "bonkchoy",
        "cabbagepult",
        "melonpult",
        "cherry_bomb",
        "coconutcannon",
        "gravebuster",
        "iceburg",
        "laser_bean",
        "potatomine",
        "repeater",
        "snapdragon",
        "spikeweed",
        "threepeater",
        "torchwood",
        "kernelpult",
        "springbean",
        "snowpea",
        "chilibean",
        "splitpea",
        "lightningreed",
        "peapod",
        "magnifyinggrass",
        "bloomerang",
        "holonut",
        "empea",
        "blover",
        "starfruit",
        "imitater",
        "jalapeno",
        "wintermelon",
        "twinsunflower",
        "spikerock",
        "powerlily",
        "squash",
        "citron",
        "powerplant",
        "sunshroom",
        "puffshroom",
        "fumeshroom",
        "sunbean",
        "magnetshroom",
        "hypnoshroom",
        "peanut",
        "firepeashooter",
        "lilypad",
        "bowlingbulb",
        "homingthistle",
        "banana",
        "chomper",
        "guacodile",
        "tanglekelp",
        "ghostpepper",
        "sweetpotato",
        "sapfling",
        "hurrikale",
        "xshot",
        "chardguard",
        "pepperpult",
        "kiwibeast",
        "hotpotato",
        "stunion",
        "dandelion",
        "redstinger",
        "goldleaf",
        "akee",
        "lavaguava",
        "toadstool",
        "endurian",
        "stallia",
        "strawburst",
        "cactus",
        "phatbeet",
        "thymewarp",
        "celerystalker",
        "electricblueberry",
        "sporeshroom",
        "garlic",
        "intensivecarrot",
        "jackolantern",
        "primalpeashooter",
        "grapeshot",
        "primalwallnut",
        "perfumeshroom",
        "coldsnapdragon",
        "primalsunflower",
        "primalpotatomine",
        "shrinkingviolet",
        "moonflower",
        "nightshade",
        "shadowshroom",
        "bloominghearts",
        "escaperoot",
        "grimrose",
        "dusklobber",
        "goldbloom",
        "electriccurrant",
        "aloe",
        "wasabiwhip",
        "applemortar",
        "bombegranate",
        "missiletoe",
        "parsnip",
        "witchhazel",
        "hotdate",
        "caulipower",
        "solartomato",
        "electricpeashooter",
        "hollyknight",
        "shadowpeashooter",
        "poisonpeashooter",
        "slingpea",
        "snappea",
        "zoybeanpod",
        "dazeychain",
        "electricitea",
        "blastberry",
        "imppear",
        "pumpkin",
        "icebloom",
        "dartichoke",
        "ultomato",
        "gumnut",
        "shinevine",
        "tumbleweed",
        "murkadamia",
        "puffball",
        "stickybombrice",
        "olivepit",
        "turkeypult",
        "boingsetta",
        "hocus",
        "gloomvine",
        "draftodil",
        "boomflower",
        "pvine",
        "inferno",
        "solarsage",
        "noctarine",
        "iceweed",
        "unused_45",
        "unused_47",
        "unused_43",
        "unused_48",
        "unused_49",
        "unused_46"
    ],
    "PlantExcludeList": [
        
    ],
    "SelectionMethod": "chooser"
}},
{"aliases":["ChallengeModule"],
"objclass": "StarChallengeModuleProperties",
"objdata": {
    "Challenges": [[
        "RTID(BeatTheLevel@CurrentLevel)"
    ]],
    "ChallengesAlwaysAvailable": true
}},
{"aliases":["BeatTheLevel"],
"objclass": "StarChallengeBeatTheLevelProps",
"objdata": {
    "Description": "Survive a Massive battle against The Zmech!",
    "DescriptiveName": "Custom Objective"
}},
{"aliases":["GI"],
"objclass":"InitialGridItemProperties",
"objdata":{
    "InitialGridItemPlacements": [
        {"GridX": 10, "GridY": 1, "TypeName":"pvz3_fog_setup"},
        {"GridX": 10, "GridY": -1, "TypeName":"pvz3_fog_setup"},
        {"GridX": 10, "GridY": 2, "TypeName":"pvz3_fog_setup"},
        {"GridX": 10, "GridY": 3, "TypeName":"pvz3_fog_setup"},
 {"GridX": 10, "GridY": 5, "TypeName":"pvz3_fog_setup"},
 {"GridX": 10, "GridY": 0, "TypeName":"pvz3_fog_setup"},
        {"GridX": 10, "GridY": 4, "TypeName":"pvz3_fog_setup"}
    ]
}},
{"aliases": ["ZombieLevelSwaps"],
"objclass": "LevelDifficultyScalingModuleProperties",
"objdata": {
    "DifficultyRulesType": "RiftDifficulty",
    "ZombieLevelSwaps": [
        {
            "Level": 0,
            "Swaps": [
                {
                    "From": "RTID(future_armor2@ZombieTypes)",
                    "To": [
                         "RTID(ztech_teleporter@.)"
                    ]
                },
                {
                    "From": "RTID(halloween_breakdancer@ZombieTypes)",
                    "To": [
                         "RTID(ft_ghost@.)"
                    ]
                },
                {
                    "From": "RTID(future_jetpack_disco@ZombieTypes)",
                    "To": [
                         "RTID(disco_zombie@.)"
                    ]
                }
            ]
        }
    ]
}},
{"aliases": ["Escalation"],
"objclass": "LevelEscalationModuleProperties",
"objdata": {
    "FlagCount": 3,
    "WavesPerFlag": 8,
    "PlantfoodToSpawnCount": 0,
    "StartingPoints": 0,
    "PointIncrementPerWave": 0,
    "WaveManagerProps": "RTID(WaveManager@CurrentLevel)",
    "ZombiePool": [
        "RTID(tutorial@ZombieTypes)"
    ]
}},
{"aliases": ["NewWaves"],
"objclass": "WaveManagerModuleProperties",
"objdata": {}
},
{"aliases": ["WaveManager"],
"objclass": "WaveManagerProperties",
"objdata": {
    "FlagWaveInterval": 8,
    "FlagWaveVeteranOverrideTypes": [ 1, 1, 1 ],
    "WaveCount": 24,
    "SuppressFlagZombie": false,
    "MinNextWaveHealthPercentage": 0.35,
    "MaxNextWaveHealthPercentage": 0.45,
    "Waves": [
        ["RTID(Wave1@.)", "RTID(jam_8bit@.)"],
        ["RTID(Wave2@.)"],
        ["RTID(Wave3@.)"],
        ["RTID(Wave4@.)"],
        ["RTID(Wave5@.)"],
        ["RTID(Wave6@.)"],
        ["RTID(Wave7@.)"],
        ["RTID(Wave8@.)"],
        ["RTID(Wave9@.)"],
        ["RTID(Wave10@.)"],
        ["RTID(Wave11@.)"],
        ["RTID(Wave12@.)"],
        ["RTID(Wave13@.)"],
        ["RTID(Wave14@.)"],
        ["RTID(Wave15@.)"],
        ["RTID(Wave16@.)"],
        ["RTID(Wave17@.)"],
        ["RTID(Wave18@.)"],
        ["RTID(Wave19@.)"],
        ["RTID(Wave20@.)"],
        ["RTID(Wave21@.)"],
        ["RTID(Wave22@.)"],
        ["RTID(Wave23@.)"],
        ["RTID(Wave24@.)"]
    ]
}},
{"aliases":["Wave1"],
"objclass": "SpawnZombiesJitteredWaveActionProps",
"objdata":{
    "AdditionalPlantfood": 0,
    "Zombies": [
        {"Row": "1", "Type": "RTID(tutorial@ZombieTypes)"},
        {"Type": "RTID(tutorial@ZombieTypes)"},
        {"Type": "RTID(tutorial@ZombieTypes)"}
    ]
}},

{"aliases":["Wave2"],
"objclass": "SpawnZombiesJitteredWaveActionProps",
"objdata":{
    "AdditionalPlantfood": 0,
    "Zombies": [
        {"Row": "2", "Type": "RTID(tutorial_armor1@ZombieTypes)"},
        {"Type": "RTID(tutorial_balloon@ZombieTypes)"}
    ]
}},

{"aliases":["Wave3"],
"objclass": "SpawnZombiesJitteredWaveActionProps",
"objdata":{
    "AdditionalPlantfood": 0,
    "Zombies": [
        {"Row": "3", "Type": "RTID(tutorial_armor1@ZombieTypes)"},
        {"Type": "RTID(tutorial@ZombieTypes)"},
        {"Type": "RTID(tutorial@ZombieTypes)"}
    ]
}},

{"aliases":["Wave4"],
"objclass": "SpawnZombiesJitteredWaveActionProps",
"objdata":{
    "AdditionalPlantfood": 0,
    "Zombies": [
        {"Row": "2", "Type": "RTID(tutorial_armor2@ZombieTypes)"},
        {"Type": "RTID(tutorial_armor1@ZombieTypes)"}
    ]
}},

{"aliases":["Wave5"],
"objclass": "SpawnZombiesJitteredWaveActionProps",
"objdata":{
    "AdditionalPlantfood": 1,
    "Zombies": [
        {"Row": "3", "Type": "RTID(tutorial_balloon@ZombieTypes)"},
        {"Type": "RTID(tutorial_armor2@ZombieTypes)"},
        {"Type": "RTID(tutorial@ZombieTypes)"}
    ]
}},

{"aliases":["Wave6"],
"objclass": "SpawnZombiesJitteredWaveActionProps",
"objdata":{
    "AdditionalPlantfood": 0,
    "Zombies": [
        {"Row": "3", "Type": "RTID(tutorial_armor1@ZombieTypes)"},
        {"Type": "RTID(tutorial_armor2@ZombieTypes)"},
        {"Type": "RTID(tutorial@ZombieTypes)"}
    ]
}},

{"aliases":["Wave7"],
"objclass": "SpawnZombiesJitteredWaveActionProps",
"objdata":{
    "AdditionalPlantfood": 0,
    "Zombies": [
        {"Type": "RTID(modern_newspaper@ZombieTypes)"},
        {"Type": "RTID(tutorial_armor1@ZombieTypes)"},
        {"Type": "RTID(tutorial_armor1@ZombieTypes)"}
    ]
}},

{"aliases":["Wave8"],
"objclass": "SpawnZombiesJitteredWaveActionProps",
"objdata":{
    "AdditionalPlantfood": 0,
    "Zombies": [
        {"Row": "3", "Type": "RTID(tutorial_armor2@ZombieTypes)"},
        {"Row": "2", "Type": "RTID(tutorial_armor2@ZombieTypes)"},
        {"Type": "RTID(modern_allstar@ZombieTypes)"},
        {"Type": "RTID(modern_allstar@ZombieTypes)"},
        {"Type": "RTID(modern_newspaper@ZombieTypes)"},
        {"Type": "RTID(modern_newspaper@ZombieTypes)"}
    ]
}},

{"aliases":["Wave9"],
"objclass": "SpawnZombiesJitteredWaveActionProps",
"objdata":{
    "AdditionalPlantfood": 0,
    "Zombies": [
        {"Type": "RTID(future_armor2@ZombieTypes)"},
        {"Type": "RTID(future_armor2@ZombieTypes)"},
        {"Type": "RTID(tutorial_armor2@ZombieTypes)"}
    ]
}},

{"aliases":["Wave10"],
"objclass": "SpawnZombiesJitteredWaveActionProps",
"objdata":{
    "AdditionalPlantfood": 0,
    "Zombies": [
        {"Row": "2", "Type": "RTID(tutorial_armor1@ZombieTypes)"},
        {"Type": "RTID(tutorial_balloon@ZombieTypes)"},
        {"Type": "RTID(tutorial_armor2@ZombieTypes)"},
        {"Type": "RTID(tutorial_armor1@ZombieTypes)"}
    ]
}},

{"aliases":["Wave11"],
"objclass": "SpawnZombiesJitteredWaveActionProps",
"objdata":{
    "AdditionalPlantfood": 0,
    "Zombies": [
        {"Type": "RTID(tutorial_armor1@ZombieTypes)"},
        {"Type": "RTID(future_jetpack_disco@ZombieTypes)"},
        {"Type": "RTID(tutorial_armor1@ZombieTypes)"},
        {"Type": "RTID(future_jetpack_disco@ZombieTypes)"}
    ]
}},

{"aliases":["Wave12"],
"objclass": "SpawnZombiesJitteredWaveActionProps",
"objdata":{
    "AdditionalPlantfood": 0,
    "Zombies": [
        {"Type": "RTID(modern_newspaper@ZombieTypes)"},
        {"Type": "RTID(tutorial_armor2@ZombieTypes)"},
        {"Type": "RTID(steam_furnace@ZombieTypes)"}
    ]
}},

{"aliases":["Wave13"],
"objclass": "SpawnZombiesJitteredWaveActionProps",
"objdata":{
    "AdditionalPlantfood": 0,
    "Zombies": [
        {"Row": "2", "Type": "RTID(tutorial_armor1@ZombieTypes)"},
        {"Row": "5", "Type": "RTID(tutorial_armor1@ZombieTypes)"},
        {"Row": "1", "Type": "RTID(tutorial@ZombieTypes)"},
        {"Type": "RTID(eighties_boombox_8bit@ZombieTypes)"},
        {"Type": "RTID(iceage_chief@ZombieTypes)"},
        {"Type": "RTID(iceage_chief@ZombieTypes)"}
    ]
}},

{"aliases":["Wave14"],
"objclass": "SpawnZombiesJitteredWaveActionProps",
"objdata":{
    "AdditionalPlantfood": 1,
    "Zombies": [
        {"Row": "4", "Type": "RTID(tutorial_armor1@ZombieTypes)"},
        {"Row": "3", "Type": "RTID(tutorial_armor1@ZombieTypes)"},
        {"Type": "RTID(tutorial_balloon@ZombieTypes)"},
        {"Type": "RTID(tutorial_armor2@ZombieTypes)"},
        {"Type": "RTID(future_armor2@ZombieTypes)"}
    ]
}},

{"aliases":["Wave15"],
"objclass": "SpawnZombiesJitteredWaveActionProps",
"objdata":{
    "AdditionalPlantfood": 0,
    "Zombies": [
        {"Type": "RTID(zcorp_racer_chair@ZombieTypes)"},
        {"Type": "RTID(tutorial_armor1@ZombieTypes)"},
        {"Type": "RTID(tutorial_armor1@ZombieTypes)"}
    ]
}},

{"aliases":["Wave16"],
"objclass": "SpawnZombiesJitteredWaveActionProps",
"objdata":{
    "AdditionalPlantfood": 0,
    "Zombies": [
        {"Row": "2", "Type": "RTID(tutorial@ZombieTypes)"},
        {"Row": "2", "Type": "RTID(halloween_breakdancer@ZombieTypes)"},
        {"Row": "5", "Type": "RTID(future_jetpack_disco@ZombieTypes)"},
        {"Type": "RTID(tutorial_gargantuar@ZombieTypes)"},
        {"Type": "RTID(valentines_seagull@ZombieTypes)"},
        {"Type": "RTID(future_armor2@ZombieTypes)"},
        {"Type": "RTID(steam_furnace@ZombieTypes)"}
    ]
}},

{"aliases":["Wave17"],
"objclass": "SpawnZombiesJitteredWaveActionProps",
"objdata":{
    "AdditionalPlantfood": 0,
    "Zombies": [
        {"Row": "3", "Type": "RTID(zmech_template_1@ZombieTypes)"}
    ]
}},

{"aliases":["Wave18"],
"objclass": "SpawnZombiesJitteredWaveActionProps",
"objdata":{
    "AdditionalPlantfood": 0,
    "Zombies": [
        {"Type": "RTID(stpatrick_ballista@ZombieTypes)"},
        {"Type": "RTID(tutorial_armor2@ZombieTypes)"},
        {"Type": "RTID(tutorial_armor1@ZombieTypes)"},
        {"Type": "RTID(stpatrick_ballista@ZombieTypes)"},
        {"Type": "RTID(tutorial_armor1@ZombieTypes)"}
    ]
}},

{"aliases":["Wave19"],
"objclass": "SpawnZombiesJitteredWaveActionProps",
"objdata":{
    "AdditionalPlantfood": 0,
    "Zombies": [
        {"Type": "RTID(modern_allstar@ZombieTypes)"},
        {"Type": "RTID(eighties_boombox_8bit@ZombieTypes)"},
        {"Type": "RTID(dino_pterry@ZombieTypes)"},
        {"Type": "RTID(eighties_boombox_8bit@ZombieTypes)"},
        {"Type": "RTID(iceage_chief@ZombieTypes)"}
    ]
}},

{"aliases":["Wave20"],
"objclass": "SpawnZombiesJitteredWaveActionProps",
"objdata":{
    "AdditionalPlantfood": 1,
    "Zombies": [
        {"Type": "RTID(dino_pterry@ZombieTypes)"},
        {"Type": "RTID(tutorial_armor2@ZombieTypes)"},
        {"Type": "RTID(tutorial_armor2@ZombieTypes)"},
        {"Type": "RTID(halloween_breakdancer@ZombieTypes)"},
        {"Type": "RTID(halloween_breakdancer@ZombieTypes)"}
    ]
}},

{"aliases":["Wave21"],
"objclass": "SpawnZombiesJitteredWaveActionProps",
"objdata":{
    "AdditionalPlantfood": 0,
    "Zombies": [
        {"Type": "RTID(future_jetpack_disco@ZombieTypes)"},
        {"Type": "RTID(future_jetpack_disco@ZombieTypes)"},
        {"Type": "RTID(future_jetpack_disco@ZombieTypes)"},
        {"Type": "RTID(future_armor2@ZombieTypes)"},
        {"Type": "RTID(future_armor2@ZombieTypes)"}
    ]
}},

{"aliases":["Wave22"],
"objclass": "SpawnZombiesJitteredWaveActionProps",
"objdata":{
    "AdditionalPlantfood": 0,
    "Zombies": [
        {"Type": "RTID(modern_newspaper@ZombieTypes)"},
        {"Type": "RTID(tutorial_balloon@ZombieTypes)"},
        {"Type": "RTID(tutorial_balloon@ZombieTypes)"},
        {"Type": "RTID(modern_allstar@ZombieTypes)"},
        {"Type": "RTID(modern_newspaper@ZombieTypes)"},
        {"Type": "RTID(iceage_chief@ZombieTypes)"},
        {"Type": "RTID(iceage_chief@ZombieTypes)"},
        {"Type": "RTID(tutorial_armor2@ZombieTypes)"}
    ]
}},

{"aliases":["Wave23"],
"objclass": "SpawnZombiesJitteredWaveActionProps",
"objdata":{
    "AdditionalPlantfood": 0,
    "Zombies": [
        {"Type": "RTID(valentines_seagull@ZombieTypes)"},
        {"Type": "RTID(tutorial_gargantuar@ZombieTypes)"},
        {"Type": "RTID(dino_pterry@ZombieTypes)"},
        {"Type": "RTID(zcorp_racer_chair@ZombieTypes)"},
        {"Type": "RTID(modern_allstar@ZombieTypes)"},
        {"Type": "RTID(zcorp_racer_chair@ZombieTypes)"},
        {"Type": "RTID(zcorp_racer_chair@ZombieTypes)"}
    ]
}},

{"aliases":["Wave24"],
"objclass": "SpawnZombiesJitteredWaveActionProps",
"objdata":{
    "AdditionalPlantfood": 0,
    "Zombies": [
        {"Row": "3", "Type": "RTID(future_armor2@ZombieTypes)"},
        {"Row": "2", "Type": "RTID(future_jetpack_disco@ZombieTypes)"},
        {"Row": "1", "Type": "RTID(halloween_breakdancer@ZombieTypes)"},
        {"Row": "4", "Type": "RTID(future_jetpack_disco@ZombieTypes)"},
        {"Type": "RTID(stpatrick_ballista@ZombieTypes)"},
        {"Type": "RTID(stpatrick_ballista@ZombieTypes)"},
        {"Type": "RTID(tutorial_gargantuar@ZombieTypes)"},
        {"Type": "RTID(eighties_boombox_8bit@ZombieTypes)"},
        {"Type": "RTID(tutorial_armor2@ZombieTypes)"},
        {"Type": "RTID(tutorial@ZombieTypes)"}
    ]
}},
{"aliases":["jam_8bit"],"objclass": "SpawnZombiesJitteredWaveActionProps","objdata": {"NotificationEvents": ["jam_8bit"]}},
{
            "aliases": [
                "ZmechTemplate1Props"
            ],
            "objclass": "ZombieGeneralZmechProps",
            "objdata": {
                "Actions": [
                    "RTID(ZombieGeneralZmechWalkOn@.)",
                    "RTID(ZombieGeneralZmechIdle@.)",
                    "RTID(ZombieGeneralZmechOrbitalStrikePhase1Action@.)",
                    "RTID(ZombieGeneralZmechSpiderRainPhase1Action@.)",
                    "RTID(ZombieGeneralZmechJetpackSummonPhaseAction@.)",
                    "RTID(ZombieGeneralZmechTeleportPhase1Action@.)",
                    "RTID(ZombieGeneralZmechStun@.)",
                    "RTID(ZombieGeneralZmechWalkOff@.)",
                    "RTID(ZombieGeneralZmechRetreatInjured@.)"
                ],
                "LifetimeSeconds": 999999999999,
                "GeneralPhase": 0,
                "ScoreOverride": 75000,
                "StreetSize": {
                    "x": 3,
                    "y": 2
                },
                "ArtCenter": {
                    "x": 90,
                    "y": 137
                },
                "ShadowOffset": {
                    "x": 10,
                    "y": 0,
                    "z": 1.2
                },
                "AttackRect": {
                    "mHeight": 95,
                    "mWidth": 82,
                    "mX": 10,
                    "mY": 0
                },
                "HitRect": {
                    "mHeight": 95,
                    "mWidth": 62,
                    "mX": 10,
                    "mY": 10
                },
                "CrosshairAnimation": "missile_lock_reticle",
                "CrosshairPopAnim": "POPANIM_EFFECTS_ZOMBOSS_MISSILE_EXPLOSION_FUTURE",
                "FoeEatDamageReflectPct": 0.5,
                "RocketAnimation": "missile",
                "RocketExplosionAnimation": "missile_explosion",
                "CraterLifetime": 5,
                "StunTime": 2,
                "CollideHypnotizedZombies": "burn",
                "CanSpawnPlantFood": false,
                "Cost": 150,
                "EatDPS": 100,
                "GroundTrackName": "ground_swatch",
                "Hitpoints": 25000,
                "ScaledProps": [
                    {
                        "Arg1": 1.3,
                        "Arg2": 0.05,
                        "Formula": "standard",
                        "Key": "Hitpoints"
                    },
                    {
                        "Formula": "constant",
                        "Key": "Speed"
                    }
                ],
                "Speed": 0.5,
                "WavePointCost": 900,
                "Weight": 3500,
                "ZombieStats": [
                    {
                        "Type": "toughness",
                        "Value": "toughness5"
                    },
                    {
                        "Type": "speed",
                        "Value": "speed0"
                    }
                ]
            }
        },
{
            "objclass": "ZombiePlayAnimationActionDefinition",
            "aliases": [
                "ZombieGeneralZmechIdle"
            ],
            "objdata": {
                "Weight": 1,
                "RepeatMin": 0,
                "RepeatMax": 0,
                "Phase": "Attacking",
                "AnimationToPlay": "idle",
                "CanPickAgain": "true"
            }
        },
{
            "objclass": "ZombieWalkActionDefinition",
            "aliases": [
                "ZombieGeneralZmechWalkOn"
            ],
            "objdata": {
                "Weight": 1,
                "RepeatMin": 0,
                "RepeatMax": 0,
                "Phase": "Entering",
                "PhaseAfter": "Attacking",
                "SoundOnStart": "Play_Zomb_Commander_ZMech_Imp_Walk",
                "StopAtColumn": 6,
                "TransitionAtStart": false,
                "TransitionAnimation": "landing",
                "HasTransition": true
            }
        },
        {
            "objclass": "ZombieWalkActionDefinition",
            "aliases": [
                "ZombieGeneralZmechWalkOff"
            ],
            "objdata": {
                "Weight": 1,
                "RepeatMin": 0,
                "RepeatMax": 0,
                "WalkBackwards": true,
                "TransitionAtStart": true,
                "TransitionAnimation": "end_phase_timeout",
                "Phase": "Retreat",
                "PhaseAfter": "Attacking",
                "HasTransition": true
            }
        },
        {
            "objclass": "ZombiePlayAnimationActionDefinition",
            "aliases": [
                "ZombieGeneralZmechRetreatInjured"
            ],
            "objdata": {
                "Weight": 1,
                "RepeatMin": 0,
                "RepeatMax": 0,
                "Phase": "Dying",
                "PhaseAfter": "Destroy",
                "AnimationToPlay": "end_phase_damaged"
            }
        },
        {
            "objclass": "ZombieStunActionDefinition",
            "aliases": [
                "ZombieGeneralZmechStun"
            ],
            "objdata": {
                "Weight": 1,
                "RepeatMin": 0,
                "RepeatMax": 0,
                "Phase": "Stunned",
                "PhaseAfter": "Attacking",
                "StartingAnimation": "stun_start",
                "LoopingAnimation": "stun_loop",
                "EndingAnimation": "stun_end"
            }
        },
{
            "objclass": "ZombieDropZombiesOnBoardActionDefinition",
            "aliases": [
                "ZombieGeneralZmechSpiderRainPhase1Action"
            ],
            "objdata": {
                "Weight": 15,
                "RepeatMin": 0,
                "RepeatMax": 1,
                "ColumnEnd": "7",
                "ColumnStart": "5",
                "MinSpawn": "5",
                "MaxSpawn": "7",
                "ZombieNames": [
                    "tutorial_imp"
                ],
                "ZombieWeights": [
                    100
                ],
                "TimeBeforeSpawn": 1.5,
                "ZombieFallTime": 0.5,
                "Phase": "Attacking",
                "RampUpAnimation": "summon_spiderbot_start",
                "LoopingAnimation": "summon_spiderbot_loop",
                "RampDownAnimation": "summon_spiderbot_end",
                "EffectTypeToShow": ""
            }
        },
{
            "objclass": "ZombieDropZombiesOnBoardActionDefinition",
            "aliases": [
                "ZombieGeneralZmechJetpackSummonPhaseAction"
            ],
            "objdata": {
                "Weight": 15,
                "RepeatMin": 0,
                "RepeatMax": 0,
                "ColumnEnd": "0",
                "ColumnStart": "0",
                "MinSpawn": "2",
                "MaxSpawn": "4",
                "CenterOnInstigator": true,
                "ZombieNames": [
                    "magician_template_1"
                ],
                "ZombieWeights": [
                    100
                ],
                "TimeBeforeSpawn": 1.5,
                "ZombieFallTime": 1.5,
                "Phase": "Attacking",
                "RampUpAnimation": "summon_disco_start",
                "LoopingAnimation": "summon_disco_loop",
                "RampDownAnimation": "summon_disco_end",
                "EffectTypeToShow": ""
            }
        },
{
            "objclass": "ZombieOrbitalStrikeActionDefinition",
            "aliases": [
                "ZombieGeneralZmechOrbitalStrikePhase1Action"
            ],
            "objdata": {
                "Weight": 25,
                "RepeatMin": 0,
                "RepeatMax": 0,
                "FireMinColumn": 0,
                "FireMaxColumn": 5,
                "FireRowRange": 5,
                "FireTargetTilesWeight": 0,
                "FireTargetPlantWeight": 1,
                "FireTargetEmptyWeight": 1,
                "FireRocketHitTime": 0.75,
                "FireRocketSpeed": 500,
                "FireRocketDropSound": "Play_Zomb_Egypt_Zomboss_Attack_Projectile_Impact_Whistle",
                "FireRocketCount": {
                    "Min": 1,
                    "Max": 2
                },
                "Phase": "Attacking",
                "NoRepeatTargets": true
            }
        },
  {
            "objclass": "ZombieTeleportActionDefinition",
            "aliases": [
                "ZombieGeneralZmechTeleportPhase1Action"
            ],
            "objdata": {
                "Weight": 20,
                "RepeatMin": 0,
                "RepeatMax": 3,
                "NumZombies": 2,
                "TilesToAdvance": 2,
                "WeightLeftmost": 5,
                "WeightRightmost": 35,
                "WeightRandom": 50,
                "TimeBeforeWarpStart": 0.1,
                "TimeOfWarpOut": 1.5,
                "TimeZombieIsGone": 0,
                "TimeOfWarpIn": 1.5,
                "Phase": "Attacking",
                "ColumnMin": 5,
                "DelayWarpIn": false,
                "RampUpAnimation": "teleport_start",
                "LoopingAnimation": "teleport_loop",
                "RampDownAnimation": "teleport_end",
                "NoRepeatTargets": true,
                "ConditionsRemovedByWarping": [
                    "gummed"
                ]
            }
        },
{
            "aliases": [
                "MagicianTemplate1Props"
            ],
            "objclass": "ZombieCarnieMagicianProps",
            "objdata": {
                "Actions": [
                    "RTID(ZombieGeneralZmechJetpackSummonPhase1Action@CurrentLevel)"
                ],
                "TeleportOtherStartTime": 10,
                "TeleportSelfStartTime": 999999,
                "DoveSpawnStartTime": 9999999,
                "TimeBetweenTeleportOther": 10,
                "TimeBetweenTeleportSelf": 20,
                "TimeBetweenDoveSpawn": 23,
                "TeleportationFailPercentage": 5,
                "ImmuneToPlantRestrictionSet": {
                    "List": [
                        "thymewarp",
                        "caulipower",
                        "imppear",
                        "hocus",
                        "witchhazel",
                        "hypnoshroom",
                        "shrinkingviolet",
                        "solarsage",
                        "sporeshroom"
                    ],
                    "ListType": "excludelist"
                },
                "StreetSize": {
                    "x": 3,
                    "y": 2
                },
                "ArtCenter": {
                    "x": 90,
                    "y": 125
                },
                "ShadowOffset": {
                    "x": 10,
                    "y": 0,
                    "z": 1.2
                },
                "AttackRect": {
                    "mHeight": 95,
                    "mWidth": 62,
                    "mX": 10,
                    "mY": 0
                },
                "HitRect": {
                    "mHeight": 95,
                    "mWidth": 62,
                    "mX": 10,
                    "mY": 10
                },
                "CanSpawnPlantFood": true,
                "Cost": 150,
                "EatDPS": 100,
                "GroundTrackName": "ground_swatch",
                "Hitpoints": 1250,
                "ScaledProps": [
                    {
                        "Arg1": 1.3,
                        "Arg2": 0.05,
                        "Formula": "standard",
                        "Key": "Hitpoints"
                    },
                    {
                        "Formula": "constant",
                        "Key": "Speed"
                    }
                ],
                "Speed": 0.15,
                "WavePointCost": 900,
                "Weight": 3500,
                "ZombieStats": [
                    {
                        "Type": "toughness",
                        "Value": "toughness5"
                    },
                    {
                        "Type": "speed",
                        "Value": "speed0"
                    }
                ]
            }
        },
{
            "objclass": "ZombieDropZombiesOnBoardActionDefinition",
            "aliases": [
                "ZombieGeneralZmechJetpackSummonPhase1Action"
            ],
            "objdata": {
                "Weight": 0,
                "RepeatMin": 0,
                "RepeatMax": 0,
                "ColumnEnd": "0",
                "ColumnStart": "0",
                "MinSpawn": "4",
                "MaxSpawn": "4",
                "CenterOnInstigator": true,
                "ZombieNames": [
                    "eighties"

                ],
                "ZombieWeights": [
                    25
                ],
                "TimeBeforeSpawn": 1.5,
                "ZombieFallTime": 1.0,
                "Phase": "Attacking",
                "RiseFromGround": "true",
                "RampUpAnimation": "die",
                "LoopingAnimation": "idle",
                "RampDownAnimation": "walk",
                "EffectTypeToShow": ""
            }},
{
            "objclass": "ZombieType",
            "aliases": [
                "ft_ghost"
            ],
            "objdata": {
                "TypeName": "caketank",
                "ZombieClass": "ZombieCakeTank",
                "Properties": "RTID(YoshiWasHere@CurrentLevel)",
                "ResourceGroups": [
                    "ZombieCakeTankGroup",
"ZombieEightiesBreakDancerGroup"
                ],
                "AudioGroups": [
                    "ZombieSteamGentlemanAudio"
                ],
                "AnimRigClass": "ZombieAnimRig_CakeTank",
                "PopAnim": "POPANIM_ZOMBIE_ZOMBIE_80S_BREAKDANCER",
                "HomeWorld": "tutorial",
                "Placeable": true
            }
        },
{
            "aliases": [
                "YoshiWasHere"
            ],
            "objclass": "ZombieCakeTankProps",
            "objdata": {
                "Actions": [
                    "RTID(ZombieGeneralWalkOn@ZombieActions)",
                    "RTID(ZombieGeneralIdle@ZombieActions)",
                    "RTID(ZombieGeneralDying@ZombieActions)",
                    "RTID(ZombieCakeTankDamageReact1Action@CurrentLevel)"
                   ], 
                "LifetimeSeconds": 9999999999,
                "GeneralPhase": 0,
                "ScoreOverride": 100000,
                "ArtCenter": {
                    "x": 90,
                    "y": 120
                },
                "ShadowOffset": {
                    "x": 10,
                    "y": 0,
                    "z": 1.2
                },
                "AttackRect": {
                    "mHeight": 95,
                    "mWidth": 110,
                    "mX": 0,
                    "mY": 0
                },
                "HitRect": {
                    "mHeight": 95,
                    "mWidth": 110,
                    "mX": 0,
                    "mY": 10
                },
                "CrosshairAnimation": "missile_lock_reticle",
                "CrosshairPopAnim": "POPANIM_EFFECTS_ZOMBOSS_MISSILE_EXPLOSION_FUTURE",
                "FoeEatDamageReflectPct": 0.5,
                "RocketAnimation": "missile",
                "RocketExplosionAnimation": "missile_explosion",
                "CraterLifetime": 5,
                "CanSpawnPlantFood": true,
                "Cost": 150,
                "EatDPS": 100,
                "GroundTrackName": "ground_swatch",
                "Hitpoints": 550,
                "ScaledProps": [
                    {
                        "Arg1": 1.3,
                        "Arg2": 0.05,
                        "Formula": "standard",
                        "Key": "Hitpoints"
                    },
                    {
                        "Formula": "constant",
                        "Key": "Speed"
                    }
                ],
                "CustomDamageSteps": [
                    {
                        "MaxDamagePercent": 1
                    },
                    {
                        "MaxDamagePercent": 0,
                        "ActionOnStart": "RTID(ZombieCakeTankDamageReact1Action@CurrentLevel)"
                    }
                ],
                "CollideHypnotizedZombies": "ignore",
                "Speed": 0.5,
                "WavePointCost": 900,
                "Weight": 3500,
                "ZombieStats": [
                    {
                        "Type": "toughness",
                        "Value": "toughness5"
                    },
                    {
                        "Type": "speed",
                        "Value": "speed0"
                    }
                ]
            }
        },
{
            "objclass": "ZombieDropActionDefinition",
            "aliases": [
                "ZombieCakeTankDamageReact1Action"
            ],
            "objdata": {
                "Weight": 1,
                "RepeatMin": 0,
                "RepeatMax": 0,
                "Phase": "None",
                "PhaseAfter": "Dying",
                "Invulnerable": "true",
                "Animation": "IDLE",
                "AwardDrop": "RTID(SpookyMonth@CurrentLevel)",
                "EffectPam": "",
                "EffectAnim": "break_power_tier4",
                "EffectOffsetX": 30,
                "EffectOffsetY": -90
            }
        },
 {
            "objclass": "ZombieDropProps",
            "aliases": [
                "SpookyMonth"
            ],
            "objdata": {
                "Zombies": [
                    {
                        "Type": "halloween_breakdancer",
                        "Hypnotized": false,
                        "TossGridXDelta": -1.25,
                                                "TossGridYDelta": 0,
                                                "SpawnGridXDelta": -1.25,
                                                "SpawnGridYDelta": 0,
                                                "SpawnGridZDelta": 2.5,
                                                "TossDuration": 2.0,
                                                "TossApexHeight": 200
                    }
                ]
            }
        },
{
            "objclass": "ZombiePlayAnimationActionDefinition",
            "aliases": [
                "ZombieGeneralDying"
            ],
            "objdata": {
                "Weight": 1,
                "RepeatMin": 0,
                "RepeatMax": 0,
                "Phase": "Dying",
                "PhaseAfter": "Destroy",
                "AnimationToPlay": "die"
            }
        },
{
            "objclass": "ZombieType",
            "aliases": [
                "ztech_teleporter"
            ],
            "objdata": {
                "TypeName": "carnie_magician",
                "ZombieClass": "ZombieCarnieMagician",
                "Properties": "RTID(ZombieCarnieMagician@.)",
                "ResourceGroups": [
                    "ZombieCarnieDoveGroup",
                    "ZombieWestChickenGroup",
                    "ZombieCarnieMagicianGroup",
                    "ZombieZmechTeleportGroup",
"ZombieFutureBasicGroup"
                ],
                "Comment": " Need to be updated after art integration",
                "AudioGroups": [
                    "ZombieCarnieMagicianAudio"
                ],
                "AnimRigClass": "ZombieAnimRig_FutureBasic",
                "PopAnim": "POPANIM_ZOMBIE_ZOMBIE_FUTURE_BASIC_BRICK",
                "HomeWorld": "rift2",
                "AlmanacBackdropName": "warp",
                "Placeable": true
            }
        },
{
            "aliases": [
                "ZombieCarnieMagician"
            ],
            "objclass": "ZombieCarnieMagicianProps",
            "objdata": {
                "Actions": [
                    "RTID(ZombieCarnieMagicianTeleportActionOther@CurrentLevel)",
                    "RTID(ZombieCarnieMagicianTeleportActionSelf@CurrentLevel)",
                    "RTID(ZombieCarnieMagicianSpawnDove@ZombieActions)"
                ],
                "TeleportOtherStartTime": 999999999999999,
                "TeleportSelfStartTime": 15,
                "DoveSpawnStartTime": 99999999999999999999,
                "TimeBetweenTeleportOther": 9999999999999999,
                "TimeBetweenTeleportSelf": 99999999999999999,
                "TimeBetweenDoveSpawn": 99999999999,
                
                "ImmuneToPlantRestrictionSet": {
                    "List": [
                        "thymewarp",
                        "caulipower",
                        "imppear",
                        "hocus",
                        "witchhazel",
                        "hypnoshroom",
                        "shrinkingviolet",
                        "solarsage",
                        "sporeshroom"
                    ],
                    "ListType": "excludelist"
                },
                "StreetSize": {
                    "x": 3,
                    "y": 2
                },
                "ArtCenter": {
                    "x": 90,
                    "y": 125
                },
                "ShadowOffset": {
                    "x": 10,
                    "y": 0,
                    "z": 1.2
                },
                "AttackRect": {
                    "mHeight": 95,
                    "mWidth": 62,
                    "mX": 10,
                    "mY": 0
                },
                "HitRect": {
                    "mHeight": 95,
                    "mWidth": 62,
                    "mX": 10,
                    "mY": 10
                },
                "CanSpawnPlantFood": true,
                "Cost": 150,
                "EatDPS": 100,
                "GroundTrackName": "ground_swatch",
                "Hitpoints": 400,
                "ScaledProps": [
                    {
                        "Arg1": 1.3,
                        "Arg2": 0.05,
                        "Formula": "standard",
                        "Key": "Hitpoints"
                    },
                    {
                        "Formula": "constant",
                        "Key": "Speed"
                    }
                ],
                "Speed": 0.5,
                "WavePointCost": 900,
                "Weight": 3500,
"ZombieArmorProps": [
                      "RTID(RedYoshiArmor@CurrentLevel)"    
                ],

                "ZombieStats": [
                    {
                        "Type": "toughness",
                        "Value": "toughness5"
                    },
                    {
                        "Type": "speed",
                        "Value": "speed0"
                    }
                ]
            }
        },
{
            "objclass": "ZombieTeleportActionDefinition",
            "aliases": [
                "ZombieCarnieMagicianTeleportActionOther"
            ],
            "objdata": {
                "NumZombies": 1,
                "TilesToAdvance": 2.0,
                "WeightLeftmost": 20,
                "WeightRightmost": 35,
                "WeightRandom": 10,
                "TimeBeforeWarpStart": 0.0,
                "TimeOfWarpOut": 0,
                "TimeZombieIsGone": 0.5,
                "TimeOfWarpIn": 1,
                "Phase": "Attacking",
                "ColumnMin": 4,
                "DelayWarpIn": true,
                "RampUpAnimation": "walk",
                "LoopingAnimation": "",
                "RampDownAnimation": "idle",
                "AnimationSoundFX": "Play_Zomb_Carnival_Magician_Teleport",
                "NoRepeatTargets": true,
                "DoOnlySelfTeleport": false,
                "IgnoreSelfWhileTeleportingOther": true,
                "CanShiftLane": true,
                
                "comment": "Random number between 0 and 'MaxRowShift' is choosen to shift zombies to other lanes",
                "MaxRowShift": 3,
                "ShouldAshOnTeleportError": true,
                "ConditionsRemovedByWarping": [
                    "gummed"
                ],
                "ZombieTargetExcludeList": {
                    "ListType": "excludelist",
                    "List": [
                        "ZombieRomanShield",
                        "ZombieRomanTopShield",
                        "ZombieCamel",
                        "ZombieGargantuar",
                        "ZombieGeneralBase",
                        "ZombieZombossMech",
                        "ZombieCarnieCannon",
                        "ZombiePirateCannon",
                        "ZombieRomanBallista",
                        "ZombieBullVeteran",
                        "ZombieBull",
                        "ZombieTreasureYeti",
                        "ZombieCarnieDove",
                        "ZombiePirateParrot",
                        "ZombieBeachFisherman",
                        "ZombieZcorpRacerProps",
                        "ZombieZCorpConsultant",
                        "ZombieDarkKing"
                    ]
                }
            }
        },
        {
            "objclass": "ZombieTeleportActionDefinition",
            "aliases": [
                "ZombieCarnieMagicianTeleportActionSelf"
            ],
            "objdata": {
                "NumZombies": 1,
                "TilesToAdvance": 2.0,
                "WeightLeftmost": 50,
                "WeightRightmost": 50,
                "WeightRandom": 50,
                "TimeBeforeWarpStart": 0.0,
                "TimeOfWarpOut": 0,
                "TimeZombieIsGone": 0.5,
                "TimeOfWarpIn": 1,
                "Phase": "Attacking",
                "ColumnMin": 4,
                "DelayWarpIn": false,
                "RampUpAnimation": "idle",
                "LoopingAnimation": "",
                "RampDownAnimation": "idle",
                "AnimationSoundFX": "Play_Zomb_Carnival_Magician_Teleport",
                "NoRepeatTargets": true,
                "DoOnlySelfTeleport": true,
                "IgnoreSelfWhileTeleportingOther": false,
                "CanShiftLane": true,
                "comment": "Random number between 0 and 'MaxRowShift' is chosen to shift zombies to other lanes",
                "MaxRowShift": 3,
                "ShouldAshOnTeleportError": true,
                "ConditionsRemovedByWarping": [
                    "gummed"
                ]
            }
        },
{
            "objclass": "ArmorPropertySheet",
            "aliases": [
                "RedYoshiArmor"
            ],
            "objdata": {
                "ArmorType": "Bucket",
                "BaseHealth": 800.0,
                "ArmorFlags": [
                    "damageable",
                    "droppable",
                    "helm",
"metallic"
                ],
                "ArmorLayers": [
                    "zombie_armor_bucket_norm",
                    "zombie_armor_bucket_damage_01",
                    "zombie_armor_bucket_damage_02"
                ],
                "ArmorLayerHealth": [
                    0.666,
                    0.333
                ],
                "ImpactSoundEvent": "Play_impact_shieldhit"
            }
        },
{
            "objclass": "ZombieType",
            "aliases": [
                "disco_zombie"
            ],
            "objdata": {
                "TypeName": "future_jetpack_disco",
                "ZombieClass": "ZombieCarnieMagician",
                "Properties": "RTID(ZombieDisco@CurrentLevel)",
                 "ResourceGroups": [
                "ZombieFutureMechDiscoGroup"

                ],
                "AudioGroups": [
                    "ZombieFutureJetpackAudio"
                ],
                "AnimRigClass": "ZombieAnimRig_FutureJetpack",
                "PopAnim": "POPANIM_ZOMBIE_ZOMBIE_FUTURE_JETPACK",
                "HomeWorld": "future",
                "Placeable": true
            }
        },
{
            "aliases": [
                "ZombieDisco"
            ],
            "objclass": "ZombieCarnieMagicianProps",
            "objdata": {
                "Actions": [
                    "RTID(ZombieGeneralZmechJetpackSummonPhase1Action@CurrentLevel)"
                ],
                "TeleportOtherStartTime": 10,
                "TeleportSelfStartTime": 999999,
                "DoveSpawnStartTime": 9999999,
                "TimeBetweenTeleportOther": 10,
                "TimeBetweenTeleportSelf": 20,
                "TimeBetweenDoveSpawn": 23,
                "TeleportationFailPercentage": 5,
                "ImmuneToPlantRestrictionSet": {
                    "List": [
                        "thymewarp",
                        "caulipower",
                        "imppear",
                        "hocus",
                        "witchhazel",
                        "hypnoshroom",
                        "shrinkingviolet",
                        "solarsage",
                        "sporeshroom"
                    ],
                    "ListType": "excludelist"
                },
                "StreetSize": {
                    "x": 3,
                    "y": 2
                },
                "ArtCenter": {
                    "x": 90,
                    "y": 125
                },
                "ShadowOffset": {
                    "x": 10,
                    "y": 0,
                    "z": 1.2
                },
                "AttackRect": {
                    "mHeight": 95,
                    "mWidth": 62,
                    "mX": 10,
                    "mY": 0
                },
                "HitRect": {
                    "mHeight": 95,
                    "mWidth": 62,
                    "mX": 10,
                    "mY": 10
                },
                "CanSpawnPlantFood": true,
                "Cost": 150,
                "EatDPS": 100,
                "GroundTrackName": "ground_swatch",
                "Hitpoints": 1250,
                "ScaledProps": [
                    {
                        "Arg1": 1.3,
                        "Arg2": 0.05,
                        "Formula": "standard",
                        "Key": "Hitpoints"
                    },
                    {
                        "Formula": "constant",
                        "Key": "Speed"
                    }
                ],
                "Speed": 0.15,
                "WavePointCost": 900,
                "Weight": 3500,
                "ZombieStats": [
                    {
                        "Type": "toughness",
                        "Value": "toughness5"
                    },
                    {
                        "Type": "speed",
                        "Value": "speed0"
                    }
                ]
            }
        },
{
            "objclass": "ZombieDropZombiesOnBoardActionDefinition",
            "aliases": [
                "ZombieGeneralZmechJetpackSummonPhase1Action"
            ],
            "objdata": {
                "Weight": 0,
                "RepeatMin": 0,
                "RepeatMax": 0,
                "ColumnEnd": "0",
                "ColumnStart": "0",
                "MinSpawn": "4",
                "MaxSpawn": "4",
                "CenterOnInstigator": true,
                "ZombieNames": [
                    "eighties"

                ],
                "ZombieWeights": [
                    25
                ],
                "TimeBeforeSpawn": 1.5,
                "ZombieFallTime": 1.0,
                "Phase": "Attacking",
                "RiseFromGround": "true",
                "RampUpAnimation": "fly_up",
                "LoopingAnimation": "idle",
                "RampDownAnimation": "walk",
                "EffectTypeToShow": ""
            }},
        {}
    ],
    "version": 1
}